time	umeeg101_rel_ROI1_FC1	umeeg101_rel_ROI1_Cz	umeeg101_rel_ROI1_FC2	umeeg101_rel_ROI2_CP1	umeeg101_rel_ROI2_Pz	umeeg101_rel_ROI2_CP2	umeeg101_irr_ROI1_FC1	umeeg101_irr_ROI1_Cz	umeeg101_irr_ROI1_FC2	umeeg101_irr_ROI2_CP1	umeeg101_irr_ROI2_Pz	umeeg101_irr_ROI2_CP2	umeeg101_odd_ROI1_FC1	umeeg101_odd_ROI1_Cz	umeeg101_odd_ROI1_FC2	umeeg101_odd_ROI2_CP1	umeeg101_odd_ROI2_Pz	umeeg101_odd_ROI2_CP2	umeeg102_rel_ROI1_FC1	umeeg102_rel_ROI1_Cz	umeeg102_rel_ROI1_FC2	umeeg102_rel_ROI2_CP1	umeeg102_rel_ROI2_Pz	umeeg102_rel_ROI2_CP2	umeeg102_irr_ROI1_FC1	umeeg102_irr_ROI1_Cz	umeeg102_irr_ROI1_FC2	umeeg102_irr_ROI2_CP1	umeeg102_irr_ROI2_Pz	umeeg102_irr_ROI2_CP2	umeeg102_odd_ROI1_FC1	umeeg102_odd_ROI1_Cz	umeeg102_odd_ROI1_FC2	umeeg102_odd_ROI2_CP1	umeeg102_odd_ROI2_Pz	umeeg102_odd_ROI2_CP2	umeeg103_rel_ROI1_FC1	umeeg103_rel_ROI1_Cz	umeeg103_rel_ROI1_FC2	umeeg103_rel_ROI2_CP1	umeeg103_rel_ROI2_Pz	umeeg103_rel_ROI2_CP2	umeeg103_irr_ROI1_FC1	umeeg103_irr_ROI1_Cz	umeeg103_irr_ROI1_FC2	umeeg103_irr_ROI2_CP1	umeeg103_irr_ROI2_Pz	umeeg103_irr_ROI2_CP2	umeeg103_odd_ROI1_FC1	umeeg103_odd_ROI1_Cz	umeeg103_odd_ROI1_FC2	umeeg103_odd_ROI2_CP1	umeeg103_odd_ROI2_Pz	umeeg103_odd_ROI2_CP2	umeeg104_rel_ROI1_FC1	umeeg104_rel_ROI1_Cz	umeeg104_rel_ROI1_FC2	umeeg104_rel_ROI2_CP1	umeeg104_rel_ROI2_Pz	umeeg104_rel_ROI2_CP2	umeeg104_irr_ROI1_FC1	umeeg104_irr_ROI1_Cz	umeeg104_irr_ROI1_FC2	umeeg104_irr_ROI2_CP1	umeeg104_irr_ROI2_Pz	umeeg104_irr_ROI2_CP2	umeeg104_odd_ROI1_FC1	umeeg104_odd_ROI1_Cz	umeeg104_odd_ROI1_FC2	umeeg104_odd_ROI2_CP1	umeeg104_odd_ROI2_Pz	umeeg104_odd_ROI2_CP2	umeeg105_rel_ROI1_FC1	umeeg105_rel_ROI1_Cz	umeeg105_rel_ROI1_FC2	umeeg105_rel_ROI2_CP1	umeeg105_rel_ROI2_Pz	umeeg105_rel_ROI2_CP2	umeeg105_irr_ROI1_FC1	umeeg105_irr_ROI1_Cz	umeeg105_irr_ROI1_FC2	umeeg105_irr_ROI2_CP1	umeeg105_irr_ROI2_Pz	umeeg105_irr_ROI2_CP2	umeeg105_odd_ROI1_FC1	umeeg105_odd_ROI1_Cz	umeeg105_odd_ROI1_FC2	umeeg105_odd_ROI2_CP1	umeeg105_odd_ROI2_Pz	umeeg105_odd_ROI2_CP2	umeeg106_rel_ROI1_FC1	umeeg106_rel_ROI1_Cz	umeeg106_rel_ROI1_FC2	umeeg106_rel_ROI2_CP1	umeeg106_rel_ROI2_Pz	umeeg106_rel_ROI2_CP2	umeeg106_irr_ROI1_FC1	umeeg106_irr_ROI1_Cz	umeeg106_irr_ROI1_FC2	umeeg106_irr_ROI2_CP1	umeeg106_irr_ROI2_Pz	umeeg106_irr_ROI2_CP2	umeeg106_odd_ROI1_FC1	umeeg106_odd_ROI1_Cz	umeeg106_odd_ROI1_FC2	umeeg106_odd_ROI2_CP1	umeeg106_odd_ROI2_Pz	umeeg106_odd_ROI2_CP2	umeeg107_rel_ROI1_FC1	umeeg107_rel_ROI1_Cz	umeeg107_rel_ROI1_FC2	umeeg107_rel_ROI2_CP1	umeeg107_rel_ROI2_Pz	umeeg107_rel_ROI2_CP2	umeeg107_irr_ROI1_FC1	umeeg107_irr_ROI1_Cz	umeeg107_irr_ROI1_FC2	umeeg107_irr_ROI2_CP1	umeeg107_irr_ROI2_Pz	umeeg107_irr_ROI2_CP2	umeeg107_odd_ROI1_FC1	umeeg107_odd_ROI1_Cz	umeeg107_odd_ROI1_FC2	umeeg107_odd_ROI2_CP1	umeeg107_odd_ROI2_Pz	umeeg107_odd_ROI2_CP2
-199.21875	-0.02239976	-0.1553852	-0.1684579	-0.1817473	-0.2450098	-0.1938744	0.1910983	0.2146327	0.1924305	0.1139864	0.1023374	0.09506803	-0.760463	-0.7895453	-0.6375352	-0.8279154	-0.7043512	-0.5918292	-0.7123702	-0.933714	-0.5373743	-0.8144967	-0.2283264	-0.3824732	-0.5401368	-0.5918474	-0.4228253	-0.5204429	-0.06116165	-0.3419373	-1.286844	-1.000228	-1.393302	-0.136872	0.6318538	-0.1796489	0.4978363	0.307679	0.2734338	0.2239617	-0.04791612	0.08571744	0.4103477	0.2756784	0.3174548	0.07005703	-0.0985058	0.05582744	0.8637995	0.7773808	0.8190902	0.7160602	0.728093	0.7226756	-0.2277592	-0.1499252	-0.2385286	0.2195162	0.3299991	0.02959317	-0.2329032	-0.1678569	-0.1042716	-0.01267545	0.1106107	0.04979645	-0.05863003	0.1483755	-0.1081041	0.6267667	0.3888675	-0.3157842	-0.7570655	-0.3003666	-0.47319	0.1440639	0.9845419	0.6915222	-0.5070239	-0.5850613	-0.5067546	-0.2596335	-0.01689405	-0.167734	-1.160529	-0.8704855	-1.138483	-0.5978923	0.6118999	-0.2939914	0.1751686	-0.07749924	0.2111641	-0.3327078	-0.7230645	-0.1008573	-0.2131354	-0.03164222	-0.004839241	-0.05490373	-0.05645249	0.04396842	-0.4231039	-0.9504553	-0.648158	0.2122897	-0.2941318	-0.7054774	-0.2709641	-0.1862261	-0.1572507	-0.1293413	-0.05964914	-0.07012433	-0.3678402	-0.3688229	-0.242411	-0.3227267	-0.3954156	-0.1651549	-0.6914234	-1.14964	-0.4968447	-1.335715	-1.24592	-0.602357
-197.265625	-0.02637417	-0.1970825	-0.190768	-0.1801374	-0.3043052	-0.2347997	0.1843624	0.1627844	0.1750549	0.1160113	0.09059212	0.07574242	-0.5095819	-0.7354558	-0.5453222	-0.7224366	-0.6584548	-0.619964	-0.6221142	-0.8804517	-0.4927526	-0.7745311	-0.2118232	-0.3485795	-0.4616114	-0.5538421	-0.396059	-0.4810778	-0.04850556	-0.3244168	-1.228926	-1.015013	-1.484004	-0.0996015	0.7648191	-0.08651359	0.4786654	0.252514	0.1844425	0.2127247	-0.04429281	0.0644158	0.3987255	0.2580999	0.2750767	0.0873486	-0.09013022	0.04236395	0.8922748	0.8311871	0.9061177	0.7127593	0.7487972	0.7388848	-0.2085035	-0.1086125	-0.1943083	0.2026885	0.3045707	0.08754315	-0.2338893	-0.1698478	-0.09752424	-0.02770431	0.09693552	0.04007895	-0.1248083	0.01328095	-0.1405162	0.359648	0.2653886	-0.3569647	-0.7657737	-0.3575928	-0.4676179	0.1154176	0.9283338	0.6151456	-0.5002282	-0.5687603	-0.4923584	-0.2512926	0.004808005	-0.173107	-0.9294865	-0.7375505	-1.067512	-0.2382799	0.615154	-0.3144248	0.1390484	-0.04588183	0.2109136	-0.3366414	-0.6249087	-0.04604316	-0.1736916	0.0121498	0.02909433	-0.07214598	-0.0481971	0.05469196	-0.2897439	-0.9617027	-0.5826264	0.2064291	-0.4274457	-0.7878569	-0.2542079	-0.1369863	-0.1395886	-0.139046	-0.006844994	-0.1023807	-0.3537691	-0.3898121	-0.2554796	-0.3101956	-0.3617398	-0.1497147	-0.8096986	-1.104738	-0.5109496	-1.270603	-1.092437	-0.5398236
-195.3125	-0.03159799	-0.173359	-0.2025723	-0.1433802	-0.3153716	-0.2310805	0.156067	0.1082314	0.1394542	0.09885383	0.08284093	0.05482407	-0.3265674	-0.6723548	-0.4540753	-0.5945352	-0.5658274	-0.618753	-0.6470971	-0.8369157	-0.4895138	-0.7293438	-0.1450491	-0.3045284	-0.3982262	-0.5069732	-0.3607967	-0.4360705	-0.03877525	-0.3108182	-1.12696	-0.9934672	-1.497427	-0.03277638	0.8778229	0.00646248	0.4379064	0.2110631	0.1210387	0.1893154	-0.01332745	0.06754804	0.3876799	0.2495068	0.2548168	0.1025574	-0.06556056	0.05367056	0.7041119	0.6320812	0.7446766	0.511018	0.6171911	0.6141959	-0.2040757	-0.1086415	-0.180076	0.1712091	0.2515188	0.1086353	-0.2301482	-0.1536843	-0.088169	-0.04600877	0.09074624	0.03724927	-0.1577011	-0.1265149	-0.190126	0.1743498	0.1554095	-0.3598348	-0.7820724	-0.4394656	-0.5044559	0.03352832	0.7947308	0.4914688	-0.4890579	-0.5490224	-0.4858108	-0.2235418	0.03317354	-0.158719	-0.6611997	-0.5692251	-0.9402716	0.08894612	0.6078404	-0.3358399	0.1020612	-0.01280303	0.2283423	-0.3065172	-0.4687155	0.02845198	-0.1324599	0.03635169	0.04179781	-0.07902744	-0.05400853	0.02915799	-0.2790173	-1.036907	-0.6276845	0.1582041	-0.5114112	-0.8626112	-0.1999803	-0.07894652	-0.1307693	-0.1595935	-0.02007105	-0.1752428	-0.334511	-0.38911	-0.2736199	-0.2996982	-0.3162166	-0.1161953	-0.8612528	-1.036184	-0.5306846	-1.159987	-0.8137645	-0.4874169
-193.359375	-0.03967582	-0.1072386	-0.2028622	-0.1067142	-0.3049607	-0.1912243	0.1066408	0.06123343	0.08809914	0.07133622	0.07954297	0.03772872	-0.2770782	-0.5991915	-0.3830642	-0.5271564	-0.4730147	-0.5764921	-0.7163653	-0.7830735	-0.486667	-0.6792976	-0.05947013	-0.2325807	-0.3605426	-0.4624584	-0.3227789	-0.4001843	-0.03244358	-0.2974412	-1.05683	-0.9602423	-1.489948	0.06328363	0.9412496	0.08519968	0.3935289	0.2126611	0.1147572	0.1874429	0.05175013	0.1166549	0.3646995	0.2303311	0.2419284	0.09892425	-0.04086319	0.07324218	0.4943924	0.4180057	0.5711446	0.2847569	0.4723784	0.5080475	-0.2097523	-0.1252277	-0.1951736	0.1478996	0.2102681	0.09549261	-0.2130165	-0.1251399	-0.0739316	-0.0654387	0.07846895	0.03671256	-0.1559767	-0.2134361	-0.2550727	0.1814474	0.1232874	-0.3174307	-0.7984726	-0.5341808	-0.5726989	-0.06946735	0.6263729	0.3352852	-0.4840065	-0.5421566	-0.4938771	-0.1948936	0.05248462	-0.133734	-0.497013	-0.4432907	-0.7458983	0.1339703	0.5374879	-0.3749317	0.06089482	-0.01252063	0.230503	-0.2537983	-0.281014	0.1025442	-0.09131734	0.03374159	0.03264061	-0.07668775	-0.06834417	-0.02005086	-0.3764738	-1.134547	-0.755212	0.07611716	-0.4844039	-0.8804228	-0.09185033	0.04800046	-0.08533762	-0.1322989	-0.05037688	-0.2057788	-0.3127896	-0.3647085	-0.2933943	-0.2793955	-0.259264	-0.07796338	-1.048522	-1.194981	-0.7600966	-1.115295	-0.5448704	-0.5501264
-191.40625	-0.04766687	-0.0468834	-0.1932238	-0.09707927	-0.3037634	-0.1431668	0.05099221	0.02669379	0.03510759	0.04969776	0.07648971	0.02587042	-0.3275899	-0.5318156	-0.3356548	-0.5530607	-0.4140434	-0.5126657	-0.7413958	-0.7047299	-0.4578367	-0.6231381	0.01480527	-0.1426561	-0.33692	-0.4296914	-0.289682	-0.3814552	-0.03248858	-0.2840069	-1.072766	-0.9453356	-1.508696	0.1641089	0.9419703	0.1400626	0.3454929	0.2341435	0.1400178	0.2077819	0.1257951	0.1839134	0.3257357	0.1883232	0.2172489	0.07088574	-0.03531082	0.0772218	0.4822653	0.4421169	0.6282585	0.2329263	0.4587869	0.5657771	-0.2028457	-0.1043707	-0.2035657	0.144158	0.2039758	0.08663169	-0.1832332	-0.09060663	-0.05615246	-0.07938768	0.06156314	0.03972477	-0.1782833	-0.2475101	-0.3386677	0.3202218	0.2025049	-0.2540272	-0.7980532	-0.614188	-0.6377866	-0.1372866	0.4923069	0.1869881	-0.4868864	-0.551626	-0.5133129	-0.1777343	0.0565462	-0.1194967	-0.4610678	-0.3764721	-0.4930107	-0.1023532	0.3861206	-0.4167859	0.05756252	0.02342237	0.2609619	-0.1801159	-0.09617361	0.2006724	-0.05427313	0.01136623	0.01281083	-0.06893142	-0.08193167	-0.06322119	-0.4792075	-1.179548	-0.8295618	-0.008885412	-0.3860544	-0.8337774	0.003194821	0.170101	-0.04762221	-0.06387282	-0.05758591	-0.1878959	-0.3081926	-0.3588882	-0.3285721	-0.2570488	-0.2129376	-0.07125077	-1.232672	-1.2947	-0.9683835	-1.05523	-0.3315848	-0.5696225
-189.453125	-0.04029706	-0.02704495	-0.1744747	-0.1042247	-0.3249114	-0.1123551	0.01313387	0.006208088	-0.003436348	0.04693924	0.06731836	0.01445088	-0.3378104	-0.4548657	-0.2724197	-0.6007897	-0.3934167	-0.4479116	-0.6947926	-0.6299643	-0.4113191	-0.578558	0.04260859	-0.07985877	-0.3066455	-0.4094908	-0.2663919	-0.3732884	-0.03843906	-0.2724043	-1.162151	-0.9504853	-1.544092	0.2317047	0.8970193	0.165355	0.2826875	0.2338923	0.1456271	0.2272366	0.1801804	0.2288553	0.2703089	0.1239851	0.1674443	0.03104721	-0.04805052	0.05514081	0.6994565	0.7011859	0.9056636	0.3722546	0.5512718	0.7410694	-0.1695973	-0.0204988	-0.1766805	0.1531667	0.2211709	0.1097017	-0.1489312	-0.05823334	-0.03808201	-0.08488312	0.0453104	0.04487397	-0.2420251	-0.2568868	-0.4074931	0.446125	0.3257838	-0.2181143	-0.770714	-0.6521648	-0.6772308	-0.1210612	0.448291	0.08637715	-0.4942884	-0.5704353	-0.5388527	-0.1729802	0.05362102	-0.1345474	-0.4960583	-0.3766153	-0.2595358	-0.4462056	0.1651652	-0.4540847	0.03580718	0.006474084	0.246107	-0.1390797	0.02235204	0.2586033	-0.02891974	-0.0174829	-0.003875203	-0.05972567	-0.08634658	-0.07916174	-0.5023266	-1.138682	-0.7343058	-0.05908557	-0.308799	-0.76371	-0.0681444	0.04030689	-0.189543	-0.05652227	-0.07703642	-0.2496327	-0.3198669	-0.3842626	-0.3660456	-0.2451328	-0.1937017	-0.1032732	-1.500961	-1.489878	-1.221797	-1.057139	-0.3138173	-0.6476201
-187.5	-0.03485348	-0.06367718	-0.1549436	-0.1182545	-0.3587077	-0.1068135	0.0009855758	-0.006624342	-0.02426632	0.05959671	0.05041593	-0.002784009	-0.2155491	-0.3536212	-0.1707034	-0.5738306	-0.3733685	-0.387838	-0.6078068	-0.5867084	-0.3722786	-0.5572264	0.01431698	-0.07874564	-0.2553172	-0.388032	-0.2485714	-0.357075	-0.04197622	-0.256437	-1.276098	-0.970533	-1.551557	0.2226395	0.8317571	0.1537668	0.2120523	0.1982418	0.1116867	0.2238474	0.2038295	0.2377211	0.2164351	0.06458491	0.1096343	0.00443222	-0.06416358	0.02135074	0.9811078	0.9829428	1.169074	0.5593084	0.6006639	0.8614819	-0.1305827	0.0919573	-0.1281201	0.154499	0.2420978	0.1624345	-0.1245514	-0.03718507	-0.02718756	-0.08340248	0.04250468	0.04986588	-0.3340325	-0.2746055	-0.4275979	0.4238269	0.4004696	-0.2245286	-0.7242619	-0.641236	-0.6898911	-0.02582842	0.4952772	0.04469442	-0.4927711	-0.576268	-0.5583867	-0.1581738	0.06230757	-0.171068	-0.5145442	-0.4384374	-0.1373514	-0.6972462	-0.1037623	-0.4962502	-0.004042261	-0.05423935	0.1920239	-0.129555	0.07296186	0.2648247	-0.001452934	-0.01049159	0.01823923	-0.04011522	-0.0732739	-0.05518411	-0.4480683	-1.045056	-0.4953018	-0.05712639	-0.3189819	-0.7241933	-0.09341837	-0.01693533	-0.2539128	-0.01914105	-0.02513278	-0.2446281	-0.2208428	-0.243373	-0.2482274	-0.184846	-0.1484032	-0.05796045	-1.932712	-2.003161	-1.647175	-1.189684	-0.5451503	-0.9400382
-185.546875	-0.04356306	-0.1280792	-0.139178	-0.11481	-0.3815845	-0.1140736	-0.007423964	-0.02940446	-0.04125284	0.06027351	0.0262271	-0.03007723	-0.02271213	-0.255643	-0.07222035	-0.4450302	-0.3068254	-0.3386264	-0.5316451	-0.5724158	-0.3522452	-0.547486	-0.04804292	-0.1258992	-0.1889368	-0.3528349	-0.2268629	-0.3223521	-0.03716815	-0.2290628	-1.356093	-0.9821061	-1.49633	0.1383062	0.7851802	0.1173855	0.1447123	0.1483288	0.05826915	0.1980196	0.212744	0.2329562	0.1814432	0.0375244	0.07055065	0.006905863	-0.0685319	0.000123493	1.097039	1.018323	1.146465	0.60387	0.4744861	0.76569	-0.1024574	0.1703961	-0.09235453	0.1528882	0.2444409	0.2069706	-0.1152177	-0.03128695	-0.02681168	-0.07602316	0.05381182	0.04872186	-0.3887101	-0.2929567	-0.3755277	0.2615835	0.3603155	-0.2614277	-0.6837051	-0.6057702	-0.6962202	0.09241667	0.5784702	0.03563141	-0.4843812	-0.5636763	-0.5665931	-0.1278071	0.09110489	-0.2066713	-0.5018147	-0.5603029	-0.1733986	-0.7981348	-0.3892004	-0.55567	-0.05413733	-0.1419178	0.1030861	-0.1236509	0.09856626	0.225648	0.02620067	0.03439539	0.07653525	-0.01454284	-0.04831178	-0.01161329	-0.2871157	-0.8301747	-0.1418403	0.008888843	-0.4049832	-0.6751031	-0.04746902	0.02064212	-0.2250824	0.03519674	0.0579798	-0.202958	-0.2406716	-0.3158917	-0.2817462	-0.218665	-0.1781511	-0.1392334	-1.731485	-1.591816	-1.302932	-0.9734428	-0.5514919	-0.7505165
-183.59375	-0.08080643	-0.1866229	-0.136811	-0.09831792	-0.3864736	-0.1288995	-0.02698397	-0.06460892	-0.06382015	0.03748893	-0.001194783	-0.05982201	0.1427722	-0.1702464	-0.009960069	-0.2510072	-0.1921383	-0.2878139	-0.4974555	-0.5557413	-0.3403138	-0.5197334	-0.1026445	-0.1642471	-0.1287693	-0.3033035	-0.1961216	-0.2763681	-0.0248039	-0.1877462	-1.3576	-0.9445543	-1.366964	0.0382905	0.7859618	0.09575573	0.1114835	0.1318743	0.04190733	0.1717499	0.2206939	0.2472489	0.1693196	0.04820416	0.06349634	0.03312749	-0.05860021	0.004253997	0.9196571	0.7270684	0.7650831	0.4513734	0.2171933	0.4762084	-0.08900639	0.1775121	-0.09205464	0.1661199	0.2278928	0.2101851	-0.1137352	-0.03410167	-0.03281335	-0.06056219	0.07230892	0.04191414	-0.3531718	-0.2707764	-0.2668145	0.07999879	0.2342913	-0.2924871	-0.668937	-0.5812335	-0.7126645	0.1728482	0.6309252	0.02083741	-0.4778387	-0.5388527	-0.5638859	-0.08481225	0.1353385	-0.2156013	-0.4936057	-0.712962	-0.3107351	-0.8200437	-0.6616793	-0.6272178	-0.1122421	-0.2630795	-0.03036021	-0.1015186	0.142385	0.1478121	0.03111691	0.05926547	0.1234724	-0.01005673	-0.03032485	0.00905329	-0.2002687	-0.7432853	0.009801855	0.008035977	-0.5603886	-0.7054925	-0.1511535	-0.2001348	-0.3902128	-0.0205725	0.02551778	-0.3395099	-0.2855634	-0.4415605	-0.3685957	-0.2771526	-0.2217155	-0.2540294	-1.794529	-1.715857	-1.349572	-0.9251251	-0.6447045	-0.8587575
-181.640625	-0.09309973	-0.1688671	-0.1216837	-0.04229833	-0.361248	-0.1306697	-0.06430732	-0.1078035	-0.09065273	-0.008497346	-0.03116078	-0.08283362	0.1870899	-0.1169831	0.0005626598	-0.08469114	-0.06658538	-0.2286248	-0.4927039	-0.4974349	-0.3179496	-0.4438875	-0.1033147	-0.1347919	-0.09765164	-0.255071	-0.1629988	-0.2387404	-0.01158346	-0.140188	-1.280571	-0.8321985	-1.177128	-0.009091157	0.8227156	0.1256258	0.08842808	0.1436179	0.06240356	0.156775	0.2299715	0.2778728	0.1653194	0.07182381	0.07462461	0.05865136	-0.04748549	0.02189344	0.5908005	0.3247743	0.2823017	0.216434	-0.01841147	0.1912423	-0.08364149	0.1260774	-0.1185073	0.2011367	0.2144955	0.1738134	-0.104715	-0.0319934	-0.03517089	-0.03339491	0.08652836	0.03534436	-0.2417112	-0.1963304	-0.1556569	-0.00807866	0.1113273	-0.3021064	-0.6855899	-0.5969459	-0.7411289	0.1775601	0.6080557	-0.02795792	-0.4827533	-0.5167736	-0.5545806	-0.04314822	0.1788756	-0.1897367	-0.5359101	-0.8436645	-0.426953	-0.8672866	-0.8768626	-0.673816	-0.1466716	-0.3629799	-0.166358	-0.03816475	0.231733	0.07364374	0.03170771	0.07254171	0.1606094	-0.02560256	-0.01869695	0.01632622	-0.1228371	-0.6874369	0.02736947	-0.07424079	-0.7235768	-0.7273489	-0.1179481	-0.1689098	-0.3666684	0.006895943	0.02512828	-0.346758	-0.1515505	-0.272698	-0.2537633	-0.21603	-0.1694325	-0.2055308	-1.712706	-1.630926	-1.257432	-0.7831306	-0.5710801	-0.8133642
-179.6875	-0.05658558	-0.07270269	-0.08989832	0.03356878	-0.3206484	-0.1292642	-0.1056682	-0.146569	-0.1108707	-0.06155631	-0.06678643	-0.09598421	0.09052739	-0.1325607	-0.03553382	-0.03899996	-0.00589281	-0.1852353	-0.4869758	-0.3944755	-0.2826244	-0.3237029	-0.03516946	-0.02995533	-0.1039844	-0.2263099	-0.1416489	-0.2227242	-0.001817116	-0.09931528	-1.160868	-0.6529202	-0.9459646	0.01650722	0.8395797	0.2113289	0.06220464	0.164891	0.1008083	0.1520205	0.2185258	0.2970333	0.1500848	0.07315551	0.07676558	0.05880694	-0.05180792	0.0267129	0.304364	0.08367587	-0.005701383	0.06148946	-0.09406412	0.1060089	-0.07888078	0.07017813	-0.1391631	0.2412487	0.2188486	0.1268509	-0.07952174	-0.01601294	-0.02746846	0.00431853	0.09252795	0.0379052	-0.1222072	-0.1028117	-0.09642658	0.01370054	0.05544474	-0.3071642	-0.7094854	-0.6406085	-0.7625487	0.1308272	0.5238965	-0.1022251	-0.4997897	-0.506699	-0.5454736	-0.01071717	0.2111044	-0.1401457	-0.6279429	-0.9080603	-0.4278996	-0.9698256	-0.9954812	-0.658291	-0.1912075	-0.4722319	-0.319086	0.03789816	0.3397304	-0.002780153	0.01884587	0.05297073	0.1637309	-0.06039928	-0.008646553	0.01633233	-0.09054048	-0.705089	-0.043957	-0.2492891	-0.8618882	-0.7262735	-0.1720928	-0.2329674	-0.4224975	0.004131383	-0.01176799	-0.3810543	-0.1622971	-0.3263706	-0.325545	-0.2109769	-0.1695851	-0.2741666	-1.543575	-1.370096	-1.066413	-0.5875977	-0.3930317	-0.6153709
-177.734375	0.03441346	0.07233542	-0.03538683	0.1030578	-0.2723606	-0.1223407	-0.1297606	-0.1680374	-0.1092962	-0.1057678	-0.1118033	-0.1025651	-0.07199528	-0.208804	-0.0699812	-0.1193365	-0.02756164	-0.160823	-0.4649955	-0.2896034	-0.2517557	-0.2028301	0.07211878	0.09791104	-0.1383691	-0.2233475	-0.1430107	-0.2224791	0.007143365	-0.07214344	-1.050656	-0.4577002	-0.7001951	0.06426646	0.7715907	0.3098558	0.00127887	0.1553182	0.1054666	0.1397145	0.1731712	0.2744932	0.1224718	0.03899903	0.05906751	0.0288677	-0.07521714	0.00306908	0.1956089	0.1191557	0.01618515	0.06123339	-0.01681308	0.2433781	-0.08741716	0.05048215	-0.135407	0.2518293	0.2379828	0.1001886	-0.0484231	0.007772496	-0.01635495	0.04308845	0.09820203	0.05384837	-0.08676206	-0.06652371	-0.1174629	0.04869872	0.06632733	-0.325944	-0.7054831	-0.6735129	-0.7557106	0.08743902	0.425297	-0.1773732	-0.5124539	-0.4985893	-0.5387429	0.02529292	0.2338868	-0.0846519	-0.7063057	-0.8849315	-0.3186068	-1.045831	-1.001096	-0.5684575	-0.2231568	-0.535382	-0.4166004	0.1171213	0.4360967	-0.05709955	0.002082586	0.02277768	0.1495003	-0.09019063	0.01595228	0.03045126	-0.0180356	-0.6052806	0.05788384	-0.405738	-0.9101478	-0.586789	-0.1934789	-0.2155239	-0.4180253	0.03574787	0.004580761	-0.3325628	-0.05562436	-0.1658808	-0.2292233	-0.1091521	-0.1042794	-0.2130251	-1.342481	-1.045599	-0.834799	-0.3957005	-0.22345	-0.3565393
-175.78125	0.1368933	0.2019027	0.03390537	0.123014	-0.231185	-0.10661	-0.1246949	-0.1669602	-0.08414933	-0.1349958	-0.1656298	-0.1087909	-0.2078365	-0.2989018	-0.07373192	-0.2327502	-0.06148478	-0.1330077	-0.4304415	-0.2279207	-0.2404721	-0.1290066	0.1663712	0.1850418	-0.1790446	-0.2320864	-0.1651519	-0.2156918	0.02413531	-0.05306801	-0.9887282	-0.3227526	-0.4813267	0.05446639	0.5937957	0.3559601	-0.08450539	0.1199855	0.07240421	0.110805	0.1004936	0.2206629	0.09020253	-0.01716047	0.02891078	-0.01528455	-0.1034918	-0.04090919	0.2615396	0.3423113	0.2240962	0.1607365	0.06037558	0.4493142	-0.130765	0.0619379	-0.1232441	0.2133241	0.2557428	0.09499935	-0.02738641	0.02289589	-0.01390273	0.07253825	0.1092944	0.07353744	-0.1593647	-0.1244498	-0.1878714	-0.002874981	0.07821214	-0.3615058	-0.6490583	-0.6512946	-0.7043536	0.09425239	0.361268	-0.2279198	-0.5089013	-0.4799274	-0.5320989	0.0716904	0.255375	-0.03612324	-0.7349412	-0.8242412	-0.2014011	-1.044119	-0.9243196	-0.443909	-0.2620325	-0.5851369	-0.4621875	0.1680817	0.4894802	-0.1123176	-0.0167709	0.0034566	0.1344295	-0.09177095	0.06519993	0.06448995	0.07567209	-0.4063712	0.3461654	-0.5008383	-0.8834052	-0.3466474	-0.3029562	-0.3597643	-0.5353522	0.01093483	0.01774581	-0.3540311	-0.09864948	-0.2313838	-0.2833871	-0.09221948	-0.1085469	-0.2641394	-1.279684	-1.008343	-0.8038499	-0.3252108	-0.209353	-0.2809423
-173.828125	0.1846131	0.2549918	0.09472058	0.06866575	-0.2024652	-0.07834799	-0.1034057	-0.1518413	-0.04897667	-0.1577823	-0.2220117	-0.1171831	-0.2561507	-0.3273692	-0.03439759	-0.272425	-0.01896494	-0.06185984	-0.4000623	-0.2227126	-0.248534	-0.1178212	0.2089062	0.2071493	-0.2105525	-0.2359712	-0.1953169	-0.1873315	0.04989078	-0.03220743	-0.9716781	-0.2905689	-0.3362724	-0.04487139	0.3571436	0.3230596	-0.1655791	0.09109675	0.03354032	0.0731001	0.03667589	0.1797464	0.06987787	-0.06305	0.01044956	-0.05135479	-0.1220409	-0.0808084	0.344752	0.5042651	0.3494505	0.2242286	0.001646047	0.5160435	-0.2174488	0.06380712	-0.1384903	0.1333864	0.2604403	0.08950496	-0.02956663	0.01290882	-0.03076351	0.08356877	0.1232185	0.08122621	-0.2905233	-0.246776	-0.2498548	-0.1652109	0.0365036	-0.3908502	-0.5491271	-0.5667949	-0.6129	0.1515979	0.3445232	-0.2520469	-0.4848444	-0.4423116	-0.5221502	0.1322438	0.2801228	0.003166352	-0.7432147	-0.8020368	-0.169134	-1.010068	-0.8109	-0.3309333	-0.2827739	-0.6121922	-0.4453339	0.1942059	0.5111667	-0.1633156	-0.03458703	0.01031651	0.1331674	-0.05833687	0.1319558	0.1091818	0.1337924	-0.2306868	0.6534656	-0.5914262	-0.8551069	-0.1270979	-0.2266414	-0.2433449	-0.4471288	0.07812375	0.1209735	-0.2464323	-0.07377654	-0.1800628	-0.2281202	-0.0540574	-0.08663132	-0.2424406	-1.320017	-1.252968	-0.9541562	-0.3489431	-0.3326806	-0.427874
-171.875	0.1594219	0.2308979	0.1391973	-0.03114443	-0.1839346	-0.03376402	-0.08974978	-0.1398002	-0.02564241	-0.1830567	-0.2736016	-0.1296152	-0.271715	-0.2934617	-0.008683999	-0.2183453	0.1375538	0.05200505	-0.3758988	-0.2359321	-0.2549816	-0.1341359	0.2047762	0.1990835	-0.2285711	-0.2258086	-0.2202591	-0.1409285	0.07864439	-0.004416777	-0.9420902	-0.3260918	-0.277692	-0.178307	0.15994	0.2470201	-0.2200878	0.09355586	0.02675248	0.03623323	0.009592479	0.1869782	0.06166665	-0.08313614	0.01167584	-0.06995278	-0.1277875	-0.100428	0.3701847	0.4926675	0.2855716	0.2044573	-0.1680311	0.3944706	-0.3112722	0.0247651	-0.192053	0.05679724	0.2420269	0.05736709	-0.05263232	-0.02131419	-0.06504548	0.07930611	0.1335086	0.07033564	-0.3966236	-0.3483937	-0.2654661	-0.3701002	-0.0421567	-0.3895804	-0.451186	-0.4596482	-0.503266	0.2111416	0.3601053	-0.2621758	-0.4570206	-0.3995368	-0.5090048	0.1846785	0.3007377	0.03294478	-0.7790855	-0.8437768	-0.2366006	-0.9935505	-0.6806602	-0.241824	-0.2627214	-0.6125603	-0.3950892	0.2120046	0.529413	-0.2018172	-0.04439485	0.03624966	0.1427614	-0.003489928	0.1977594	0.1456045	0.1203903	-0.2058667	0.7537153	-0.777355	-0.9208112	-0.06844968	-0.2524043	-0.3114069	-0.488946	0.07179224	0.1508282	-0.2712551	-0.0652227	-0.1662895	-0.1935858	-0.05586329	-0.08444833	-0.2422036	-1.034458	-1.057689	-0.7584874	-0.1907789	-0.3446402	-0.3982154
-169.921875	0.09037747	0.1705213	0.1583521	-0.1100424	-0.1641365	0.01781318	-0.09169112	-0.1346833	-0.02029154	-0.2050177	-0.3086134	-0.1373429	-0.3084883	-0.221433	-0.03270222	-0.1130151	0.3434615	0.1864584	-0.3528405	-0.2223273	-0.241767	-0.1275354	0.1870044	0.2153303	-0.2407758	-0.2095503	-0.233952	-0.09785067	0.09925582	0.02393598	-0.8478672	-0.3635307	-0.2768193	-0.2674623	0.06277957	0.1871399	-0.2405649	0.1184878	0.06035267	0.004281778	0.02106741	0.2358594	0.0525656	-0.08629975	0.02163192	-0.08027379	-0.1352936	-0.1045376	0.3185814	0.3602963	0.1254228	0.1431982	-0.2945446	0.2097862	-0.3630553	-0.04454886	-0.2575651	0.01679464	0.2060811	0.001278518	-0.08049163	-0.06164577	-0.1019699	0.07109024	0.134716	0.04943098	-0.4175019	-0.3612353	-0.2335851	-0.5379335	-0.1068711	-0.3621192	-0.3941128	-0.3781248	-0.4058565	0.2369059	0.3875899	-0.2694553	-0.4448033	-0.373685	-0.4977717	0.2076886	0.3065981	0.05163404	-0.8576931	-0.9087061	-0.3493389	-0.9794327	-0.5084009	-0.1497282	-0.2185347	-0.6189126	-0.3874872	0.2272138	0.559643	-0.2344556	-0.04620301	0.0549833	0.1425527	0.04201655	0.2383844	0.157134	0.1064986	-0.26174	0.6563528	-1.07751	-1.120398	-0.1674656	-0.2105945	-0.2264712	-0.4029318	0.1067091	0.1847029	-0.2279674	0.01636518	-0.05180762	-0.0886749	-0.03490958	-0.06220223	-0.1932968	-0.4249092	-0.3447842	-0.1803732	0.1652912	-0.1763598	-0.1170368
-167.96875	0.03324607	0.1272686	0.1519414	-0.1131515	-0.1354812	0.05940388	-0.1094463	-0.141232	-0.0320235	-0.2212871	-0.325501	-0.1408662	-0.3639693	-0.1410341	-0.09165899	-0.00897014	0.4862385	0.3093596	-0.320067	-0.1589262	-0.2089444	-0.06744872	0.1939329	0.2811003	-0.2577114	-0.2026494	-0.2400976	-0.07920089	0.1054867	0.04193893	-0.6526495	-0.3249885	-0.2530244	-0.2639737	0.05423105	0.1852929	-0.2537629	0.1220964	0.09563627	-0.03351587	0.04266442	0.2798119	0.02481089	-0.100985	0.01450647	-0.09835874	-0.1555588	-0.1123046	0.2864745	0.2797133	0.08614057	0.1249731	-0.2532306	0.1382297	-0.3421814	-0.1024498	-0.2873726	0.01387226	0.1568973	-0.05456029	-0.09756534	-0.08516351	-0.1260459	0.07010729	0.1319193	0.03699479	-0.3683579	-0.2903659	-0.196343	-0.6309391	-0.1043002	-0.3277342	-0.3858048	-0.3469602	-0.3394484	0.2202722	0.4126861	-0.2764459	-0.4556366	-0.3771034	-0.493941	0.1958847	0.294735	0.05849326	-0.9249489	-0.9109538	-0.4274414	-0.8614112	-0.2617595	-0.01188933	-0.1560668	-0.6112489	-0.4361001	0.251838	0.6094599	-0.2468661	-0.03352511	0.06031468	0.12593	0.06204348	0.2521044	0.1494738	0.03634354	-0.4663417	0.383446	-1.485155	-1.447586	-0.4112419	-0.3133141	-0.310613	-0.4336785	0.06085606	0.1447269	-0.2712233	0.04205463	-0.04157385	-0.07308172	-0.04920171	-0.0788131	-0.2069151	-0.4451518	-0.6160654	-0.3806192	0.1298885	-0.2660035	-0.3763617
-166.015625	0.009872784	0.1250492	0.1194247	-0.04420571	-0.08594789	0.085093	-0.1236867	-0.1488748	-0.04511328	-0.2271419	-0.3268447	-0.1379792	-0.4420227	-0.1202837	-0.1631211	0.008258892	0.4686357	0.3704466	-0.2855125	-0.07494775	-0.1749969	0.02603181	0.2266723	0.3688727	-0.2805782	-0.2100773	-0.242913	-0.0871016	0.1011223	0.04582911	-0.4018717	-0.2173858	-0.1584496	-0.2153786	0.04818635	0.215718	-0.2644474	0.08585489	0.1053549	-0.08353014	0.0380251	0.2799802	-0.0231614	-0.1398501	-0.01905653	-0.1268534	-0.1779855	-0.1307568	0.2912596	0.303567	0.2170099	0.1714641	-0.04828018	0.2252375	-0.2683021	-0.1123432	-0.2563865	0.01720931	0.09965198	-0.08420038	-0.1037398	-0.08314465	-0.1346041	0.08241297	0.141285	0.04866044	-0.3155371	-0.2131702	-0.1946284	-0.6790071	-0.04630658	-0.3101644	-0.3894922	-0.3458245	-0.3096823	0.20252	0.4340388	-0.2810071	-0.4773735	-0.3983391	-0.4970155	0.1672301	0.2764983	0.05977263	-0.9181967	-0.8077791	-0.462311	-0.5501143	0.05401918	0.1764668	-0.08812883	-0.5663031	-0.5078275	0.2811337	0.6636277	-0.2315991	-0.0134402	0.05541575	0.09559871	0.05487134	0.2506043	0.1366859	-0.02147445	-0.6038955	0.2176204	-1.81237	-1.740961	-0.5840721	-0.3292934	-0.2176752	-0.3264432	0.05847615	0.1607792	-0.1993015	0.09969138	0.02405815	-0.02187793	-0.03020796	-0.08208935	-0.1861989	-0.07490584	-0.1927544	-0.05874138	0.2881735	-0.1364958	-0.2258459
-164.0625	-0.003514879	0.1439057	0.06523161	0.03217569	-0.02458079	0.09687978	-0.1192719	-0.1473025	-0.04695089	-0.2246145	-0.3218147	-0.128522	-0.5035406	-0.1546866	-0.1914559	-0.06731192	0.316452	0.3734095	-0.2685238	-0.01288888	-0.1604165	0.1091852	0.2645462	0.4297288	-0.2971229	-0.2169862	-0.2405496	-0.1007419	0.09893275	0.04671673	-0.1645911	-0.0873641	-0.002209313	-0.1939025	-0.02037876	0.2282368	-0.2597445	0.03265911	0.09686463	-0.142353	-0.01060352	0.2387535	-0.05924353	-0.1787203	-0.05228729	-0.1490373	-0.1776359	-0.1441641	0.3125528	0.3550049	0.4050004	0.2092784	0.136059	0.343038	-0.1916855	-0.07291401	-0.1837966	-0.002081369	0.03971547	-0.08288351	-0.1074823	-0.06401307	-0.1354682	0.1067576	0.1704261	0.08175572	-0.3039123	-0.1969195	-0.2279868	-0.6979722	0.01315247	-0.3054637	-0.3508708	-0.3267173	-0.3000718	0.2326968	0.4473382	-0.2832715	-0.4932907	-0.4148939	-0.4992597	0.1368487	0.2639404	0.06547225	-0.8242117	-0.6278881	-0.4886265	-0.0868319	0.3629541	0.3800176	-0.05191055	-0.5257208	-0.5803113	0.276282	0.6835619	-0.2194292	0.007275289	0.05918177	0.06936469	0.03959954	0.2545143	0.1347937	-0.08531155	-0.5569633	0.2893254	-1.905653	-1.828005	-0.5199753	-0.2908824	-0.07674673	-0.1905714	0.06439169	0.2141372	-0.09790622	0.1389194	0.07679852	0.02070463	-0.006640562	-0.08025831	-0.1600258	0.1859524	0.05737201	0.1329343	0.3431781	-0.04543455	-0.1522415
-162.109375	-0.0403644	0.1587865	0.00896391	0.05286691	0.04914277	0.1175519	-0.1001727	-0.1343805	-0.034827	-0.2220081	-0.3196793	-0.1119537	-0.4961215	-0.1745637	-0.1371047	-0.1560432	0.156192	0.3674113	-0.2889473	0.004038183	-0.1710393	0.1515832	0.2845559	0.4404978	-0.296685	-0.2079265	-0.2312972	-0.09808685	0.1053933	0.05749274	-0.02600626	-0.02518331	0.1312451	-0.252687	-0.1675147	0.1778452	-0.2504756	-0.01083	0.08249597	-0.1983495	-0.07711352	0.1930853	-0.06709582	-0.1934356	-0.06204193	-0.1494106	-0.1333479	-0.1322831	0.3083555	0.3075898	0.4680399	0.165295	0.1381895	0.3249327	-0.159258	-0.02036837	-0.121094	-0.04650959	-0.01009483	-0.06613827	-0.118251	-0.04302436	-0.1392304	0.1378913	0.2137671	0.1213071	-0.3440525	-0.2563029	-0.2739739	-0.6811365	0.05483847	-0.2882812	-0.2543218	-0.2656515	-0.2860655	0.3030636	0.4357009	-0.2924446	-0.4905666	-0.4046015	-0.4879539	0.1131229	0.2627383	0.08517057	-0.7080758	-0.4440428	-0.5460034	0.3606344	0.5832046	0.5637102	-0.02817014	-0.4716204	-0.5809981	0.2297531	0.6619318	-0.2068096	0.006830892	0.05678478	0.04476893	0.02601703	0.2670466	0.135231	-0.1413186	-0.3177525	0.5357724	-1.719831	-1.637857	-0.2153797	-0.2822812	-0.08117213	-0.1802214	0.0265508	0.2388913	-0.1001985	0.09877202	0.01837739	-0.01662478	-0.02388489	-0.09233511	-0.18118	0.3766511	0.1605406	0.2190897	0.3531131	0.01463776	-0.1559434
-160.15625	-0.1310831	0.1303607	-0.04255073	-0.02427566	0.1068673	0.1421977	-0.0795956	-0.1158619	-0.01698268	-0.2186483	-0.3257083	-0.0912639	-0.4468597	-0.1643991	-0.03672763	-0.2199974	0.08756336	0.3641472	-0.3489057	-0.01172785	-0.1977245	0.1616269	0.2870647	0.4204459	-0.2778735	-0.1792229	-0.2191763	-0.07066963	0.1207347	0.08095069	-0.008768694	-0.06115215	0.1576779	-0.3563274	-0.3310622	0.08091464	-0.2378445	-0.01566922	0.08618894	-0.2332876	-0.1224755	0.1837401	-0.03320255	-0.1618277	-0.02713714	-0.125014	-0.06194652	-0.08880196	0.3134622	0.1556031	0.3769662	0.04699571	-0.05945894	0.1315984	-0.1782847	0.007467325	-0.108975	-0.09235825	-0.0334902	-0.0474093	-0.1290719	-0.02570177	-0.1443404	0.1712455	0.2476757	0.1505638	-0.3878698	-0.3334351	-0.2974244	-0.5973014	0.09707145	-0.2482618	-0.1277182	-0.165267	-0.2465046	0.3755727	0.3990728	-0.3018093	-0.4697075	-0.3649629	-0.4573579	0.09284479	0.2665303	0.1161246	-0.6731715	-0.3377427	-0.6341014	0.5875213	0.6699346	0.710368	0.006449002	-0.40589	-0.492163	0.1515206	0.6030238	-0.1946431	-0.01324034	0.04938742	0.02674311	0.02423193	0.2832415	0.1335453	-0.1886804	0.007521751	0.7559095	-1.374516	-1.271219	0.17754	-0.23649	-0.1038904	-0.19159	0.004175842	0.2469818	-0.1421276	0.07853127	0.005368446	-0.01332274	-0.03268291	-0.07177672	-0.1663664	0.7010055	0.4631039	0.4499176	0.4967688	0.1348596	-0.05395794
-158.203125	-0.2306661	0.07467535	-0.06830259	-0.14396	0.1318745	0.1664677	-0.0805108	-0.1102191	-0.009572079	-0.2179958	-0.3421664	-0.07765508	-0.3509502	-0.09683007	0.0626796	-0.1838176	0.1443566	0.374892	-0.4248818	-0.02416638	-0.2252831	0.1763126	0.2969753	0.4107389	-0.2536011	-0.1477666	-0.2153494	-0.03118024	0.1377105	0.1060279	-0.05976411	-0.1477974	0.06361944	-0.4144024	-0.4269377	-0.004510651	-0.2246471	0.01726856	0.1076157	-0.2329848	-0.1174568	0.2162863	0.004177694	-0.1109804	0.0217701	-0.09766219	-0.004520252	-0.03823119	0.3583224	-0.006551483	0.2402459	-0.05829089	-0.2820854	-0.1101643	-0.2089692	0.007583904	-0.139174	-0.1051092	-0.02746186	-0.02558547	-0.1269989	-0.004792673	-0.1404994	0.2040003	0.2561427	0.1685278	-0.3792711	-0.3580797	-0.2855675	-0.4562994	0.1555368	-0.2140756	-0.03583854	-0.0635611	-0.1759478	0.3797428	0.3501121	-0.2948247	-0.4395697	-0.312362	-0.4110105	0.07314222	0.2637578	0.1442901	-0.7667614	-0.3366715	-0.7192736	0.5277468	0.6532219	0.8288884	0.0591305	-0.3266414	-0.3466137	0.07713649	0.5376559	-0.171211	-0.04328727	0.02411365	0.007624879	0.02996474	0.28977	0.1194415	-0.2349564	0.254869	0.7603465	-1.055646	-0.9153888	0.4483546	-0.1590885	-0.08218888	-0.1695181	0.01805304	0.2423044	-0.175063	0.1034839	0.0688103	0.04988553	-0.01976327	-0.02105607	-0.1087604	0.6641801	0.2140382	0.238564	0.5140058	0.08627871	-0.2594143
-156.25	-0.2827287	0.01552339	-0.06909502	-0.2251641	0.1119947	0.1706278	-0.09244865	-0.1128802	-0.01324056	-0.2030297	-0.3582674	-0.07291809	-0.280833	-0.05153788	0.0805844	-0.08214926	0.2466217	0.3515893	-0.485289	-0.01149916	-0.2450634	0.2201461	0.3329313	0.4333667	-0.2428058	-0.1366278	-0.2319191	-0.0002022168	0.1525231	0.1176505	-0.09041592	-0.2034239	-0.07744408	-0.3637772	-0.4166862	-0.03656539	-0.2285022	0.04921226	0.1100935	-0.2015869	-0.06204046	0.2551991	0.003727333	-0.08236527	0.04025687	-0.09140601	0.001030738	-0.01395438	0.4803908	-0.03580156	0.2367618	-0.06012163	-0.344143	-0.2202223	-0.2123069	0.007735838	-0.1725828	-0.06720703	0.005961917	0.01536455	-0.1036032	0.02852581	-0.118429	0.2306819	0.2392753	0.1848766	-0.3226312	-0.3060364	-0.2673215	-0.3148091	0.2498533	-0.2080059	-0.0241169	0.005782716	-0.09295811	0.2954399	0.3222153	-0.2488126	-0.4093767	-0.2672563	-0.3612441	0.06061749	0.2531554	0.1575514	-0.9336786	-0.4077044	-0.760771	0.2933995	0.5996538	0.9278299	0.09912675	-0.2694868	-0.2263934	0.02901786	0.4814623	-0.1449497	-0.06841175	-0.01961568	-0.01795615	0.03343375	0.2826857	0.09122402	-0.2951503	0.3276147	0.5345636	-0.8987692	-0.7338284	0.4886113	-0.1708155	-0.1554293	-0.2120719	-0.001780238	0.1903276	-0.2469331	0.05088683	0.002322633	0.01025579	-0.05112612	-0.01474026	-0.1299029	1.042282	0.736478	0.6117687	0.8310428	0.2194187	-0.04167344
-154.296875	-0.286522	-0.05447676	-0.07178037	-0.2506908	0.03616161	0.1259445	-0.1072583	-0.1234878	-0.02559426	-0.1808385	-0.3679357	-0.0806535	-0.2712364	-0.09098064	-0.01136138	0.03161309	0.297058	0.2653854	-0.502147	0.0262677	-0.2532797	0.2862241	0.3927225	0.4765866	-0.2558715	-0.1555127	-0.2676947	0.008319035	0.1642784	0.1116015	-0.04178657	-0.18107	-0.1584677	-0.2304302	-0.336612	-0.02609202	-0.2343947	0.06020606	0.08000468	-0.1519764	0.01060884	0.2633843	-0.04899077	-0.09705143	0.007141748	-0.1126169	-0.04757775	-0.027688	0.5920872	0.07563139	0.3822702	0.03875956	-0.1910946	-0.1378829	-0.1713524	0.04148688	-0.1666333	0.01320931	0.05076593	0.07863841	-0.06348695	0.07234767	-0.07990167	0.2473666	0.2154294	0.2078653	-0.2338766	-0.2072312	-0.2610514	-0.2271693	0.3118813	-0.2546721	-0.08229681	0.03626386	-0.0266252	0.1694195	0.342274	-0.158073	-0.3828043	-0.2372986	-0.3208063	0.06932275	0.2477895	0.1584548	-1.055156	-0.4948671	-0.7557615	0.08345765	0.5428118	0.9797927	0.1098209	-0.2309682	-0.1656233	0.02052058	0.4488167	-0.1088823	-0.088931	-0.08363086	-0.05671933	0.02004381	0.2628669	0.0498866	-0.3198684	0.350681	0.2972178	-0.854588	-0.708654	0.4137307	0.01704211	0.150307	0.042511	0.09380978	0.2457556	-0.07383791	0.03419542	-0.00628946	0.009130185	-0.05326042	-0.008825096	-0.1260701	1.02007	0.6984808	0.575558	0.8877464	0.1478377	-0.1348714
-152.34375	-0.2616708	-0.1280324	-0.08877479	-0.2396485	-0.07219835	0.03930609	-0.1069467	-0.1281006	-0.0365738	-0.1559445	-0.3612886	-0.09304442	-0.324515	-0.2181458	-0.1643061	0.105131	0.2520495	0.1452909	-0.4683795	0.07050365	-0.247449	0.3395824	0.4512764	0.5116971	-0.2859629	-0.191097	-0.3051336	-0.004039472	0.1740652	0.09869708	0.08627847	-0.08996307	-0.1119943	-0.1006551	-0.252959	-0.02151091	-0.2089328	0.06169945	0.04047645	-0.1032855	0.05377327	0.2337568	-0.133239	-0.143088	-0.06163495	-0.1441898	-0.1085286	-0.05859227	0.5913278	0.2165236	0.5496002	0.1451997	0.04076967	0.02643138	-0.104341	0.1136255	-0.1141399	0.1134421	0.08977715	0.1433715	-0.02162323	0.1108643	-0.0379335	0.2496407	0.2008704	0.2315411	-0.1490375	-0.1124733	-0.2711313	-0.1918847	0.2866721	-0.3276527	-0.1553989	0.04703699	-0.0006682856	0.08377902	0.4108244	-0.04539159	-0.3631307	-0.2183751	-0.2945052	0.09440044	0.2601971	0.1610085	-1.040442	-0.5583057	-0.7226205	0.01971738	0.4471084	0.9337357	0.09481879	-0.1979314	-0.1438988	0.03067618	0.4257794	-0.06343636	-0.1010462	-0.1431352	-0.09185468	-0.00976735	0.2397458	0.01055651	-0.3512988	0.3674904	0.1630836	-0.8274294	-0.7316536	0.3582847	-0.02977682	0.06462622	0.002669263	0.0214916	0.1970994	-0.08791839	0.00026955	-0.04349393	-0.02167773	-0.05529251	-0.02240447	-0.1411601	1.303614	1.193956	0.9733056	1.043222	0.2080952	0.06089757
-150.390625	-0.2500894	-0.1975853	-0.1199796	-0.2447625	-0.1700377	-0.05616305	-0.08553633	-0.1158341	-0.03416942	-0.137575	-0.3401028	-0.09832164	-0.4394024	-0.39976	-0.3104011	0.09137122	0.1378706	0.04000425	-0.4043587	0.09593812	-0.2262147	0.3426499	0.4769395	0.5195982	-0.3126477	-0.2181087	-0.3202443	-0.02581987	0.1779054	0.09401216	0.2314234	0.009121502	0.03483365	-0.06031494	-0.2190618	-0.0617471	-0.1507477	0.06295604	0.01427827	-0.07718099	0.04391393	0.1875755	-0.2121561	-0.1877145	-0.1254565	-0.1631742	-0.1322474	-0.07241638	0.4290993	0.2573186	0.5811619	0.1654308	0.1580462	0.1022017	-0.04411417	0.1891084	-0.04392587	0.1994629	0.1097619	0.1749095	0.005097261	0.1258074	-0.009571462	0.2402962	0.202921	0.2431638	-0.06711847	-0.04452768	-0.2713721	-0.136837	0.1621358	-0.3876936	-0.1850263	0.06353172	-0.01757071	0.09530752	0.5007939	0.04640332	-0.3527213	-0.1989372	-0.2789135	0.1171492	0.2955734	0.1808845	-0.9124504	-0.6054249	-0.6832034	0.04500644	0.2563169	0.7599373	0.08131102	-0.1652731	-0.1190494	0.02451067	0.384719	-0.02462482	-0.1165566	-0.191302	-0.1197828	-0.05049687	0.2156379	-0.02108482	-0.3658142	0.4690946	0.2137669	-0.6900074	-0.6635805	0.4508576	-0.1148034	-0.1395409	-0.1149424	-0.1086962	0.1122092	-0.1572959	0.0275976	0.02012651	0.01950628	-0.01518016	-0.003027101	-0.09373703	1.227653	1.058446	0.8976305	0.8881218	0.1076592	-0.08069133
-148.4375	-0.2765351	-0.2546813	-0.1552065	-0.3049386	-0.2185702	-0.1299181	-0.06241012	-0.09894406	-0.02327057	-0.1377734	-0.3149976	-0.09713694	-0.5540326	-0.5468798	-0.3789057	0.01276494	0.01414431	-0.006091417	-0.3403997	0.09156206	-0.1922186	0.2869034	0.4576593	0.5053009	-0.3152389	-0.218408	-0.3015917	-0.04466303	0.169832	0.1023665	0.3242434	0.06241739	0.1974678	-0.12433	-0.241926	-0.1335854	-0.08660404	0.06346367	0.008234168	-0.08263015	-0.006582255	0.153587	-0.2573555	-0.2039896	-0.150581	-0.1598564	-0.1016622	-0.05170234	0.1856737	0.170224	0.4493451	0.08961554	0.07650705	0.01395761	-0.01600713	0.2181162	0.003176541	0.2370882	0.1051035	0.153928	0.01563888	0.1151404	0.001357517	0.2257504	0.20627	0.2322527	0.02790263	0.02189286	-0.2380017	0.007984431	0.01260599	-0.3975261	-0.1603245	0.08975383	-0.05316583	0.1691233	0.5708197	0.07903568	-0.3521884	-0.1736889	-0.2652593	0.1142647	0.3428436	0.2176883	-0.768203	-0.6685007	-0.6417763	0.02199667	-0.04640301	0.4796337	0.1016388	-0.1341862	-0.05735994	-0.01907538	0.3048359	-0.01154531	-0.1396311	-0.2319662	-0.1435828	-0.08677884	0.1898133	-0.04534662	-0.4003485	0.5555069	0.306489	-0.4503981	-0.5035284	0.6289775	0.001474044	-0.0635855	-0.001313307	-0.1271304	0.0854707	-0.08608045	-0.03266454	-0.05849196	-0.04914892	-0.02541369	-0.008230243	-0.1112189	1.277906	1.050629	0.8952662	0.7580084	0.08896932	-0.1093045
-146.484375	-0.2986872	-0.2610848	-0.1611477	-0.3796051	-0.1958729	-0.1462784	-0.04638771	-0.08484317	-0.006961243	-0.1444133	-0.2922288	-0.09048037	-0.6553029	-0.6299351	-0.3777691	-0.1192757	-0.07911441	-0.008845131	-0.2978022	0.06136174	-0.1532963	0.1974384	0.4057379	0.4849043	-0.2860487	-0.1923594	-0.2594078	-0.05362339	0.1484948	0.1148687	0.319167	0.04234006	0.2860352	-0.2442692	-0.3015552	-0.1923889	-0.05030837	0.05310973	0.007609002	-0.1109928	-0.06714888	0.1368187	-0.2760271	-0.1973328	-0.1437873	-0.1453069	-0.04136137	-0.01165958	-0.02300181	0.03231206	0.2530819	0.001257761	-0.0865996	-0.1456049	-0.02449898	0.1784004	0.006641636	0.2084527	0.08355333	0.1016834	0.01966578	0.09576955	0.002225118	0.2140713	0.1952053	0.2049589	0.1406876	0.1160457	-0.1756292	0.2470226	-0.07043833	-0.3634394	-0.1184117	0.1181576	-0.07208252	0.2206071	0.608172	0.05816687	-0.3564216	-0.1482364	-0.2480444	0.08264239	0.3831348	0.252319	-0.7040267	-0.7753	-0.6093553	-0.1197269	-0.3867299	0.1679992	0.1714413	-0.08602285	0.05249913	-0.07710116	0.1969786	-0.01880118	-0.1814897	-0.2936588	-0.1893285	-0.110083	0.1571289	-0.07707001	-0.4321683	0.5596649	0.3376769	-0.1752072	-0.3254124	0.7787451	0.1604056	0.09444439	0.1817311	-0.08634407	0.05888145	0.007649079	-0.05765027	-0.07139613	-0.06476374	-0.01366102	0.02255282	-0.07609258	1.580339	1.407321	1.127035	0.7930136	0.2114812	0.130538
-144.53125	-0.2577893	-0.1976369	-0.1151043	-0.3985652	-0.1279574	-0.1022492	-0.04840693	-0.09135391	0.0022312	-0.1514216	-0.2780899	-0.09012595	-0.657027	-0.5923995	-0.3194412	-0.2177277	-0.1357132	0.004906553	-0.2745169	0.02295789	-0.1203798	0.1141644	0.347055	0.4670029	-0.2375188	-0.1588057	-0.2173059	-0.0543177	0.1177131	0.1167509	0.2435554	-0.01523689	0.2787178	-0.3310266	-0.357247	-0.1906673	-0.06209692	0.02422632	-0.01039837	-0.138558	-0.1033389	0.1205302	-0.2984806	-0.1938555	-0.1412173	-0.1376618	0.007583774	0.016583	-0.1052089	-0.04309961	0.140188	-0.01913758	-0.1630834	-0.2208373	-0.05053812	0.09266451	-0.01747921	0.1229544	0.05390857	0.05986651	0.02414353	0.08689147	0.00254264	0.2077064	0.1688168	0.1801677	0.2442248	0.2294708	-0.1211232	0.4841189	-0.05048836	-0.3335915	-0.1123071	0.1334642	-0.05462898	0.1776055	0.6264087	0.02630408	-0.3544694	-0.1301018	-0.2257953	0.04674014	0.4076591	0.2648793	-0.7359113	-0.9183373	-0.5986395	-0.3064458	-0.6417056	-0.0822402	0.2323093	-0.05794748	0.1474579	-0.127955	0.08223327	-0.0517244	-0.2056695	-0.3337277	-0.2272469	-0.09669116	0.130591	-0.0980223	-0.4675741	0.4195283	0.2296167	0.02483078	-0.2520949	0.776167	0.002799452	-0.1970379	0.01500373	-0.1876775	-0.1056248	-0.1613908	-0.07366174	-0.05774539	-0.05735559	0.006651401	0.06543607	-0.01593975	1.699532	1.473501	1.119896	0.7684264	0.2435417	0.2539558
-142.578125	-0.1511959	-0.09965763	-0.02836205	-0.3429349	-0.07563277	-0.03505281	-0.05503487	-0.1132958	0.005253898	-0.1482312	-0.2697528	-0.09676795	-0.6144163	-0.519543	-0.2849541	-0.3236554	-0.2134204	-0.04285015	-0.252658	-0.006880095	-0.1010401	0.0637657	0.3012599	0.4433826	-0.1920405	-0.1355309	-0.1937207	-0.05097608	0.08780663	0.1020348	0.1517198	-0.06541404	0.2153162	-0.3309819	-0.3874553	-0.1272426	-0.1211457	-0.02101736	-0.05827137	-0.1424573	-0.09524865	0.08651403	-0.3391338	-0.2067415	-0.1669854	-0.140296	0.02468095	0.01717283	-0.09545289	-0.0315445	0.1367243	0.04189217	-0.04526047	-0.1294499	-0.06706349	0.01545978	-0.03220417	0.02135697	0.02843694	0.06046295	0.02880468	0.09334845	0.005932621	0.2022569	0.1413198	0.1722957	0.2993184	0.3151117	-0.114457	0.6141142	0.02773938	-0.3584317	-0.1614564	0.1353271	-0.01093411	0.05511677	0.6527627	0.04398312	-0.334409	-0.1186343	-0.2026297	0.04490855	0.4240054	0.2519151	-0.8010522	-1.053851	-0.6224554	-0.395242	-0.7282274	-0.2104066	0.2469223	-0.04485991	0.1971803	-0.1371094	0.00038084	-0.08510001	-0.2209873	-0.3706151	-0.2690967	-0.06605112	0.1059583	-0.1222568	-0.4365315	0.2574115	0.08510267	0.1414964	-0.2877357	0.6404315	0.08212992	-0.03498877	0.171216	-0.1223032	-0.1215946	-0.07808232	-0.1414273	-0.118663	-0.1114435	0.001019572	0.07781004	0.0002439089	1.451971	1.007637	0.7263313	0.5568832	0.06100904	0.07819069
-140.625	-0.01294064	-0.01218517	0.06476176	-0.2359484	-0.09006207	0.005944715	-0.05710274	-0.1382599	0.007070207	-0.1406666	-0.2625344	-0.1056011	-0.5493874	-0.4469346	-0.2994248	-0.4291153	-0.3265938	-0.1478434	-0.2163771	-0.02117125	-0.09635898	0.04671459	0.2737625	0.4029002	-0.168637	-0.1269691	-0.1885812	-0.04745705	0.06789209	0.07869348	0.0924153	-0.06882939	0.1672335	-0.2463544	-0.3862017	-0.03597256	-0.1812634	-0.0468046	-0.1017755	-0.1126056	-0.05787652	0.04132916	-0.3824081	-0.2214437	-0.2056598	-0.1415247	0.0188836	0.001962806	-0.09991533	0.002935232	0.1549375	0.1212398	0.211011	0.06950099	-0.05104252	-0.005365567	-0.008630822	-0.04116806	0.01825246	0.09915122	0.02978929	0.1013317	0.009964595	0.1931085	0.1266839	0.1767619	0.2598763	0.3061502	-0.1830398	0.5880436	0.1082037	-0.4476314	-0.2388163	0.1339924	0.02246774	-0.0508464	0.7007567	0.1427759	-0.2984746	-0.1105604	-0.1831011	0.08437331	0.4424128	0.2264637	-0.8130485	-1.133331	-0.6924856	-0.2870264	-0.6576484	-0.226728	0.1949072	-0.0499417	0.1891464	-0.1103143	-0.03269407	-0.1033736	-0.22858	-0.3930572	-0.3013904	-0.0398083	0.08369067	-0.1465215	-0.3648055	0.1346588	-0.06094554	0.1953528	-0.3750488	0.4229921	0.02161125	-0.09727061	0.1321454	-0.1552155	-0.1693245	-0.1021321	-0.1279927	-0.04972892	-0.07379854	0.04233281	0.1126154	0.07271442	1.683963	1.416311	1.059699	0.6104624	0.05522966	0.3445105
-138.671875	0.08660185	0.02195209	0.1168413	-0.1459041	-0.1696022	-0.01635589	-0.04508286	-0.1426944	0.02069676	-0.1355056	-0.2514975	-0.1037693	-0.5388469	-0.4405689	-0.3705085	-0.5651893	-0.4644554	-0.2784452	-0.161972	-0.01588807	-0.09818801	0.05015196	0.2642141	0.3531145	-0.172376	-0.1252361	-0.1861157	-0.04545442	0.05930354	0.06015765	0.06015717	-0.03424467	0.1770312	-0.1404694	-0.3759158	0.0345637	-0.2053207	-0.03314951	-0.1097842	-0.06185778	-0.01821778	0.006211327	-0.400239	-0.2108869	-0.2186556	-0.1251712	0.01786306	-0.002467066	-0.1526151	0.02573586	0.1269191	0.1715398	0.450363	0.2586778	0.01098232	0.03786509	0.05971249	-0.03135927	0.01662526	0.1364051	0.02260022	0.09207587	0.009393072	0.1791373	0.1318954	0.1784441	0.1399942	0.1792196	-0.30389	0.4489492	0.1379841	-0.5781789	-0.3082931	0.1283047	0.006917906	-0.06045381	0.7558384	0.2997575	-0.2566708	-0.09441299	-0.1674711	0.1452242	0.4722852	0.2131543	-0.7631679	-1.142322	-0.7828428	-0.07418231	-0.515133	-0.1815292	0.113826	-0.06595635	0.1455727	-0.07281148	-0.03143366	-0.1041597	-0.2287828	-0.3952571	-0.3085	-0.0378563	0.05661469	-0.1674154	-0.2826323	0.091221	-0.1958336	0.2401335	-0.4225975	0.19047	0.0741538	-0.02527202	0.1864313	-0.158279	-0.1485231	-0.02680656	-0.1531193	-0.06591196	-0.1078548	0.04980597	0.1128372	0.07494699	1.607946	1.364267	1.096123	0.4124383	-0.1394532	0.328584
-136.71875	0.1179831	0.01496828	0.1068661	-0.1011234	-0.2557169	-0.09164166	-0.0218486	-0.1146033	0.05244012	-0.1370015	-0.2364155	-0.08646545	-0.5360112	-0.4534753	-0.4235114	-0.6625903	-0.5823233	-0.3601764	-0.1140331	-0.005843904	-0.1007184	0.05324011	0.2591422	0.3096611	-0.1915151	-0.1187991	-0.1714955	-0.04320752	0.05703718	0.05341165	0.005121642	-0.01015963	0.2324275	-0.09395529	-0.3892402	0.05368535	-0.1791837	0.01663412	-0.07328185	-0.01185634	0.0006800552	-0.00301716	-0.3767346	-0.1619312	-0.1791372	-0.08923367	0.03412177	0.01661081	-0.164115	0.08771214	0.09439362	0.2238964	0.5612562	0.3782825	0.1044481	0.1096693	0.1460354	0.03497992	0.01432565	0.1346115	0.0179859	0.06398798	0.00884563	0.1681377	0.1414561	0.1608511	-0.001655869	-0.01028824	-0.423087	0.3036824	0.1295816	-0.6887559	-0.3446478	0.1207872	-0.06032423	0.03999542	0.798296	0.4629877	-0.2230688	-0.0654865	-0.1524469	0.1902539	0.508364	0.2243655	-0.6968641	-1.100813	-0.8680759	0.0872651	-0.3892391	-0.1455928	0.05799465	-0.08822876	0.09032216	-0.05329618	-0.02653361	-0.1000037	-0.2210801	-0.3778712	-0.2904244	-0.05987194	0.02405776	-0.1804708	-0.2222931	0.09206124	-0.3343964	0.300861	-0.4082982	-0.02836285	-0.01768436	-0.2459474	0.03120438	-0.2704014	-0.1958521	-0.09131277	-0.1205586	-0.01690444	-0.08723444	0.07234315	0.1312954	0.09671455	1.630634	1.464164	1.264312	0.2022279	-0.2877333	0.439988
-134.765625	0.1049895	0.01059295	0.05082096	-0.08118352	-0.2795437	-0.174205	-0.001231156	-0.0672343	0.09281172	-0.1468496	-0.2250567	-0.06419239	-0.5603713	-0.5044165	-0.4544673	-0.7290288	-0.6685818	-0.393795	-0.1052282	-0.008345556	-0.1017588	0.04390474	0.2431825	0.2819868	-0.2051755	-0.1020446	-0.1444013	-0.03674713	0.05526216	0.05582456	-0.1049057	-0.0290573	0.2793406	-0.1421789	-0.4263741	0.03336006	-0.1433497	0.06004827	-0.03066595	0.01295432	-0.008939159	0.0006391201	-0.3251719	-0.08998812	-0.1017329	-0.04717848	0.05651689	0.04721053	-0.0536526	0.2415552	0.1247989	0.3476631	0.5685102	0.4572291	0.2018039	0.1594678	0.2175794	0.1040443	-0.01054282	0.08242981	0.02240629	0.03487802	0.01235722	0.1646535	0.1464149	0.1288106	-0.09627098	-0.1633288	-0.4857388	0.2337088	0.1300619	-0.7130907	-0.3622919	0.1024836	-0.146427	0.1675835	0.8205742	0.5786327	-0.2005698	-0.02110327	-0.1329619	0.2079202	0.5455146	0.2577253	-0.6685361	-1.040948	-0.9124412	0.08097164	-0.3148927	-0.1581789	0.04693756	-0.1387477	0.02268574	-0.06660905	-0.04658547	-0.1172484	-0.2011301	-0.3473226	-0.2576359	-0.08728734	-0.01031095	-0.1824895	-0.1991657	0.04990818	-0.4856777	0.3518028	-0.3897002	-0.2401806	-0.005361277	-0.2980182	0.01994774	-0.3005706	-0.1829578	-0.05555902	-0.1339672	-0.06110582	-0.1258016	0.0515147	0.129695	0.06483982	1.50345	1.271093	1.178571	-0.122773	-0.4592848	0.4949824
-132.8125	0.1218876	0.06641398	0.008923454	-0.02184893	-0.207903	-0.2003774	0.01087973	-0.02211277	0.1281413	-0.1555051	-0.2218347	-0.04937038	-0.5461027	-0.5312073	-0.4162496	-0.752009	-0.7318579	-0.3898773	-0.1556686	-0.03667983	-0.1045035	0.01767508	0.1993252	0.2580176	-0.1955244	-0.07779823	-0.1156881	-0.02353714	0.05081961	0.06114477	-0.2524799	-0.1013862	0.2664269	-0.258875	-0.4618995	0.001458748	-0.1263636	0.07427669	-0.01271299	0.01466112	-0.03538076	-0.00408872	-0.2756797	-0.02687392	-0.03287449	-0.01532426	0.06586476	0.06664217	0.17489	0.4706981	0.233864	0.5588685	0.5666057	0.5456582	0.2670293	0.1590811	0.2498903	0.1263014	-0.0637088	0.007132044	0.03578577	0.02870692	0.0208374	0.17114	0.1475651	0.1021369	-0.0985799	-0.1933681	-0.4638107	0.2661167	0.1693187	-0.6180127	-0.3903058	0.07272925	-0.2105641	0.2328232	0.850134	0.6348586	-0.1835229	0.03187743	-0.1092751	0.2151703	0.5801358	0.2953109	-0.7070659	-0.9976674	-0.9198264	-0.06816902	-0.2550021	-0.2129089	0.08153801	-0.1710571	-0.02220363	-0.08690771	-0.07794414	-0.1325337	-0.1714274	-0.3155091	-0.2304487	-0.09716558	-0.03802602	-0.1746709	-0.1853477	-0.0518974	-0.5834893	0.3618004	-0.4286022	-0.4182139	0.1492545	-0.05508236	0.2324435	-0.1953481	-0.07088583	0.1353302	-0.1220143	-0.05979847	-0.1165692	0.04065096	0.147004	0.07128119	1.447405	1.150496	1.119801	-0.3767577	-0.5314572	0.6918511
-130.859375	0.21288	0.1852564	0.03195511	0.09523857	-0.08310905	-0.1477163	0.01201589	-0.002998855	0.1437239	-0.1570844	-0.2241818	-0.05000955	-0.4601216	-0.491876	-0.3221441	-0.7282541	-0.769527	-0.3728155	-0.2528079	-0.08674905	-0.1111614	-0.02353914	0.1228823	0.2141642	-0.1575675	-0.05168767	-0.09549037	-0.005774143	0.04402763	0.06712151	-0.3682916	-0.190018	0.1812868	-0.3595594	-0.4451106	-0.01040691	-0.162495	0.03981891	-0.04810452	0.002337855	-0.05685835	-0.03526592	-0.2502076	0.003782619	-0.01264493	-0.0002759336	0.05547792	0.06334658	0.3801548	0.633473	0.3087166	0.7604655	0.6138676	0.6209958	0.2790627	0.116257	0.2403056	0.09453866	-0.1271731	-0.05095324	0.05230083	0.05418422	0.03121356	0.1830735	0.1480181	0.09604316	-0.01678617	-0.09344838	-0.3697916	0.3614092	0.2340796	-0.4224097	-0.4447184	0.03708557	-0.2311079	0.2077099	0.9159328	0.6580672	-0.1648963	0.08256719	-0.08859497	0.2400393	0.6147678	0.3198701	-0.7555345	-0.9452951	-0.8982986	-0.1813512	-0.1453158	-0.248697	0.09476001	-0.2063107	-0.06103331	-0.1098465	-0.1128679	-0.1500366	-0.1396241	-0.2904569	-0.2195349	-0.08095444	-0.05781671	-0.1617067	-0.1492678	-0.1880901	-0.5777493	0.3263082	-0.5374612	-0.5341341	0.05206791	-0.151234	0.1575273	-0.1947981	-0.04684233	0.1159958	-0.197795	-0.1809436	-0.1974366	-0.01515001	0.1293924	0.02784506	1.211213	0.7251394	0.8276504	-0.6734561	-0.6279892	0.7406294
-128.90625	0.3502696	0.3098958	0.1245711	0.217189	0.01599861	-0.05046612	0.006643104	-0.01525859	0.1378129	-0.152231	-0.2246681	-0.06122421	-0.3703377	-0.4207439	-0.2232487	-0.7244035	-0.7982408	-0.3708886	-0.3560596	-0.1429255	-0.1197346	-0.0762706	0.0249932	0.1358681	-0.1028228	-0.02864422	-0.08321237	0.008251271	0.0351924	0.07593573	-0.3689871	-0.212908	0.07041223	-0.3438863	-0.3290094	0.02489185	-0.2268821	-0.01626785	-0.1069755	-0.006621476	-0.06049116	-0.0773994	-0.2337706	0.008598874	-0.03303991	0.004187395	0.03399338	0.04686163	0.4047697	0.5885137	0.2242305	0.8101636	0.6681749	0.6034999	0.2355324	0.05994402	0.2001665	0.03844306	-0.1603452	-0.06453487	0.06019482	0.09262928	0.03461706	0.1943155	0.1521335	0.1100352	0.1082679	0.06820707	-0.2393731	0.4522918	0.2823416	-0.1926409	-0.5113786	0.005618691	-0.2242207	0.1546027	1.02413	0.6861243	-0.1457392	0.1178744	-0.08348951	0.2916701	0.6509227	0.3234066	-0.7597066	-0.8514165	-0.8629152	-0.1126249	0.05012535	-0.1963818	0.04919281	-0.242687	-0.08563514	-0.1386569	-0.144044	-0.1608326	-0.1285865	-0.2920068	-0.2335547	-0.05902731	-0.08123776	-0.1562336	-0.07567352	-0.3271531	-0.4657039	0.2515227	-0.6839945	-0.5881781	-0.06037033	-0.2481909	0.0546794	-0.2023294	-0.03609834	0.06835247	-0.1470877	-0.07313161	-0.1093846	0.013435	0.1701669	0.1218652	1.143077	0.5883481	0.7792758	-0.797993	-0.613393	0.8528919
-126.953125	0.5034607	0.4060624	0.2669747	0.292651	0.04084186	0.04110144	-0.01138105	-0.05380361	0.1139983	-0.1552215	-0.2161979	-0.07359596	-0.3285021	-0.3411653	-0.1448833	-0.7485548	-0.8007811	-0.3709487	-0.4124723	-0.1774594	-0.1212282	-0.1275697	-0.06237441	0.04068074	-0.05343681	-0.01157505	-0.0708708	0.009335065	0.02391816	0.08854128	-0.2570011	-0.1363062	0.0004406536	-0.1933118	-0.1423609	0.1077741	-0.2709676	-0.06018654	-0.1455477	-0.002672639	-0.04469432	-0.1005652	-0.2168366	-0.003911737	-0.06514606	0.0007340203	0.01689747	0.0314694	0.2081895	0.3171461	-0.02837375	0.6308354	0.6239411	0.4371907	0.1701447	0.02083017	0.1555962	0.007081773	-0.140892	-0.04169694	0.05716061	0.1149084	0.02895482	0.2008855	0.1513895	0.1260526	0.2061645	0.1833964	-0.1253799	0.4722953	0.287093	-0.01268311	-0.5537989	-0.01474816	-0.219711	0.1599298	1.130476	0.7276028	-0.1284677	0.1328721	-0.09968355	0.3542048	0.678828	0.3095428	-0.6999956	-0.695275	-0.8167103	0.1486238	0.3130231	-0.02667068	-0.007196661	-0.2265145	-0.04796965	-0.1611407	-0.1677611	-0.1395451	-0.1296436	-0.2928696	-0.2416897	-0.04714737	-0.1156525	-0.1510953	0.01609244	-0.4087665	-0.301606	0.1707622	-0.7936477	-0.5893512	-0.01765324	-0.1334078	0.1082652	-0.1615049	-0.01047087	0.1159126	-0.2123667	-0.1498325	-0.171453	-0.02631671	0.1475896	0.1095904	1.116049	0.5426802	0.8210425	-0.8525743	-0.5829267	0.8626751
-125	0.5882467	0.4250429	0.3802755	0.2613966	-0.003821354	0.06890956	-0.0421466	-0.09697436	0.08475279	-0.1730132	-0.1969869	-0.07639094	-0.3362128	-0.2628182	-0.1012918	-0.7233981	-0.7374783	-0.3446858	-0.3932766	-0.174991	-0.106113	-0.1631031	-0.1121192	-0.03630817	-0.0256847	-0.0001465883	-0.05208107	-0.003941141	0.01007634	0.09924389	-0.1057433	0.02556903	0.01848796	0.02331098	0.03685792	0.2204355	-0.2720772	-0.08830657	-0.1511623	0.007152179	-0.0165323	-0.09454841	-0.1820481	-0.01265116	-0.0646323	-0.0080412	0.008209376	0.02844017	-0.09068237	-0.02147299	-0.2915324	0.2986237	0.4313214	0.1863225	0.1095377	0.008954898	0.1166267	0.02007765	-0.05630837	0.0006252862	0.04916448	0.1045124	0.01872357	0.2032054	0.1372363	0.125873	0.2275764	0.1928379	-0.06156702	0.3845496	0.2517999	0.0639123	-0.5491988	-0.02241776	-0.2253629	0.2437224	1.172785	0.7607516	-0.1202684	0.1267599	-0.1328222	0.3947991	0.6845658	0.2890199	-0.6051856	-0.5037779	-0.763132	0.4738984	0.5795743	0.2089821	-0.05169	-0.1930328	0.02452247	-0.1921643	-0.205138	-0.1041176	-0.1420713	-0.2929831	-0.2388208	-0.0618194	-0.1617996	-0.1494194	0.1133581	-0.4076968	-0.1474887	0.1045422	-0.8379754	-0.5803063	0.007765213	-0.114769	0.1106123	-0.1907718	-0.07666458	0.1023161	-0.1511504	-0.03146667	-0.0870299	-0.00104629	0.1705893	0.1901304	0.7960458	0.01691453	0.4562415	-1.047006	-0.7026798	0.4738838
-123.046875	0.5882132	0.3874366	0.4135859	0.1641423	-0.05920488	0.03224834	-0.08048178	-0.1227838	0.05836138	-0.1953047	-0.1663233	-0.06428984	-0.3848819	-0.2105068	-0.09210835	-0.6349768	-0.626731	-0.3066793	-0.3182141	-0.1456287	-0.07913107	-0.1751056	-0.1209869	-0.07192172	-0.02228921	0.004464179	-0.0316101	-0.02447859	-0.005988826	0.09602661	-0.004884035	0.2066076	0.1170095	0.1893321	0.1268601	0.3261405	-0.2254954	-0.1027376	-0.1318325	0.01545438	0.009987255	-0.07520497	-0.1453017	-0.01640565	-0.02991702	-0.0231173	0.004617269	0.03447095	-0.278921	-0.1897794	-0.34699	-0.001605501	0.1437177	0.002031883	0.07816543	0.02120743	0.09045921	0.0647748	0.05815648	0.04249651	0.0488538	0.07629234	0.01450699	0.2048789	0.1078723	0.1071135	0.171349	0.1311062	-0.0491869	0.2103621	0.2063053	0.04506537	-0.4966938	-0.01872813	-0.2193545	0.3430982	1.10489	0.7472274	-0.1184158	0.112352	-0.1631581	0.4015533	0.6627901	0.2779677	-0.5300033	-0.3398731	-0.7044623	0.6763703	0.7773661	0.4061913	-0.03648423	-0.1299032	0.128925	-0.2158947	-0.2627658	-0.05333267	-0.1290518	-0.2499495	-0.1984801	-0.08209876	-0.2016525	-0.132517	0.164152	-0.419871	-0.1005053	0.02234434	-0.8591361	-0.6375342	-0.06416511	-0.2970297	-0.0113009	-0.3104888	-0.2470903	-0.02185462	-0.1716894	-0.06731823	-0.1121929	-0.03855398	0.1416348	0.1689599	0.8401955	0.07393523	0.46409	-0.9901476	-0.6486844	0.3772973
-121.09375	0.5240811	0.330691	0.3622075	0.07886916	-0.07035878	-0.02843995	-0.1150666	-0.1253798	0.0342727	-0.2059022	-0.1345845	-0.04574374	-0.4414763	-0.187345	-0.1249744	-0.490456	-0.4945424	-0.2881646	-0.2390665	-0.1151653	-0.05768747	-0.1651221	-0.111946	-0.07598588	-0.0313208	0.0009109171	-0.01938818	-0.04254241	-0.02524632	0.07194428	-0.003368504	0.3140535	0.2235668	0.217771	0.1041764	0.3826058	-0.1743611	-0.1172388	-0.1277561	0.02369491	0.03880055	-0.06854404	-0.1161436	-0.008166762	0.01753784	-0.03271706	0.004479857	0.04697175	-0.2534221	-0.0817127	-0.1295704	-0.1235749	-0.1119983	0.00110521	0.07675121	0.04872454	0.07527567	0.1074359	0.1569268	0.07912429	0.06159187	0.06419992	0.02270677	0.207043	0.07810889	0.08620512	0.08408346	0.1027415	-0.05720036	0.02469655	0.1825139	-0.001920096	-0.4184741	0.0007817419	-0.1676222	0.3726537	0.9478734	0.6826203	-0.1188505	0.1016915	-0.1717408	0.3846428	0.6214584	0.2862874	-0.4940525	-0.2579154	-0.6540741	0.6726019	0.855188	0.4627212	0.002142224	-0.07781138	0.213022	-0.2414989	-0.3365802	-0.004629869	-0.09024239	-0.1826557	-0.1444318	-0.09159296	-0.2255695	-0.1080594	0.2629578	-0.3248104	-0.03809424	-0.02549251	-0.8688622	-0.6834204	0.07532166	-0.114769	0.154419	-0.2873941	-0.3087388	0.06686459	-0.1903897	-0.1154415	-0.1338413	-0.08015712	0.1035858	0.1338391	0.6542274	-0.2651506	0.09992126	-1.020892	-0.6891857	0.1068753
-119.140625	0.4568587	0.292944	0.2780695	0.07497164	-0.03235023	-0.05999231	-0.1305593	-0.1063105	0.009853162	-0.1827625	-0.1031269	-0.0244237	-0.4372437	-0.1380464	-0.167475	-0.3182699	-0.381611	-0.2914478	-0.2039639	-0.1079038	-0.06493594	-0.143425	-0.1163405	-0.08418345	-0.03347137	-0.007287372	-0.01812752	-0.0513971	-0.04699483	0.0327881	-0.04695223	0.3221569	0.2606217	0.1396403	0.04644402	0.3811903	-0.1792452	-0.1447445	-0.1771313	0.03290264	0.07587755	-0.08699609	-0.09679739	0.01962103	0.04801843	-0.01828108	0.01621297	0.0692947	-0.09777758	0.1683646	0.188517	-0.07957748	-0.2516642	0.1332811	0.09419902	0.09059777	0.07203957	0.1267334	0.2122201	0.1189263	0.08511414	0.09529497	0.04330236	0.2076162	0.06362534	0.0818859	0.04115597	0.1982056	-0.0398114	-0.06441152	0.1876717	0.003945102	-0.3422682	0.03243364	-0.07006656	0.2998779	0.7663288	0.5961135	-0.1185382	0.1029558	-0.1499728	0.363032	0.5776324	0.3147064	-0.4931138	-0.2865302	-0.63209	0.4843496	0.7852836	0.3417959	0.03174923	-0.03053241	0.270839	-0.2758553	-0.4069447	0.0441989	-0.02864107	-0.1021296	-0.08785436	-0.0708565	-0.2297482	-0.07656539	0.3741963	-0.2413353	0.0009280151	-0.05889685	-0.9064125	-0.7403814	0.09459707	-0.07180193	0.1994084	-0.2849303	-0.3576262	0.0942815	-0.1936934	-0.1445785	-0.1286504	-0.106488	0.06603523	0.1109898	0.7133529	-0.1917377	0.04975439	-0.8572019	-0.5801536	0.1405843
-117.1875	0.4320537	0.283312	0.2255367	0.1592181	0.02538798	-0.03705028	-0.1267131	-0.08292212	-0.01933894	-0.1284854	-0.07542136	-0.008315559	-0.4476602	-0.1049648	-0.2535382	-0.2404467	-0.321856	-0.3264431	-0.2273398	-0.1350927	-0.1126541	-0.1267446	-0.1545342	-0.1298402	-0.01897946	-0.01518994	-0.02027254	-0.05372934	-0.06983734	-0.005730379	-0.04419369	0.2699829	0.1941386	0.06676077	0.0624112	0.3523394	-0.2464085	-0.1705757	-0.2665697	0.04892341	0.1235214	-0.1071115	-0.06993531	0.07346518	0.05467419	0.03081215	0.04713047	0.105703	0.02166597	0.3172594	0.3614732	-0.01565082	-0.3087093	0.2241475	0.1160539	0.1478776	0.08529939	0.1258175	0.2300933	0.1713622	0.1067939	0.1632354	0.06790633	0.2005785	0.07275025	0.1014113	0.08511545	0.4315217	0.03215615	0.007197009	0.2299042	0.1172927	-0.2807028	0.07149635	0.03625076	0.184852	0.6352235	0.5394043	-0.1185888	0.1129703	-0.1102652	0.3464463	0.5437638	0.3490733	-0.4879366	-0.3832017	-0.6406901	0.2469335	0.5939088	0.1138521	0.008732778	-0.0008923968	0.2886193	-0.3463466	-0.4672712	0.08110932	0.02646426	-0.03963444	-0.04408419	-0.02633132	-0.2281495	-0.04628844	0.5227172	-0.1470346	0.05718318	-0.0459576	-0.9488115	-0.7723424	0.03705964	-0.09686289	0.1700302	-0.2762955	-0.3578185	0.1008569	-0.153392	-0.1051448	-0.06739851	-0.09294409	0.04506771	0.1286638	0.5399845	-0.4623507	-0.1986489	-0.8037689	-0.5600383	0.01143352
-115.234375	0.4406503	0.2698509	0.2237327	0.2596045	0.06312589	0.01750614	-0.114222	-0.06929461	-0.05067729	-0.06492931	-0.05352695	0.0005433452	-0.4479218	-0.04423039	-0.3530584	-0.2120565	-0.2670676	-0.3255403	-0.2821382	-0.1919363	-0.1855272	-0.1313147	-0.2294095	-0.2173059	0.004642091	-0.01992949	-0.01595692	-0.05718583	-0.09022561	-0.02931159	0.05463876	0.2348768	0.06439427	0.09794413	0.2002272	0.347693	-0.3600475	-0.1992475	-0.3709363	0.06399124	0.1792879	-0.1001483	-0.02498899	0.1399362	0.04904735	0.09891868	0.08777103	0.1463755	-0.06535742	0.1443084	0.2136415	-0.1106084	-0.3909537	0.09295696	0.1335143	0.2132711	0.1193079	0.1156602	0.2374211	0.2323616	0.1225579	0.2340957	0.09151959	0.1837892	0.08855557	0.127704	0.1989785	0.7138858	0.1556729	0.2026351	0.2915931	0.3186452	-0.2355438	0.09720264	0.103364	0.1058182	0.5698033	0.5326382	-0.1206779	0.1208262	-0.07406948	0.325728	0.5158113	0.3668591	-0.4505957	-0.4782476	-0.6674086	0.09078892	0.3463396	-0.09893842	-0.05964281	0.00200307	0.2736865	-0.4610358	-0.5172991	0.09390802	0.04621486	-0.01995619	-0.01980412	0.01875567	-0.2373595	-0.02480546	0.6784318	-0.04289481	0.1237527	0.01864725	-0.9344759	-0.7670379	0.03487113	0.001501324	0.2271454	-0.2093995	-0.2720448	0.1894119	-0.1237178	-0.08485731	-0.01921614	-0.07919402	0.01882875	0.1333684	-0.01833962	-1.305047	-0.8072912	-0.9783525	-0.7145399	-0.4680022
-113.28125	0.465772	0.2375307	0.2585524	0.3148508	0.07182182	0.06493767	-0.121281	-0.08220923	-0.08317487	-0.03332274	-0.04405193	-0.004185869	-0.4914724	-0.01743051	-0.4800278	-0.2140689	-0.18942	-0.288715	-0.3094051	-0.2430854	-0.2399722	-0.1519262	-0.3161412	-0.3134302	0.0235376	-0.01844574	-0.0007552024	-0.06378642	-0.1015481	-0.03345235	0.208352	0.2640111	-0.03967797	0.2279628	0.3924953	0.3999214	-0.4561918	-0.2262239	-0.4394462	0.06873875	0.2269662	-0.05569998	0.03313132	0.1930563	0.04809823	0.1553711	0.1176263	0.1716809	-0.3131762	-0.3071108	-0.1493381	-0.4072224	-0.5889365	-0.2689112	0.1466582	0.2729052	0.1693923	0.1096901	0.2548925	0.2846889	0.1327408	0.2695951	0.1109124	0.1589119	0.09044254	0.1360684	0.3052849	0.9142837	0.2912799	0.3934227	0.3493949	0.532967	-0.1998909	0.09174003	0.1064541	0.1002484	0.5259545	0.5497397	-0.1165829	0.1219373	-0.05608837	0.2988726	0.4812132	0.3523147	-0.4025967	-0.5317694	-0.6878464	0.0353078	0.1304785	-0.1984249	-0.09529361	0.05307152	0.290535	-0.5653731	-0.5407205	0.119987	0.0320761	-0.02112144	0.003881207	0.04956427	-0.2529371	0.0001278628	0.7631515	0.02394721	0.152106	0.08636893	-0.830274	-0.7388707	-0.006579375	0.03702764	0.2435513	-0.1699078	-0.1927603	0.2405902	-0.1005702	-0.07558518	0.01520173	-0.07022812	-0.001458574	0.124909	0.1480054	-0.8906434	-0.4343975	-0.7286593	-0.5202755	-0.3154337
-111.328125	0.4626594	0.1794371	0.2812693	0.2966659	0.07829874	0.0846169	-0.1473044	-0.1079358	-0.1064418	-0.03889864	-0.04246801	-0.01624142	-0.5312692	-0.01858783	-0.5877704	-0.1649423	-0.06057277	-0.2113075	-0.2642829	-0.2473242	-0.2288802	-0.1696963	-0.386084	-0.3744872	0.02713498	-0.01305485	0.01686905	-0.07013061	-0.1018405	-0.02739869	0.332484	0.354222	-0.04566225	0.3583691	0.5139044	0.4953167	-0.4974816	-0.2585721	-0.4536335	0.0572364	0.2577801	0.00209748	0.08276673	0.2099308	0.05523587	0.1769972	0.1220964	0.1669113	-0.6070682	-0.8519206	-0.520498	-0.8094729	-0.8750293	-0.7128215	0.1493104	0.3076199	0.2132156	0.1097264	0.286522	0.3124835	0.1440583	0.2582007	0.1275082	0.1339351	0.06949165	0.1132134	0.3352833	0.954531	0.3977678	0.443661	0.3642177	0.6688125	-0.1685205	0.05157301	0.0732998	0.1200539	0.433707	0.5365944	-0.1002217	0.1155001	-0.05393392	0.2665083	0.4295505	0.3065794	-0.344108	-0.5096594	-0.6710874	0.07581	0.02198879	-0.161435	-0.09663074	0.09909535	0.3170842	-0.6381138	-0.5499584	0.1384682	0.01027282	-0.006038837	0.04434686	0.06577337	-0.2577004	0.03981361	0.7201576	0.01124273	0.09881925	0.1065287	-0.6437404	-0.6914121	-0.1265015	-0.06320776	0.1712927	-0.203317	-0.1712583	0.2004109	-0.09898754	-0.0964925	0.0199325	-0.07901055	-0.01582108	0.09301855	-0.3071829	-1.447905	-0.8734116	-0.8377262	-0.6128182	-0.7522971
-109.375	0.3981151	0.09701125	0.2492371	0.222547	0.09722476	0.07386401	-0.1835512	-0.1317627	-0.1204614	-0.06715965	-0.04285042	-0.02970013	-0.5156371	-0.03875338	-0.653321	-0.0085132	0.1056693	-0.1289069	-0.1504779	-0.1850065	-0.1377239	-0.1663568	-0.4223066	-0.3787373	0.02665166	-0.0006278806	0.03152236	-0.06647894	-0.09463292	-0.02270475	0.3696023	0.4473453	0.05192436	0.3835738	0.4780529	0.5733225	-0.4776551	-0.2866926	-0.4217227	0.04127872	0.2777954	0.0410242	0.1032185	0.1930632	0.06050801	0.1701777	0.1117717	0.141052	-0.8119285	-1.269449	-0.7295398	-1.146307	-1.127498	-1.039518	0.1468624	0.3140208	0.2314171	0.1237228	0.3129642	0.3101445	0.1623172	0.2225174	0.1433637	0.1163374	0.03390951	0.06761654	0.2599669	0.8514404	0.4392402	0.322735	0.3446409	0.6967275	-0.1437704	-0.009576453	0.04815657	0.08583574	0.2622431	0.4568892	-0.07120111	0.1071777	-0.05046402	0.2360418	0.3619494	0.2489396	-0.3131292	-0.4554945	-0.61442	0.1037763	0.02901321	-0.05727551	-0.05992085	0.1570278	0.3701136	-0.643855	-0.5259096	0.1653609	-0.009237083	0.0235237	0.08234923	0.06889735	-0.239373	0.08419585	0.640622	0.05283178	0.07214265	0.1160181	-0.3933504	-0.5408764	-0.2060051	-0.1160027	0.123689	-0.232285	-0.1564023	0.158003	-0.08534609	-0.08605229	0.03541449	-0.07726943	-0.006008872	0.08019504	-0.3004455	-1.218771	-0.8109989	-0.6525117	-0.4813462	-0.7505315
-107.421875	0.3077796	0.03584701	0.1786327	0.1722519	0.1408444	0.07249194	-0.20466	-0.1326298	-0.1266906	-0.07874742	-0.03010735	-0.03173502	-0.452029	-0.07049192	-0.6666665	0.2073561	0.282328	-0.0663984	-0.01625094	-0.07173956	0.0006080329	-0.1372577	-0.422887	-0.3391978	0.03945778	0.01776028	0.04389121	-0.05182843	-0.09298929	-0.02694396	0.3324881	0.4812543	0.181321	0.2856658	0.3112637	0.5725132	-0.4149064	-0.2843961	-0.3653766	0.03731972	0.2921165	0.04842187	0.09598976	0.1733033	0.05748325	0.165363	0.1143405	0.1242539	-0.8875205	-1.47923	-0.7823724	-1.313547	-1.239352	-1.162858	0.1416757	0.3015205	0.2123539	0.160185	0.3235479	0.294246	0.1892811	0.1994184	0.1605221	0.1091856	-0.001608356	0.02199112	0.1444586	0.7018364	0.4226561	0.1323452	0.3044541	0.6355362	-0.1248218	-0.06607936	0.05169139	-0.0282391	0.04498211	0.3215342	-0.04005204	0.1037391	-0.02979463	0.2099514	0.293221	0.2057109	-0.2952804	-0.3945965	-0.530202	0.07941587	0.09732355	0.02804983	-0.03288088	0.2111661	0.4331497	-0.6053727	-0.4694263	0.1932203	-0.02258668	0.05114967	0.09698907	0.0653164	-0.2027372	0.117708	0.5690011	0.1392887	0.06616882	0.1468495	-0.1404482	-0.3029363	-0.1015162	0.1019549	0.2569558	-0.1597786	-0.06829066	0.2468028	-0.03032384	0.00175221	0.09696812	-0.03989463	0.02924361	0.118342	-0.4208831	-1.211764	-0.9683671	-0.535427	-0.4158975	-0.8236709
-105.46875	0.2003427	-0.01646285	0.0855435	0.1502025	0.1730611	0.08322024	-0.1969746	-0.1072615	-0.1321714	-0.05257928	0.001544922	-0.01762432	-0.3638751	-0.09721859	-0.6687662	0.4401747	0.4483379	-0.02694026	0.07897647	0.04561082	0.1232095	-0.09708038	-0.3979911	-0.2921466	0.0791572	0.04452762	0.06455121	-0.03080223	-0.1046797	-0.03477372	0.289863	0.4447858	0.2544589	0.1585218	0.1409991	0.4820318	-0.3527931	-0.2474458	-0.3220828	0.04947197	0.3078254	0.03838623	0.07754263	0.1798141	0.0487155	0.1859692	0.1483799	0.1409896	-0.8906958	-1.547443	-0.8059502	-1.32645	-1.197697	-1.142262	0.1477762	0.2904546	0.1732901	0.2207443	0.3161513	0.2837161	0.2175298	0.2091181	0.1764824	0.1096548	-0.02546373	-0.0008360417	0.07654503	0.6009996	0.3804265	0.0264896	0.2797899	0.553678	-0.1133897	-0.1033311	0.06721556	-0.1809289	-0.1459903	0.1811627	-0.02295477	0.1018429	0.00896755	0.1738801	0.2295329	0.1849989	-0.2671872	-0.3412473	-0.4401243	0.001726932	0.1459356	0.04434794	-0.0501149	0.2386179	0.4751485	-0.5697806	-0.3893431	0.2035538	-0.04461842	0.04257032	0.06791754	0.05495957	-0.1720551	0.1215774	0.5427338	0.2482266	0.07024881	0.234812	0.0672856	-0.03670183	-0.2127207	-0.0802937	0.05905571	-0.2110067	-0.08564305	0.1185891	-0.02459647	0.004059739	0.08789353	-0.02116197	0.0259457	0.1117599	-0.4265666	-1.058513	-0.9625279	-0.3899054	-0.3287419	-0.7436844
-103.515625	0.1219719	-0.04465478	0.01675546	0.1572	0.1832207	0.1132587	-0.1649269	-0.06575644	-0.1392314	0.004378163	0.04991892	0.01026129	-0.3606551	-0.164822	-0.725758	0.5928736	0.6038375	-0.00472934	0.09915809	0.1098315	0.1801839	-0.07632928	-0.3723619	-0.2719997	0.1361612	0.07596978	0.1003155	-0.01304809	-0.1284159	-0.03482112	0.2979421	0.3736201	0.2310416	0.1173543	0.08318802	0.3430883	-0.3024341	-0.1854292	-0.2998958	0.06447247	0.31241	0.03492093	0.05513894	0.2086482	0.03736876	0.2226779	0.2017625	0.1849072	-0.8996884	-1.578765	-0.8987918	-1.270947	-1.076008	-1.092485	0.1701628	0.2909419	0.1413449	0.285924	0.3025291	0.2881613	0.2364836	0.2386427	0.1877225	0.1084785	-0.04046682	0.004200067	0.1025315	0.5866294	0.3516511	0.0903795	0.3020089	0.5148019	-0.1010511	-0.1170597	0.05846229	-0.2803766	-0.2525916	0.08719813	-0.02463192	0.0972018	0.05391049	0.1172127	0.1710434	0.1781235	-0.2133945	-0.2986639	-0.3573156	-0.1059632	0.1047719	-0.01386882	-0.1249823	0.1916644	0.4356555	-0.5774073	-0.3115942	0.1701482	-0.07163499	0.007617785	0.01926758	0.04555155	-0.1650535	0.105231	0.6185132	0.4481329	0.1312024	0.4209846	0.2469623	0.2260397	-0.2946647	-0.2559686	-0.1426712	-0.2310575	-0.08381549	0.01816187	0.009326895	0.03200042	0.1031881	0.01333455	0.00650817	0.1104497	-0.5552421	-1.156907	-1.034812	-0.3897862	-0.3337986	-0.7456205
-101.5625	0.08314767	-0.05290976	-0.01055561	0.1592832	0.177501	0.1482966	-0.1267945	-0.02694566	-0.1434906	0.05643093	0.09510767	0.03847663	-0.4226054	-0.2467171	-0.826049	0.6787555	0.7558143	0.03965243	0.0587383	0.0975523	0.1718715	-0.09426083	-0.3679166	-0.2877943	0.1846248	0.1055518	0.1445896	-0.00342163	-0.1506869	-0.01830116	0.3563203	0.3154157	0.154252	0.1969913	0.14776	0.2218675	-0.2547522	-0.1250227	-0.2827635	0.0601447	0.2877511	0.04707978	0.03091338	0.2307357	0.03040305	0.2398975	0.2322353	0.220671	-0.9208527	-1.601611	-1.018224	-1.221964	-0.9753547	-1.07213	0.1995737	0.29587	0.1347091	0.31811	0.2921111	0.2943097	0.2369009	0.2531135	0.1892861	0.09906724	-0.05397151	0.02305701	0.1947614	0.6187238	0.3634939	0.2584293	0.3469027	0.5293196	-0.08859383	-0.1230414	0.01434743	-0.2875227	-0.2721815	0.05301436	-0.03308377	0.08490292	0.0883967	0.04599948	0.108444	0.1628733	-0.1173825	-0.2375514	-0.2699413	-0.181359	-0.01308172	-0.1086026	-0.1842419	0.1395182	0.3467866	-0.5855575	-0.2322877	0.1391981	-0.1103315	-0.05320098	-0.0369762	0.03234053	-0.1884071	0.07377182	0.6540344	0.5133609	0.09569331	0.5704626	0.3699682	0.3301874	-0.1284392	-0.02853437	-0.0166687	-0.09137284	0.04285618	0.1750206	0.05951719	0.06285308	0.1345723	0.0406717	-0.03199676	0.09172667	-0.7521821	-1.399409	-1.137181	-0.4850302	-0.375254	-0.8162687
-99.609375	0.06841232	-0.04783441	-0.001940177	0.1273182	0.1767649	0.1741049	-0.1059557	-0.007301481	-0.1398274	0.06834292	0.118548	0.05237363	-0.5502063	-0.3615275	-0.9443517	0.67963	0.8749114	0.10195	0.004020235	0.03039732	0.1404936	-0.1470186	-0.395798	-0.3223582	0.2035239	0.1281138	0.1816137	0.001426057	-0.1562151	0.01463379	0.4443722	0.3218048	0.1119828	0.3457516	0.2644183	0.1766353	-0.1857211	-0.08107729	-0.2391599	0.02876807	0.2250348	0.06309012	-0.00217283	0.2143102	0.02637044	0.2092615	0.2079425	0.214168	-0.8928024	-1.537709	-1.024639	-1.165543	-0.9136255	-1.025668	0.216454	0.2890461	0.1488665	0.2896214	0.2816944	0.2774708	0.22025	0.2267192	0.1813869	0.07823183	-0.07148475	0.03346896	0.2492779	0.6159528	0.3960916	0.3653583	0.3862142	0.5697534	-0.07667022	-0.1314729	-0.03598811	-0.2333471	-0.2467533	0.05349129	-0.03196401	0.06403159	0.1069028	-0.02159787	0.03738072	0.1263489	0.02357724	-0.1281751	-0.147948	-0.1762766	-0.1451182	-0.2022441	-0.2013753	0.09499297	0.2152988	-0.5473324	-0.1446873	0.1364679	-0.1417524	-0.09650698	-0.07214236	0.0268598	-0.2170209	0.05056373	0.6340817	0.4865619	0.02160002	0.6145905	0.4740781	0.3242322	-0.03967031	0.1124668	0.07548814	0.01270278	0.1372252	0.2986219	0.0412107	-0.0304341	0.07928633	0.009361922	-0.1058402	-0.01202838	-0.9006018	-1.554891	-1.180124	-0.5528078	-0.3569626	-0.8776641
-97.65625	0.0404662	-0.04613983	0.01216526	0.05587872	0.18768	0.1800587	-0.09732179	0.003405865	-0.1178963	0.0437722	0.117608	0.05160198	-0.662767	-0.4624405	-1.005505	0.6362289	0.9289449	0.1778118	-0.01562758	-0.0369321	0.1336749	-0.2053127	-0.4432247	-0.3468726	0.1955129	0.1451488	0.1989512	0.009504439	-0.1383951	0.05582691	0.537029	0.3917143	0.1534937	0.4674029	0.3405534	0.2086	-0.07565756	-0.03289322	-0.1395664	-0.006496494	0.1423783	0.07490841	-0.03058491	0.1683977	0.03395365	0.1407976	0.1324322	0.1659618	-0.7543409	-1.310199	-0.8326778	-1.03722	-0.8315651	-0.8723136	0.2078652	0.261275	0.1604113	0.2138515	0.2640808	0.220784	0.1957529	0.1650222	0.1690223	0.05050718	-0.08933445	0.02404114	0.2155801	0.5312402	0.4260761	0.2972543	0.3611583	0.5669244	-0.06367081	-0.1372301	-0.04590396	-0.1861152	-0.222949	0.05284036	-0.01066637	0.04173411	0.1152142	-0.06110898	-0.03420816	0.07529631	0.191143	0.03755993	0.01896146	-0.07860721	-0.2130769	-0.2713208	-0.1951033	0.05606874	0.05954577	-0.438778	-0.04626099	0.1635565	-0.1545846	-0.1020972	-0.08209956	0.03450114	-0.2239819	0.04265549	0.4725781	0.27366	-0.1395154	0.4795163	0.5645128	0.2378194	-0.06896358	0.1228208	0.091946	0.05322779	0.1742903	0.3471749	0.0893742	-0.00429357	0.1104793	0.01493381	-0.1238978	-0.05000412	-0.8193989	-1.303588	-0.9955311	-0.4294724	-0.177933	-0.7943795
-95.703125	-0.0152321	-0.05481158	0.01358389	-0.02718615	0.1983064	0.1674105	-0.09068748	0.01969535	-0.08093219	0.01086769	0.1046325	0.04618312	-0.693778	-0.4975613	-0.9459851	0.5811034	0.8893152	0.252113	0.0159414	-0.06199085	0.1585171	-0.2382026	-0.4792584	-0.3405072	0.1870133	0.1631093	0.2012035	0.02522638	-0.1071382	0.09314936	0.6223018	0.4782134	0.2443916	0.5064424	0.3390237	0.2735606	0.07454709	0.05594043	0.01757763	-0.009507172	0.07472289	0.09048665	-0.03943658	0.124956	0.05445696	0.07293428	0.04616822	0.1071136	-0.5094984	-0.9375707	-0.5021935	-0.7992895	-0.666016	-0.6038687	0.181357	0.2198973	0.1503157	0.1412189	0.2361801	0.1360947	0.1812425	0.1034744	0.1634292	0.02722327	-0.1050069	-0.0006668693	0.1194283	0.3805734	0.4294346	0.07919501	0.2605421	0.4856326	-0.04866515	-0.1285949	-7.56734e-06	-0.1915807	-0.21863	0.03455172	0.01912924	0.02093247	0.1222294	-0.07733566	-0.09521276	0.0261372	0.3191612	0.199728	0.1892821	0.02906391	-0.2019763	-0.3277478	-0.1616454	0.08423088	-0.03221828	-0.2579357	0.07771961	0.2315251	-0.1521007	-0.0814811	-0.08653479	0.05303681	-0.1979936	0.03885574	0.2661396	0.03884543	-0.2552062	0.2645376	0.6734965	0.2117699	-0.3354085	-0.2215064	-0.1496932	-0.04864228	0.08504149	0.1857829	0.1793937	0.1180374	0.2012658	0.06264198	-0.08426963	-0.01647111	-0.8708337	-1.25244	-1.058177	-0.3185687	-0.03923409	-0.9056811
-93.75	-0.09670535	-0.08495735	-0.007509734	-0.09863767	0.1822742	0.1345427	-0.07650316	0.04797831	-0.04358755	0.0006420657	0.09480707	0.04791174	-0.6426377	-0.463545	-0.7974424	0.5336631	0.766606	0.2831508	0.07650441	-0.04860212	0.1790303	-0.2379497	-0.4783421	-0.3072479	0.205288	0.1881465	0.2036632	0.04630018	-0.07876645	0.1181752	0.6909171	0.5206744	0.2929062	0.4800677	0.2950442	0.310923	0.2233006	0.1820471	0.1845084	0.03065775	0.0485412	0.1179464	-0.01983469	0.1125994	0.08413893	0.03926358	-0.009202115	0.07180418	-0.2617239	-0.5602309	-0.2168688	-0.5034558	-0.4261917	-0.3158295	0.1627829	0.1868127	0.1212646	0.1305676	0.2063544	0.06204917	0.1864897	0.07725526	0.1721098	0.01517854	-0.1193966	-0.02366831	0.03507151	0.2208291	0.3984776	-0.1518748	0.132582	0.3536159	-0.02527287	-0.09604535	0.06761242	-0.2278963	-0.2211495	0.009910759	0.03985823	0.004607834	0.1304682	-0.08834182	-0.1373647	-0.008073859	0.385965	0.3292319	0.2987896	0.1264538	-0.1294607	-0.3656094	-0.1670115	0.1064902	-0.08745972	-0.08307913	0.2005148	0.2703968	-0.1509921	-0.06741521	-0.1088832	0.07021512	-0.1514672	0.02289397	0.02752233	-0.2050073	-0.3398166	0.05746667	0.7909674	0.2499757	-0.3675954	-0.2057807	-0.1210684	-0.01893356	0.0877303	0.2187791	0.132055	0.04406727	0.1269877	0.057956	-0.07698951	-0.06632453	-0.7276708	-0.8923638	-0.9017711	-0.08147115	0.1512651	-0.8781929
-91.796875	-0.1810001	-0.1359889	-0.04691926	-0.1399463	0.1344249	0.08209305	-0.04793201	0.0885368	-0.01659565	0.029597	0.09902211	0.06764334	-0.5369431	-0.3663545	-0.6190664	0.525521	0.6267443	0.2639341	0.1341003	-0.02708373	0.1581941	-0.2193637	-0.4337733	-0.263791	0.2546591	0.2174961	0.2211568	0.06450341	-0.06946753	0.1281045	0.7187046	0.4782697	0.2287635	0.4351827	0.2573482	0.2824627	0.3502435	0.324533	0.3261584	0.1006481	0.06348449	0.1627476	0.01502171	0.1247232	0.1092383	0.03531285	-0.02902244	0.06334291	-0.1295056	-0.3233503	-0.1182956	-0.2610159	-0.2012659	-0.1239199	0.175669	0.1829278	0.09510998	0.2027568	0.1859293	0.03825851	0.2067297	0.09552664	0.1912387	0.0177984	-0.1329918	-0.03004396	0.02390987	0.1139235	0.3497166	-0.2509714	0.04319112	0.2415477	0.00560203	-0.04784373	0.1018333	-0.2412111	-0.2139645	0.003308581	0.04178275	-0.006860416	0.1347784	-0.1122048	-0.1625137	-0.02855902	0.3837437	0.3866906	0.3022168	0.1716313	-0.06548826	-0.4024242	-0.199109	0.1204065	-0.112362	0.04813109	0.3032606	0.2578616	-0.1673486	-0.08390291	-0.1561292	0.07156964	-0.1107915	-0.01065419	-0.1607556	-0.3288609	-0.3379688	-0.03283581	0.920663	0.3506561	-0.4160264	-0.2831653	-0.1705732	-0.01722632	0.06581566	0.203338	0.1886484	0.1553903	0.1913236	0.1358754	-0.007355818	0.003580026	-0.9491329	-1.172891	-1.171546	-0.1144829	0.08719027	-1.169858
-89.84375	-0.2524061	-0.2032687	-0.09440533	-0.1567784	0.07775863	0.01315327	-0.01726752	0.1212881	-0.009090252	0.07671417	0.110769	0.0971664	-0.4188329	-0.2555273	-0.4878569	0.5511813	0.5273102	0.1867921	0.1707197	-0.02795274	0.1063288	-0.2106005	-0.3766628	-0.2292924	0.3132698	0.2411138	0.2550884	0.07295798	-0.08578141	0.1251587	0.6885054	0.3587821	0.0701813	0.3936911	0.2302301	0.1873672	0.4358456	0.4294875	0.4140261	0.1614804	0.09469429	0.2028498	0.03279337	0.1209589	0.1083116	0.02503793	-0.04136549	0.05356412	-0.1544209	-0.2538967	-0.1921772	-0.1467008	-0.07449565	-0.05576222	0.2153774	0.2087959	0.09258309	0.3191265	0.175706	0.07530101	0.2205072	0.1320062	0.2034581	0.02802346	-0.1401982	-0.01866027	0.07354869	0.0851468	0.3062989	-0.173762	0.03526989	0.2147651	0.03480707	-0.006093058	0.07007438	-0.1978676	-0.1957337	0.02709784	0.03104841	-0.0128912	0.1277953	-0.1439291	-0.1748873	-0.04303956	0.3585038	0.3894748	0.2202947	0.1885935	-0.04801579	-0.4476344	-0.2458889	0.0934027	-0.1550263	0.121751	0.3703644	0.1938955	-0.1942751	-0.1113556	-0.200334	0.05805627	-0.08841065	-0.04082284	-0.2620042	-0.2761226	-0.2680587	0.01747656	1.076577	0.4671698	-0.4470457	-0.383471	-0.2518274	-0.02088738	0.05647494	0.1781331	0.1761243	0.1526755	0.1734268	0.1753321	0.02890774	0.01415457	-1.062585	-1.31191	-1.234929	-0.1677629	0.01181634	-1.275842
-87.890625	-0.2850835	-0.251132	-0.1261009	-0.1388184	0.05808767	-0.04803462	-0.0007872166	0.1301441	-0.01604308	0.1080383	0.1207865	0.1227335	-0.3147607	-0.1565085	-0.4139289	0.5893133	0.5095884	0.1016843	0.1987623	-0.04103165	0.08128642	-0.2243423	-0.3460552	-0.2054972	0.3496554	0.246866	0.2946022	0.06820201	-0.1261728	0.1130907	0.6334479	0.2350198	-0.07831637	0.356237	0.1920976	0.07664271	0.4828475	0.4680489	0.4540229	0.1886914	0.1170196	0.2128694	0.01474195	0.07253731	0.07452021	-0.01925529	-0.07591626	0.01534837	-0.2834795	-0.245924	-0.2857989	-0.1472475	-0.05836629	-0.03501708	0.2566155	0.2460555	0.1176503	0.4108226	0.1609917	0.1404492	0.2086741	0.1496992	0.1912533	0.03703736	-0.1319985	-0.004041598	0.1004352	0.1076652	0.2742297	0.001467111	0.1036841	0.2942857	0.04481147	0.01272057	-0.008342992	-0.1169254	-0.1695961	0.08078605	0.02832261	-0.006684353	0.1102542	-0.1498023	-0.1733082	-0.05292759	0.3738245	0.3864948	0.1411391	0.2136581	-0.07815319	-0.5086803	-0.2732275	0.04939313	-0.2235156	0.1726218	0.4075301	0.1259524	-0.2228426	-0.1265348	-0.2211675	0.03772589	-0.08144211	-0.04789449	-0.3363636	-0.1637448	-0.2591956	0.1140302	1.233093	0.5183104	-0.5761912	-0.6326156	-0.4672575	-0.08275981	0.02874725	0.06179192	0.1071734	0.04945211	0.08548294	0.1687567	0.03639836	-0.03520456	-1.169037	-1.459066	-1.26005	-0.2666699	-0.0648395	-1.268549
-85.9375	-0.2898922	-0.2711069	-0.1436388	-0.09653182	0.09050469	-0.09038804	-0.003558529	0.1170516	-0.02553725	0.109094	0.1287575	0.1340412	-0.2157483	-0.04874306	-0.3488148	0.6315628	0.5717276	0.09251508	0.2447077	-0.02920415	0.143326	-0.2510273	-0.3655851	-0.179212	0.3544279	0.239493	0.331288	0.05675793	-0.1786808	0.0997658	0.6222389	0.1864291	-0.1144223	0.319813	0.1284183	0.01505334	0.4869297	0.4410049	0.4517036	0.1866354	0.1301017	0.1848664	-0.03655011	-0.01407783	0.01701325	-0.09001932	-0.1303468	-0.04907834	-0.381046	-0.1366124	-0.223235	-0.1623017	-0.08690364	0.0448577	0.2579082	0.2632727	0.146215	0.4201763	0.1400325	0.1925272	0.1683004	0.1294869	0.1511627	0.03895916	-0.1021544	-0.003336484	0.03374441	0.13103	0.2390187	0.1572531	0.2002525	0.4360794	0.02824108	0.009653941	-0.08033121	-0.04628457	-0.1385763	0.1490943	0.03794313	0.009671375	0.09098733	-0.1154933	-0.1539305	-0.05178815	0.4637678	0.4267206	0.1489962	0.2770775	-0.1198605	-0.573778	-0.2678514	0.02782603	-0.2852729	0.2276145	0.4274916	0.1041588	-0.2471062	-0.1242466	-0.219641	0.01936779	-0.08081789	-0.03260517	-0.4365076	-0.1401715	-0.4106029	0.1640123	1.370655	0.4764935	-0.6656844	-0.7433929	-0.6009604	-0.09986433	0.05383332	0.001247969	0.08475447	0.01822469	0.05222125	0.1741857	0.06718995	-0.04429378	-1.23035	-1.530729	-1.240031	-0.3464572	-0.0801171	-1.140082
-83.984375	-0.282295	-0.2640311	-0.1531447	-0.0408664	0.1538673	-0.1047118	-0.01835292	0.101599	-0.03010222	0.09672988	0.1488327	0.1350453	-0.1571943	0.05443242	-0.2682404	0.6437457	0.6798202	0.201407	0.3135091	0.02414014	0.2893125	-0.2758688	-0.4266919	-0.1391741	0.3369714	0.2277924	0.3596803	0.04389822	-0.2308589	0.0904861	0.7196131	0.2566888	-0.01149049	0.3117737	0.06911408	0.04468402	0.4573816	0.3897546	0.4216949	0.1833545	0.1482373	0.1435072	-0.08989042	-0.09227642	-0.03677148	-0.146406	-0.1713487	-0.1041526	-0.3812135	0.1120353	0.008371376	-0.1027055	-0.06985579	0.207288	0.2149671	0.243264	0.1569039	0.3474547	0.1077589	0.1966312	0.1201087	0.08573885	0.1012593	0.03587182	-0.05784408	-0.02187247	-0.09108822	0.1356631	0.2035517	0.2378004	0.2484142	0.5620061	-0.01001342	0.001818637	-0.1052069	-0.01861524	-0.09026153	0.2175754	0.0540646	0.03589202	0.08080199	-0.04513441	-0.113639	-0.02948553	0.578939	0.493696	0.2522759	0.3356907	-0.1452747	-0.6239582	-0.2451742	0.04069673	-0.3041836	0.2809814	0.4390954	0.1314286	-0.2634725	-0.1122352	-0.2099673	0.007683365	-0.07854029	-0.01249124	-0.5559977	-0.2443429	-0.6854239	0.1620231	1.488304	0.4053754	-0.5815958	-0.4854974	-0.467994	0.0206884	0.1840272	0.1304667	0.08645244	0.03289625	0.04825121	0.1870121	0.1142526	-0.01771941	-1.482275	-1.922943	-1.526558	-0.5122753	-0.1440925	-1.181668
-82.03125	-0.2820756	-0.2592258	-0.1715891	-0.004436888	0.1845832	-0.1091183	-0.04469185	0.09232516	-0.03744848	0.0885059	0.185094	0.1316164	-0.1097104	0.1679679	-0.1575517	0.6580933	0.799394	0.4108805	0.380885	0.09336208	0.4424647	-0.2913789	-0.4912759	-0.08713511	0.3165373	0.2231392	0.3774898	0.03515411	-0.2671932	0.08946226	0.9149449	0.417975	0.1568989	0.3641085	0.06977674	0.154596	0.4086009	0.3527132	0.3755588	0.1962367	0.176267	0.121611	-0.122471	-0.1249745	-0.06861321	-0.1596172	-0.1731123	-0.1185277	-0.2732894	0.4146536	0.2948208	0.03497436	-0.00626327	0.3680371	0.1481901	0.186113	0.1376735	0.2378742	0.07520267	0.1547108	0.08931386	0.05049749	0.06596273	0.0337602	-0.01027475	-0.04716252	-0.1806743	0.1364053	0.1746589	0.2753728	0.2214613	0.6319598	-0.05486298	0.0009480339	-0.09177926	-0.02674893	-0.01660598	0.268172	0.06295376	0.06462053	0.08313305	0.02720336	-0.06261409	0.008341754	0.6378878	0.5405127	0.3747706	0.3444691	-0.1450032	-0.6278	-0.1995172	0.1048598	-0.2345295	0.318874	0.443136	0.1838541	-0.2679487	-0.1048553	-0.2048816	-0.003013377	-0.08158232	-0.01311248	-0.6469452	-0.3978473	-0.9204394	0.1792813	1.606795	0.4056302	-0.6754161	-0.4915529	-0.5426099	0.06466748	0.2291851	0.1131766	0.03888632	-0.01908311	-0.01052823	0.1720767	0.1385481	-0.01328295	-1.257041	-1.557202	-1.274947	-0.3859527	0.02102034	-0.846805
-80.078125	-0.2972273	-0.2791137	-0.2025742	-0.00875603	0.1436655	-0.1211	-0.07467165	0.09327468	-0.05610486	0.1003964	0.2292335	0.1341197	-0.09144963	0.2437847	-0.06503001	0.676175	0.8896619	0.6175734	0.4052126	0.1255532	0.5038823	-0.3029185	-0.5174865	-0.04047561	0.2999024	0.2269191	0.3778066	0.03282537	-0.2737552	0.09809356	1.103248	0.5693542	0.2836992	0.4576226	0.1357165	0.2707432	0.3441823	0.3265285	0.3147647	0.2095775	0.1975	0.1260439	-0.1321706	-0.115216	-0.08043061	-0.1411456	-0.1475641	-0.09525914	-0.170754	0.5716815	0.4267961	0.1540818	0.04238351	0.3965954	0.09077778	0.1110979	0.09588442	0.1482781	0.04980454	0.09367418	0.09470353	0.04998661	0.06313578	0.04402498	0.02383108	-0.06083452	-0.122744	0.1716936	0.1846987	0.339109	0.1134389	0.6338916	-0.08192463	0.01189693	-0.07732576	-0.02802194	0.06560434	0.2850637	0.05874918	0.0888359	0.09301716	0.06594037	-0.01753352	0.04306371	0.6154473	0.5413069	0.4228349	0.322234	-0.1411828	-0.5704675	-0.1439157	0.1773972	-0.106754	0.3293882	0.4294555	0.2095341	-0.2592462	-0.1030801	-0.2040889	-0.0203549	-0.09598976	-0.04122189	-0.6698633	-0.5003679	-0.962628	0.2770921	1.726719	0.5116467	-0.6799589	-0.3919482	-0.5224389	0.1571921	0.2971546	0.1725215	0.002002731	-0.03729177	-0.03879593	0.163759	0.161577	0.02031417	-1.353503	-1.752753	-1.444566	-0.4803263	-0.0008852333	-0.8774934
-78.125	-0.3112153	-0.3195174	-0.2258129	-0.05569616	0.03251611	-0.1462787	-0.1070103	0.08805505	-0.09016773	0.1158938	0.2496257	0.1359516	-0.06649493	0.2772228	-0.004353188	0.7126508	0.9361658	0.727214	0.3554018	0.07992453	0.4336117	-0.3221034	-0.4946051	-0.01960727	0.272306	0.2233264	0.3500813	0.03227181	-0.2506703	0.1105233	1.182433	0.6383025	0.3217684	0.5351561	0.2204411	0.3166662	0.2805765	0.2956351	0.2541065	0.200786	0.1904299	0.1400588	-0.1385469	-0.1020071	-0.08993804	-0.1338284	-0.1387366	-0.07097355	-0.1264638	0.502749	0.3434936	0.1529623	-0.01993973	0.2453173	0.05925631	0.03937706	0.04806526	0.1026612	0.0262857	0.0385168	0.1293213	0.08206924	0.08607478	0.06962126	0.03894223	-0.05314245	0.08107876	0.2521096	0.2393433	0.4547099	-0.03690883	0.5897644	-0.07953166	0.02901085	-0.09036385	0.009467166	0.1274854	0.2624926	0.05126081	0.1050923	0.1008182	0.06241074	0.008005744	0.05369646	0.5256565	0.4873556	0.3664543	0.2723989	-0.1597963	-0.4688358	-0.08964626	0.1906108	-0.004511882	0.3233665	0.3812056	0.1637335	-0.238519	-0.1079994	-0.2010278	-0.04941995	-0.1242675	-0.09053327	-0.6173844	-0.4415098	-0.74529	0.4701169	1.845372	0.7100309	-0.7391427	-0.4615552	-0.6043749	0.175543	0.3105077	0.1535813	-0.007838826	0.0004646845	-0.01695013	0.167487	0.191972	0.08379979	-1.233976	-1.613969	-1.321272	-0.489658	0.0535325	-0.7492335
-76.171875	-0.3023811	-0.3525463	-0.2140549	-0.1188056	-0.09415442	-0.1727099	-0.1349128	0.06278061	-0.1301984	0.1106205	0.2214017	0.1238177	-0.005294117	0.292603	0.04846644	0.7452415	0.9157973	0.7055754	0.2474198	-0.01636666	0.2873526	-0.3404692	-0.4322299	-0.0219027	0.218426	0.2001391	0.2925498	0.02922051	-0.2091574	0.1202818	1.113177	0.6045992	0.2995113	0.5289135	0.2441741	0.2552783	0.2514195	0.257076	0.2232624	0.1583844	0.1356772	0.1337611	-0.1543988	-0.1213039	-0.1105319	-0.1693744	-0.1811556	-0.08307291	-0.132451	0.2793323	0.1373325	0.01516479	-0.204475	-0.00970531	0.04916555	-0.01666977	0.01068663	0.0831145	-0.009872367	-0.00659611	0.1674082	0.1208467	0.1101563	0.1040411	0.04167076	-0.0313269	0.3084884	0.3386151	0.2999569	0.577176	-0.162049	0.5273471	-0.05657165	0.04364661	-0.1179502	0.07085577	0.1455195	0.2092448	0.05727343	0.1164555	0.1016696	0.03857032	0.01394925	0.0369653	0.4823601	0.4580109	0.2830596	0.2734418	-0.2075708	-0.3453749	-0.02613423	0.1712517	0.03894463	0.3424929	0.3133185	0.07974773	-0.2237189	-0.1241155	-0.1990584	-0.0878338	-0.1531504	-0.1416049	-0.5642354	-0.3066638	-0.4376168	0.668009	1.910433	0.8705966	-0.6987448	-0.4308314	-0.5832341	0.1916225	0.3458067	0.1826963	-0.0568478	-0.02332884	-0.04026216	0.1404755	0.2055297	0.1006469	-1.212324	-1.622766	-1.268509	-0.590269	0.07395378	-0.687496
-74.21875	-0.2692981	-0.3646165	-0.1685465	-0.1710575	-0.1879276	-0.1941593	-0.1457117	0.022431	-0.1526971	0.07431584	0.1481072	0.09191975	0.0676908	0.3213096	0.1243042	0.7319925	0.8368109	0.6136331	0.1395505	-0.08379433	0.1758159	-0.3307462	-0.3480873	-0.02015213	0.1411422	0.1585811	0.2235159	0.0211083	-0.1708494	0.1234626	0.9543773	0.5200872	0.2816429	0.4331645	0.1755813	0.1295812	0.2678249	0.2252209	0.2294476	0.1014106	0.05111342	0.09936206	-0.1670704	-0.1640246	-0.1307026	-0.2336115	-0.2658234	-0.132609	-0.0887428	0.09788659	0.01564062	-0.1700436	-0.4376514	-0.2216322	0.05097266	-0.06001331	-0.003513708	0.04688729	-0.07645015	-0.05979818	0.1880792	0.1400933	0.1158462	0.1341098	0.03636708	-0.01421482	0.4075062	0.3631473	0.3083249	0.6221321	-0.2243283	0.4482421	-0.02679848	0.06149178	-0.1145479	0.1223204	0.1265957	0.1525822	0.08116754	0.1270653	0.09760804	0.02241988	0.01581656	0.01240906	0.547371	0.5058157	0.2860575	0.3142036	-0.2678261	-0.2259986	0.01931137	0.1280103	-0.005534815	0.3883725	0.2362837	-0.01151028	-0.2182097	-0.1404444	-0.1925393	-0.116891	-0.1605637	-0.1702096	-0.5498052	-0.172899	-0.2351163	0.8000001	1.91454	0.9165068	-0.6295549	-0.3726981	-0.524157	0.1689201	0.3666826	0.1959581	-0.08171888	-0.01286788	-0.04618379	0.1240895	0.2400709	0.1206798	-1.079153	-1.417684	-1.043679	-0.6228215	0.1799548	-0.4779485
-72.265625	-0.1955019	-0.3291946	-0.09476282	-0.1700858	-0.2201046	-0.1907741	-0.1369234	-0.02329523	-0.148406	0.01764298	0.05899233	0.04116301	0.1104184	0.3856031	0.2256221	0.6522855	0.728492	0.5517733	0.08214941	-0.06668123	0.1661022	-0.2763014	-0.2573795	0.01087657	0.06764315	0.1209844	0.1732743	0.01199575	-0.1498093	0.1247558	0.7945141	0.4462101	0.2937342	0.3115801	0.06074549	0.03041661	0.3105691	0.2137374	0.2496485	0.05573509	-0.03151315	0.0514826	-0.1646521	-0.1984745	-0.1381822	-0.280496	-0.3388737	-0.1870942	0.09714045	0.1159916	0.1256731	-0.2804228	-0.6145744	-0.2888197	0.06952553	-0.0987151	0.01468163	-0.03256701	-0.1743887	-0.1376424	0.1905145	0.1335331	0.1047677	0.1485839	0.02205888	-0.01634726	0.3105861	0.2819276	0.227403	0.5498264	-0.220342	0.3508449	-0.002504362	0.08544077	-0.04822313	0.1335472	0.09612862	0.1144261	0.1078904	0.1360107	0.09623781	0.01944418	0.02757679	0.006178258	0.7097347	0.6360322	0.4272082	0.3510926	-0.3176068	-0.1281746	0.02263118	0.08052712	-0.106631	0.4217524	0.1566884	-0.08390827	-0.2248346	-0.1601254	-0.1929814	-0.1238666	-0.1337435	-0.1743202	-0.5794597	-0.1476023	-0.2728714	0.8267669	1.858502	0.8122475	-0.6845643	-0.5030422	-0.6038256	0.04437913	0.3050899	0.06835566	-0.1444753	-0.07909117	-0.1248706	0.09004626	0.2650377	0.08476046	-1.210655	-1.609456	-1.159629	-0.7713335	0.1924896	-0.472773
-70.3125	-0.1153177	-0.2775104	-0.03531451	-0.1289011	-0.2198095	-0.1717049	-0.1112585	-0.0587422	-0.1230345	-0.02942941	-0.008342351	-0.01179654	0.09220798	0.4638576	0.3006884	0.536769	0.6299791	0.5713485	0.0889433	0.02376226	0.2342585	-0.187501	-0.1696277	0.07043477	0.02966977	0.1109405	0.1661741	0.008452972	-0.1474614	0.1322985	0.6808644	0.4178079	0.3047439	0.2530041	0.003269679	0.0371029	0.344276	0.2262958	0.2557882	0.03356866	-0.09113715	0.01655527	-0.1360824	-0.186247	-0.1179669	-0.2690405	-0.3502813	-0.2047931	0.3603439	0.2820412	0.3924873	-0.2817166	-0.6799927	-0.241889	0.120423	-0.1341774	0.0657914	-0.1385864	-0.2810127	-0.2363338	0.1861666	0.1148207	0.09371214	0.143223	0.002299557	-0.03233025	0.08945511	0.1211904	0.08648581	0.3905192	-0.190847	0.246663	0.006649973	0.1052769	0.05898755	0.102177	0.08154311	0.09977908	0.117341	0.1391906	0.1021126	0.01549166	0.0513294	0.02987329	0.8670744	0.7800989	0.6493268	0.3033105	-0.3431013	-0.05912112	-0.01000491	0.06256265	-0.1950646	0.4056982	0.08369944	-0.118809	-0.2366484	-0.1809584	-0.2038473	-0.1075986	-0.07539418	-0.1630104	-0.631027	-0.2222562	-0.5077547	0.7870748	1.795018	0.6331305	-0.5991587	-0.3918634	-0.5035838	0.004703807	0.2908742	0.05026519	-0.1367369	-0.04575097	-0.1339474	0.1065101	0.3213632	0.09849238	-1.096263	-1.363356	-1.003807	-0.7087811	0.3225058	-0.2472306
-68.359375	-0.05874885	-0.2400922	-0.01584816	-0.08217724	-0.2292669	-0.1463158	-0.09006778	-0.08803204	-0.1010864	-0.05341433	-0.04275309	-0.05602421	0.03836603	0.5190479	0.3162939	0.4368966	0.559611	0.6457726	0.1237126	0.110446	0.2915305	-0.1037749	-0.1012567	0.125585	0.04142277	0.1370519	0.2012652	0.01574426	-0.1516071	0.1521	0.5637957	0.3848567	0.2618445	0.2651793	0.03925683	0.1389713	0.3265673	0.2363001	0.2243207	0.02050586	-0.1305895	0.001702876	-0.09190287	-0.1272667	-0.07578498	-0.2035678	-0.2947968	-0.1733506	0.5550172	0.4101345	0.6032331	-0.2378192	-0.6635095	-0.1978966	0.2063256	-0.157019	0.1372676	-0.2263466	-0.362845	-0.327958	0.1913814	0.1051993	0.1023637	0.125417	-0.01582247	-0.04309056	-0.09663772	-0.04340158	-0.03527434	0.2327514	-0.1868841	0.1562575	-0.0003142161	0.09796596	0.1416291	0.05797778	0.08237007	0.08833592	0.1061859	0.1408672	0.1148547	0.004809833	0.08187668	0.07705675	0.9116414	0.8529918	0.8313032	0.1364408	-0.3421331	-0.02151147	-0.04807641	0.07526043	-0.2193152	0.3301692	0.006639053	-0.1244149	-0.234563	-0.1912321	-0.2143976	-0.07875633	-0.006055216	-0.1476726	-0.6474638	-0.2948197	-0.7351837	0.7583882	1.761703	0.4945031	-0.6000002	-0.4333694	-0.5306409	-0.07057748	0.2324965	-0.05761011	-0.1264443	-0.02004914	-0.1405482	0.1277678	0.3634808	0.1121363	-1.01248	-1.137298	-0.9105467	-0.5958411	0.4126002	-0.09429327
-66.40625	-0.05568357	-0.2363034	-0.03199673	-0.0722793	-0.2578264	-0.1139854	-0.0928764	-0.1200723	-0.1036808	-0.05739632	-0.05444879	-0.08413725	0.03040552	0.5399038	0.2795043	0.4133243	0.5037158	0.6950287	0.1478145	0.1336428	0.2774803	-0.05393064	-0.06571863	0.1443475	0.08762179	0.1806755	0.2532385	0.02996228	-0.1524005	0.1785884	0.3984334	0.3147906	0.1708337	0.2926175	0.1338262	0.2631321	0.2490909	0.2228433	0.1687186	-2.897186e-05	-0.1621452	0.0006634636	-0.05659111	-0.05779787	-0.03521498	-0.12714	-0.2119056	-0.114677	0.5426782	0.3271421	0.5628751	-0.2514748	-0.6371542	-0.2579937	0.3107216	-0.1459104	0.2099577	-0.2457618	-0.400306	-0.38391	0.2098472	0.1158075	0.133762	0.1067442	-0.01951753	-0.03159297	-0.120599	-0.1394623	-0.06060161	0.1408119	-0.251405	0.08929747	-0.01407007	0.05690713	0.1411772	0.05317731	0.08797281	0.06705785	0.08541558	0.1449659	0.1291915	-0.01240205	0.1082851	0.1255013	0.8294873	0.8448036	0.89727	-0.07401713	-0.3013234	0.01021649	-0.06822515	0.08410922	-0.1854382	0.2207145	-0.0933748	-0.1227409	-0.2118871	-0.1807887	-0.2111052	-0.0507361	0.05562995	-0.1296172	-0.6299303	-0.2888593	-0.8082747	0.7806658	1.755805	0.4558464	-0.5024451	-0.336113	-0.4618751	-0.07704649	0.2273894	-0.07975714	-0.1066965	0.01871664	-0.1191309	0.148316	0.388976	0.1441359	-1.136628	-1.224826	-1.073001	-0.544005	0.3835979	-0.1901961
-64.453125	-0.1001633	-0.2483368	-0.05079527	-0.1075752	-0.275972	-0.0634563	-0.121547	-0.1544076	-0.1298364	-0.05676225	-0.05944711	-0.09551539	0.1076923	0.5232676	0.2421225	0.4455525	0.418283	0.6439703	0.1462069	0.09495858	0.213318	-0.03943054	-0.07198285	0.1209119	0.1382015	0.212386	0.2922791	0.04153016	-0.1493004	0.1981873	0.2009699	0.2073567	0.1020246	0.2533708	0.1813991	0.317451	0.1460856	0.1935794	0.1262378	-0.02405355	-0.186523	0.007689617	-0.0451625	-0.01755132	-0.01728158	-0.08393995	-0.1514392	-0.06238886	0.3368181	0.04773183	0.2700545	-0.3430326	-0.6249815	-0.4043184	0.389076	-0.08809096	0.2602632	-0.1844078	-0.3827024	-0.37886	0.2320462	0.1416983	0.1736698	0.09442644	-0.002857693	0.001434816	0.01062807	-0.1570953	0.009784208	0.1259919	-0.3529882	0.04339424	-0.03271519	-0.01297759	0.06055123	0.09145459	0.0778554	0.03428915	0.07827265	0.1629961	0.142505	-0.01606697	0.1261649	0.1603642	0.6799046	0.794044	0.8537964	-0.2381868	-0.2111158	0.06259856	-0.05408353	0.08781376	-0.1254803	0.1367436	-0.2140449	-0.1158574	-0.1812977	-0.1636353	-0.1973539	-0.03408896	0.0968588	-0.1112601	-0.6017528	-0.2256134	-0.7220122	0.8274814	1.706011	0.4679544	-0.3158295	-0.1113979	-0.2918448	-0.03553306	0.2595678	-0.03174372	-0.08371653	0.06662116	-0.07132916	0.1536432	0.3939652	0.1915743	-1.189874	-1.184195	-1.097569	-0.4305197	0.3643502	-0.2730687
-62.5	-0.1751424	-0.2491511	-0.04636078	-0.1695798	-0.2372541	0.01483728	-0.1630558	-0.1804856	-0.1633886	-0.06161816	-0.05508431	-0.09205984	0.289534	0.5376177	0.2883153	0.5059983	0.3097022	0.5240672	0.1467602	0.06566378	0.1815961	-0.02852513	-0.1028178	0.08878239	0.1676201	0.2122421	0.3038325	0.04113106	-0.1512096	0.1982045	0.06599388	0.116804	0.1328493	0.1234448	0.1086221	0.2643033	0.06391549	0.1711269	0.1200281	-0.03119003	-0.1839115	0.02655877	-0.05781139	-0.02248929	-0.03027014	-0.08522299	-0.1317004	-0.03485701	0.0733754	-0.2605251	-0.1056585	-0.4391054	-0.5933117	-0.5339991	0.4167395	0.01147662	0.2849428	-0.07475615	-0.3321376	-0.3163478	0.2443621	0.1678849	0.2018541	0.08616115	0.02671095	0.03762545	0.188425	-0.1415441	0.1099194	0.1512068	-0.4220876	0.01098289	-0.03899274	-0.06739987	-0.03143741	0.1680582	0.05925267	0.01832636	0.09618485	0.1990206	0.1586693	0.0004996502	0.132959	0.1796905	0.5706149	0.7755845	0.7758064	-0.2698668	-0.06597784	0.161923	-0.03018181	0.07823632	-0.09570702	0.1037283	-0.348701	-0.1126379	-0.1515675	-0.1366559	-0.1669021	-0.02019605	0.1259097	-0.07932744	-0.5245846	-0.09797243	-0.533218	0.8657736	1.552142	0.4669823	-0.2410319	-0.08304232	-0.2551724	-0.07621107	0.2054661	-0.107059	-0.1239812	0.01080166	-0.09107154	0.1006332	0.3477543	0.1813757	-1.094294	-0.9157369	-0.8857335	-0.2649166	0.3642074	-0.2500964
-60.546875	-0.2471104	-0.2132049	-0.01767443	-0.2140833	-0.1223888	0.1208514	-0.2007382	-0.1863562	-0.1847383	-0.07404172	-0.02636219	-0.07527523	0.4918618	0.5848526	0.4025953	0.5203189	0.1981345	0.3891267	0.1864253	0.1134827	0.241822	0.01157281	-0.1223104	0.09038712	0.1689607	0.1852069	0.2942509	0.02900296	-0.1626972	0.1787428	0.09095118	0.1105502	0.2779818	-0.03674197	-0.05669595	0.1496536	0.04083623	0.1782645	0.1504171	-0.007585631	-0.1414137	0.06519076	-0.0771919	-0.05287916	-0.06045127	-0.1074853	-0.1366613	-0.02700031	-0.07140018	-0.4027905	-0.3458476	-0.4321277	-0.4904374	-0.5457369	0.3962916	0.1188743	0.2937729	0.02117776	-0.280091	-0.2200813	0.2395875	0.1808482	0.2067027	0.0759342	0.04937076	0.0540134	0.2994627	-0.14574	0.1672413	0.1660008	-0.3966295	-0.005977565	-0.01786483	-0.07169621	-0.05275407	0.2435697	0.03866734	0.03350021	0.1338205	0.24664	0.1854433	0.02322216	0.1237902	0.1894928	0.5614636	0.8257322	0.7252692	-0.1588131	0.1285924	0.3111467	0.01283916	0.1201569	-0.07458632	0.1273748	-0.4651795	-0.08794825	-0.1297128	-0.1088352	-0.1322784	0.0001404402	0.1529159	-0.03783347	-0.4542081	-0.1181087	-0.4646221	0.7865686	1.243509	0.3039903	-0.1770572	-0.08895915	-0.2185196	-0.1403779	0.09079205	-0.219045	-0.118317	0.01716653	-0.06269079	0.05763866	0.3010756	0.1876752	-0.9465671	-0.5930614	-0.5973217	-0.1362112	0.3205423	-0.1751422
-58.59375	-0.2911463	-0.1426721	0.008261979	-0.209171	0.03386173	0.2333151	-0.2206206	-0.1720967	-0.1860771	-0.08746367	0.02741308	-0.0508136	0.6124259	0.6114813	0.5078396	0.4305375	0.1087706	0.2749	0.2706155	0.2340625	0.3654797	0.08093505	-0.1029132	0.1353505	0.1551254	0.1604554	0.2804807	0.01985941	-0.170919	0.1580729	0.2458383	0.1639977	0.4575191	-0.1639962	-0.2326116	0.03826015	0.0772291	0.2084183	0.1934553	0.03189946	-0.07761333	0.1146524	-0.09011865	-0.07893092	-0.08853736	-0.1201082	-0.1378382	-0.02522255	-0.04598041	-0.3330974	-0.3705136	-0.2952127	-0.3220572	-0.4343167	0.3578063	0.1897367	0.299999	0.04984921	-0.2590777	-0.1281269	0.2181986	0.1738777	0.1899299	0.05547975	0.04749647	0.04168211	0.307729	-0.1723946	0.1598873	0.1557615	-0.2579698	0.02120025	0.05243047	-0.008947264	0.02927569	0.3062823	0.01836596	0.06791004	0.1763289	0.2914385	0.2268703	0.02676336	0.09131045	0.19344	0.6252794	0.9152613	0.7038029	0.02764179	0.3516533	0.476031	0.06666122	0.2216577	-0.03961599	0.1639144	-0.5468582	-0.04192562	-0.1081032	-0.07815504	-0.1007828	0.0290911	0.1814353	0.001119474	-0.2865029	-0.162929	-0.4410793	0.6247135	0.8599699	0.05022445	0.03336466	0.1158894	-0.003653998	-0.1237622	0.0002917506	-0.2179433	-0.08693431	0.03945932	-0.0270769	0.02092666	0.2451229	0.1738674	-0.9194365	-0.5014662	-0.5057444	-0.1456561	0.1455632	-0.1922515
-56.640625	-0.3174985	-0.08387108	-0.008057775	-0.1785579	0.1478568	0.305899	-0.2286067	-0.1637557	-0.1786975	-0.1103193	0.07148296	-0.0379011	0.629876	0.5734815	0.5360631	0.2634172	0.04337623	0.1894508	0.3650932	0.3555659	0.4606862	0.1492074	-0.048245	0.1943355	0.1375436	0.1577757	0.2697626	0.02708662	-0.1592125	0.1553953	0.4160339	0.2265278	0.5790825	-0.220244	-0.3229828	-0.01178608	0.1527484	0.2374988	0.2285527	0.058108	-0.03741776	0.1471332	-0.08807193	-0.08115548	-0.09679633	-0.1119119	-0.1266357	-0.02455128	0.05674339	-0.186099	-0.2809286	-0.1291235	-0.1883193	-0.3111419	0.3289217	0.191902	0.3021987	-0.0005305606	-0.2823709	-0.07820165	0.1914868	0.1490056	0.1649998	0.02591493	0.01042035	0.005274144	0.2877719	-0.1686996	0.144357	0.1536893	-0.08013561	0.1021776	0.1591338	0.08323403	0.1631589	0.3394113	-0.01630954	0.07435497	0.2118587	0.3212708	0.2794355	-0.00511512	0.03545027	0.1901705	0.6889552	0.9803954	0.6727622	0.2048412	0.5622173	0.5968678	0.1043476	0.3176444	0.006473408	0.1573071	-0.5949597	0.003815717	-0.08292063	-0.05562083	-0.08713385	0.05229099	0.1993202	0.01441514	-0.1087173	-0.2788334	-0.4663738	0.3725946	0.4737387	-0.2480899	0.1256194	0.09040923	0.03630484	-0.1721824	-0.1500196	-0.3290112	-0.0378414	0.0653745	0.004920973	-0.004479072	0.1840011	0.1380501	-0.654344	-0.03374161	-0.1927881	-0.03176321	0.06391573	0.02725571
-54.6875	-0.3191663	-0.05141578	-0.06487808	-0.1360878	0.1762503	0.323598	-0.223342	-0.1745939	-0.1695689	-0.1423075	0.06683617	-0.0467174	0.6209481	0.4856403	0.5046618	0.1068294	-0.04000076	0.1125296	0.4202636	0.3968256	0.4521496	0.1814346	0.001979803	0.2204842	0.1229229	0.1783447	0.2570869	0.0556884	-0.117963	0.1776403	0.4679679	0.2400492	0.6053014	-0.2296176	-0.3097509	0.002829596	0.2408886	0.2423853	0.2509435	0.0480584	-0.06860078	0.1293127	-0.06432177	-0.05523852	-0.07509587	-0.09024897	-0.1151045	-0.02783881	0.04967249	-0.1687347	-0.2801026	-0.07967483	-0.1887093	-0.301741	0.3164732	0.1288331	0.2875688	-0.09525204	-0.3454825	-0.09256751	0.1682221	0.1142477	0.1438085	-0.007909099	-0.052392	-0.03672485	0.3235044	-0.09135874	0.1827868	0.1787682	0.0364353	0.2090861	0.2822216	0.1631363	0.2638975	0.3600915	-0.0812921	0.01443075	0.2371902	0.3316849	0.3301216	-0.06482033	-0.03233373	0.1752866	0.6967114	1.000162	0.6182144	0.3434903	0.7504399	0.6569792	0.168283	0.423194	0.1216638	0.122367	-0.6047652	0.0709328	-0.03992033	-0.02389536	-0.07847084	0.06565832	0.1997264	0.003835109	0.08685467	-0.2762573	-0.3620938	0.1360798	0.1737169	-0.4300663	0.2748948	0.1450957	0.1143085	-0.1666079	-0.224548	-0.3670711	0.01444752	0.08750078	0.03077323	-0.02038742	0.1246226	0.09752616	-0.639563	0.002341186	-0.2755828	-0.03073458	-0.09044766	-0.008329079
-52.734375	-0.3225359	-0.06848717	-0.1423866	-0.1293068	0.1156137	0.2793737	-0.1975419	-0.1971645	-0.1564351	-0.1754135	-0.003439594	-0.07758993	0.6265265	0.3728675	0.4527625	0.01993678	-0.1779296	0.01371059	0.4227858	0.3515081	0.3543455	0.1792387	0.01115054	0.1977824	0.1124016	0.204938	0.235269	0.09761046	-0.0566662	0.2118017	0.3766567	0.2041417	0.5904859	-0.2305771	-0.2607598	0.04293739	0.3280349	0.2201723	0.268159	0.006696815	-0.1789512	0.05217429	-0.01561237	-0.01139268	-0.02640708	-0.06799591	-0.1167385	-0.03733455	-0.1336309	-0.3395022	-0.448633	-0.2014277	-0.3445971	-0.4280162	0.3046622	0.03999316	0.2444721	-0.1791776	-0.4148799	-0.1622247	0.1575509	0.08262365	0.1358316	-0.0397125	-0.1260619	-0.06913972	0.4382648	0.04952098	0.2847747	0.2245428	0.0249199	0.2785161	0.3773968	0.1925958	0.2771756	0.3561127	-0.1779687	-0.1127743	0.2562686	0.3310332	0.3673219	-0.1248397	-0.09033797	0.1514651	0.6333864	0.9864448	0.5659468	0.4377667	0.9112591	0.6768974	0.2015756	0.4413054	0.2235253	0.06111456	-0.5923079	0.1258857	0.01109788	0.004228763	-0.07460892	0.06504846	0.17749	-0.02648488	0.2628225	-0.08474236	-0.08951661	-0.00249312	-0.02201298	-0.4353105	0.4273081	0.2315887	0.1905225	-0.1298444	-0.2268599	-0.3634479	0.02366983	0.05310772	0.01145555	-0.04950879	0.06132864	0.04734265	-0.6365374	-0.01891214	-0.398119	0.01283056	-0.1644624	-0.1137409
-50.78125	-0.3029737	-0.08434183	-0.1812048	-0.1338508	0.03697215	0.2197504	-0.1472362	-0.2057094	-0.1288376	-0.1945585	-0.1073125	-0.113666	0.7047105	0.3399865	0.4630261	0.05608125	-0.3480332	-0.07503765	0.3900421	0.2716561	0.2479254	0.1688533	-0.03087393	0.1452381	0.1024487	0.215398	0.2023911	0.1362635	0.001450203	0.2321178	0.2471628	0.1771277	0.6185448	-0.2260659	-0.2592265	0.06846076	0.3984065	0.1757187	0.2734222	-0.04430654	-0.3247452	-0.06147987	0.05206586	0.03447825	0.03527551	-0.05438069	-0.1377885	-0.05186011	-0.4112081	-0.5854384	-0.701941	-0.4115676	-0.5577971	-0.5922648	0.2739501	-0.02343093	0.1797697	-0.2108766	-0.445636	-0.2401621	0.1633349	0.06603188	0.1445511	-0.06556776	-0.1964167	-0.08555923	0.5614659	0.1830822	0.383296	0.2543198	-0.08679628	0.2631769	0.4319881	0.1865389	0.2285973	0.3262037	-0.2888229	-0.257383	0.2735812	0.3328265	0.3904247	-0.1596225	-0.1223278	0.1277929	0.543399	0.9908774	0.5569457	0.5337439	1.059193	0.7182624	0.1914424	0.3934272	0.2748467	0.01811275	-0.5452551	0.178703	0.05709976	0.02759106	-0.06708606	0.06240737	0.15159	-0.05141295	0.3600238	0.17182	0.2085955	-0.05390145	-0.1746694	-0.3596854	0.3728737	0.0400551	0.03765285	-0.1810654	-0.2679165	-0.5010877	0.05031001	0.07371341	0.03635136	-0.05600276	0.03054479	0.0565765	-0.3733062	0.32222	-0.1780616	0.2338129	-0.06225453	-0.05649321
-48.828125	-0.2624715	-0.06998622	-0.1558856	-0.1257613	-0.003072551	0.1776779	-0.07199194	-0.1734613	-0.07838364	-0.1811978	-0.1905265	-0.1335228	0.8008505	0.3981898	0.5202425	0.15378	-0.4952416	-0.1419629	0.3573429	0.2282429	0.2018681	0.184168	-0.08288945	0.1017716	0.09204438	0.2041556	0.1655281	0.1611743	0.0399675	0.2206312	0.1994675	0.1942673	0.7087895	-0.2010662	-0.3401523	0.05330092	0.4423721	0.116102	0.2561786	-0.09235464	-0.452009	-0.1757179	0.1119559	0.05964205	0.0834626	-0.05651971	-0.1745715	-0.07248246	-0.6058927	-0.7119502	-0.8574545	-0.553976	-0.685582	-0.6555043	0.2216389	-0.0333963	0.1183502	-0.1834387	-0.4090358	-0.2693675	0.1816183	0.0686181	0.1657718	-0.08410238	-0.2511085	-0.08877773	0.5935497	0.2375497	0.3902573	0.2368297	-0.1803406	0.1830553	0.4580286	0.1809267	0.19553	0.2577564	-0.395774	-0.3610528	0.2923745	0.3454018	0.4111164	-0.1648328	-0.1336339	0.1110438	0.4661137	1.033822	0.6046354	0.6367331	1.199093	0.822654	0.1264819	0.3068873	0.2347177	0.01297901	-0.4556448	0.226737	0.0903557	0.05060701	-0.05320945	0.07415572	0.1504683	-0.04867586	0.4043519	0.389571	0.3994345	-0.04394235	-0.3026656	-0.3042144	0.4800282	0.1824579	0.1334203	-0.0959741	-0.1983258	-0.4456716	0.03746452	0.05207871	0.03209427	-0.07533267	0.008145885	0.05988088	-0.2760807	0.3562587	-0.1009109	0.3389641	-0.03066066	-0.1622026
-46.875	-0.2103358	-0.01956554	-0.07837731	-0.08831114	0.002036365	0.1627037	0.01042304	-0.1077514	-0.01510972	-0.1416545	-0.2279747	-0.1369654	0.8160256	0.4628631	0.5499349	0.1708578	-0.5868708	-0.212674	0.3394088	0.2385609	0.2113204	0.2301175	-0.09100106	0.0833685	0.07732999	0.1776575	0.1292935	0.1702454	0.0583524	0.1776432	0.2414807	0.2185665	0.78635	-0.1638519	-0.4634577	-0.01009655	0.4568752	0.04611808	0.2151529	-0.1393514	-0.5291041	-0.2650111	0.1423834	0.05264789	0.1041472	-0.08015922	-0.2283463	-0.1068008	-0.6216817	-0.6463785	-0.8238454	-0.546142	-0.6590378	-0.5750794	0.1660358	-0.001216169	0.08592283	-0.1180733	-0.3212304	-0.2211833	0.1981599	0.07967561	0.1870797	-0.09643658	-0.2837207	-0.0864618	0.4903107	0.192314	0.2754936	0.180334	-0.151208	0.1112925	0.4829503	0.2037455	0.2415075	0.1448954	-0.4983442	-0.3975701	0.3127929	0.3637468	0.4394048	-0.1586513	-0.1461575	0.09829071	0.4258972	1.093884	0.6653743	0.7375475	1.318271	0.9692911	0.03475885	0.2383187	0.124769	0.04359668	-0.3247476	0.2805448	0.1151648	0.09225165	-0.02611998	0.1085649	0.1967636	-0.003231566	0.4511497	0.5022027	0.4498495	-0.04238542	-0.4025482	-0.3254762	0.5899581	0.3870713	0.2741133	0.02673864	-0.1032012	-0.3319106	0.01459692	0.01960924	0.02052932	-0.09091184	0.003490608	0.05238316	-0.1940491	0.3962182	0.008408695	0.4171455	-0.01876195	-0.2113505
-44.921875	-0.1722799	0.02865829	0.003066865	-0.03741718	0.005684028	0.1439596	0.08282156	-0.03792408	0.04377566	-0.09947351	-0.2400825	-0.142878	0.773517	0.4888377	0.5386918	0.06089913	-0.6229003	-0.2968376	0.3249858	0.2639777	0.2107832	0.2816339	-0.03137114	0.07538135	0.05820174	0.1501024	0.09286375	0.1704286	0.07104308	0.1211541	0.2397406	0.1532417	0.7427356	-0.1724599	-0.5612625	-0.1185664	0.4699428	-0.007437681	0.1854759	-0.183182	-0.5656019	-0.3211479	0.1455797	0.02533681	0.1057313	-0.1182822	-0.2953903	-0.1578479	-0.4957484	-0.4733377	-0.6524465	-0.4366273	-0.5405285	-0.4310226	0.1176602	0.02797327	0.08057357	-0.05705507	-0.2322039	-0.1177105	0.1931243	0.07737136	0.1905342	-0.1103674	-0.2956916	-0.0876875	0.3051586	0.09242349	0.09811233	0.119018	0.005326193	0.1123401	0.5264699	0.2528072	0.3654722	-0.0001938176	-0.6092636	-0.3881929	0.3392762	0.3769276	0.4753758	-0.1610283	-0.1847655	0.07769034	0.431145	1.144102	0.7038254	0.8220932	1.403496	1.101543	-0.03124603	0.2095461	0.004734902	0.08512057	-0.1827591	0.3324416	0.1293976	0.1454118	-0.0004440663	0.148423	0.2768637	0.06691577	0.4743573	0.4403979	0.376221	-0.1363917	-0.4693221	-0.4255188	0.5130284	0.3258709	0.2073341	0.06140852	-0.06319942	-0.3194109	0.04102888	0.06182772	0.06005481	-0.06730708	0.03882108	0.06853163	-0.2198811	0.3534289	0.001309752	0.4439979	-0.02991901	-0.2336282
-42.96875	-0.1275463	0.06521456	0.06558391	0.02943636	-0.02157357	0.1056857	0.1425418	0.009046906	0.08914922	-0.07922611	-0.2710071	-0.1737113	0.7236798	0.4467067	0.5195338	-0.1581212	-0.6599768	-0.4015139	0.3023897	0.2623104	0.1534238	0.3096599	0.06634066	0.05675087	0.03738527	0.1267791	0.05139117	0.1673943	0.08858135	0.06849398	0.05004995	-0.0524642	0.5489745	-0.281556	-0.5930851	-0.2516307	0.4985105	-0.02794162	0.1942258	-0.213202	-0.5862526	-0.3547068	0.1522831	0.01248812	0.1149727	-0.1417256	-0.3505719	-0.2090354	-0.4329253	-0.4159455	-0.5520146	-0.3710625	-0.4487756	-0.3737123	0.0830902	0.0139007	0.08175351	-0.02909463	-0.2118625	-0.03064257	0.1597044	0.04439648	0.1667323	-0.1334315	-0.3068406	-0.1039117	0.149423	-0.0005097432	-0.0380022	0.08532153	0.1780262	0.1783951	0.5896068	0.3116058	0.5057829	-0.1299597	-0.7271658	-0.3713171	0.3696491	0.3717833	0.5046825	-0.1866807	-0.2551164	0.03791571	0.4798242	1.169427	0.7200103	0.8871121	1.439718	1.155701	-0.02054485	0.2457853	-0.0397612	0.1254214	-0.05801083	0.3902225	0.1521247	0.2301018	0.03825989	0.1849246	0.3613833	0.1510854	0.5385429	0.4156264	0.4094724	-0.2859347	-0.4820804	-0.4453824	0.4180944	0.2577399	0.1229224	0.09810074	0.008439037	-0.2598503	0.05943338	0.0880459	0.07543913	-0.03846501	0.07527138	0.06319753	-0.1458886	0.5669052	0.08823019	0.5728571	0.09254754	-0.06453643
-41.015625	-0.06522219	0.0764107	0.09389885	0.1038504	-0.0641423	0.04149589	0.1976982	0.03199921	0.1231493	-0.0805158	-0.3272061	-0.2255764	0.7755592	0.4270969	0.5746875	-0.3163211	-0.7022983	-0.4575499	0.2885857	0.2413518	0.06887376	0.3113502	0.1430642	0.02981558	0.02833886	0.1102178	0.009452448	0.1647913	0.1084616	0.02638317	-0.3178903	-0.3184354	0.3067139	-0.4688025	-0.5698805	-0.3629509	0.5682053	0.009208843	0.2638268	-0.205797	-0.6085198	-0.3699192	0.1975298	0.05003272	0.1536116	-0.1100525	-0.3477044	-0.2241372	-0.5747976	-0.5916656	-0.6546229	-0.4404556	-0.4506742	-0.4726136	0.05665574	-0.0505473	0.06551062	-0.04749081	-0.2907605	-0.02873831	0.1013348	-0.02020265	0.1161638	-0.1753993	-0.3343406	-0.1390657	0.1096443	-0.05839369	-0.06002444	0.06711679	0.2028237	0.2207637	0.6517073	0.3638776	0.5992814	-0.2072772	-0.8279786	-0.3677434	0.3972151	0.3464967	0.5106071	-0.2298996	-0.3388634	-0.0207044	0.559586	1.180789	0.7503935	0.9376718	1.427995	1.115989	0.03774437	0.2866822	-0.009065872	0.1408012	0.02169215	0.4255168	0.1676104	0.2982222	0.06686503	0.1926549	0.4022383	0.2108551	0.5999166	0.507055	0.6162792	-0.4489499	-0.4824448	-0.3155663	0.5604482	0.5900304	0.3445888	0.2714302	0.2131454	0.05541381	0.04643012	0.073598	0.04617942	-0.01959712	0.08672505	0.03852406	-0.05510966	0.8195993	0.155936	0.7240884	0.3016857	0.1317619
-39.0625	0.02912822	0.08841766	0.1075592	0.1983733	-0.05062367	-0.00848373	0.2586633	0.05910841	0.1545174	-0.06846859	-0.3545853	-0.2586212	0.9214906	0.4914511	0.7126613	-0.2994377	-0.7241007	-0.4094578	0.3166258	0.2444693	0.03753432	0.3054155	0.1528814	0.01636188	0.04711935	0.1023196	-0.01532463	0.1627757	0.115212	-0.01135411	-0.6771344	-0.4890174	0.1670989	-0.6385798	-0.5471417	-0.4083363	0.6138927	0.04972208	0.3247611	-0.1726931	-0.6223475	-0.3824678	0.2820976	0.1425088	0.2140197	-0.004187075	-0.2494694	-0.1725349	-0.9023656	-0.9191381	-0.91908	-0.6032732	-0.4938459	-0.6543673	0.02893295	-0.1350788	0.02590548	-0.105088	-0.4268646	-0.122779	0.03771064	-0.09768208	0.05483929	-0.2377896	-0.3894345	-0.1914739	0.1730583	-0.1062944	0.01309792	0.01388729	0.02288853	0.1569102	0.6855868	0.4024164	0.626873	-0.2355478	-0.8829321	-0.3701914	0.4086783	0.3103239	0.4884878	-0.2743735	-0.4032448	-0.08330432	0.6478869	1.193892	0.8210307	0.9761348	1.377952	1.018234	0.08629819	0.3054689	0.05849935	0.1333768	0.0694546	0.4322019	0.1804715	0.3422677	0.09545222	0.1763328	0.3833234	0.242473	0.5555245	0.6047754	0.8397605	-0.6037472	-0.5371412	-0.1149261	0.4312784	0.4648761	0.2318604	0.2678757	0.2582672	0.1063578	0.09375559	0.1783071	0.1000552	0.04066836	0.1040024	0.09455527	0.1002072	1.098461	0.2698397	0.8691978	0.5517522	0.3269852
-37.109375	0.1375136	0.1156038	0.1192236	0.307658	0.05679672	-0.01310202	0.3168788	0.1122166	0.1829754	-0.00760087	-0.28708	-0.228721	1.068709	0.6533802	0.8593756	-0.08499574	-0.6443649	-0.2290663	0.4059325	0.30453	0.1094061	0.3145914	0.1035382	0.03335008	0.1002982	0.1075583	-0.003913112	0.1609829	0.09549241	-0.05386009	-0.7822964	-0.445418	0.2222645	-0.6880405	-0.5754034	-0.3755908	0.5814101	0.04111048	0.3154649	-0.1524123	-0.6274973	-0.4054817	0.3630972	0.2518156	0.2601736	0.1461323	-0.07093317	-0.06151874	-1.23308	-1.173624	-1.153527	-0.722121	-0.4609883	-0.7635543	-0.00615588	-0.1989696	-0.0216271	-0.1837842	-0.5297355	-0.2528306	-0.01667085	-0.1645964	-0.0007421231	-0.3126265	-0.4527373	-0.2481863	0.2753236	-0.1688172	0.1146433	-0.1030166	-0.2938485	-0.02166514	0.6917306	0.4395326	0.6193564	-0.2367981	-0.8807206	-0.3566914	0.3953545	0.2772893	0.4511918	-0.30286	-0.4257488	-0.1313473	0.6976808	1.193745	0.9013786	0.9706672	1.308116	0.9180091	0.07384562	0.2862456	0.09656494	0.1121013	0.1082555	0.4077076	0.1823026	0.3439927	0.1159335	0.1422574	0.3179146	0.2466734	0.4911337	0.7562687	1.020538	-0.6491533	-0.6122614	0.1116128	0.4282748	0.5071324	0.2676496	0.3202956	0.2880461	0.2018163	0.06118595	0.162175	0.06415202	0.05376294	0.05896298	0.09418301	0.1888095	1.154579	0.3100288	0.8881356	0.6881991	0.3961553
-35.15625	0.2107632	0.1508806	0.1242503	0.4045458	0.2239331	0.03068198	0.3451367	0.1791695	0.1952765	0.09910382	-0.1222718	-0.13012	1.146597	0.8731371	0.9383176	0.2234912	-0.457158	0.02644623	0.5264531	0.3928786	0.2400412	0.3396842	0.04644192	0.06061511	0.1721858	0.1255154	0.04452102	0.1584499	0.05135005	-0.1023908	-0.5516239	-0.2293751	0.4054329	-0.6133343	-0.6636068	-0.3120693	0.4090329	-0.07824755	0.175717	-0.1954288	-0.6276336	-0.4606831	0.3801414	0.3172771	0.2517574	0.2700438	0.1108358	0.05545019	-1.362633	-1.167137	-1.171636	-0.6895467	-0.2905354	-0.6971459	-0.05104646	-0.2251313	-0.05825011	-0.2613735	-0.5270085	-0.3367114	-0.06476104	-0.2123481	-0.04774221	-0.3847806	-0.4840531	-0.2924312	0.3114827	-0.2529015	0.1576876	-0.2750666	-0.5463619	-0.2223713	0.6815751	0.4774985	0.6237351	-0.2663467	-0.8490959	-0.3194334	0.3592556	0.2566638	0.4187274	-0.3065921	-0.4038689	-0.1516279	0.7013523	1.176877	0.9390631	0.9201318	1.234864	0.8646162	0.01571386	0.2641363	0.08784619	0.09841011	0.1536732	0.3738218	0.1867084	0.3349495	0.1437501	0.1084059	0.2468256	0.2497053	0.4071566	0.8414563	1.007887	-0.588834	-0.6459923	0.255172	0.4872741	0.5955237	0.3508581	0.3888532	0.2613719	0.2621141	0.0313351	0.1345589	0.03194245	0.06217423	0.001412397	0.08360936	0.2991878	1.205273	0.4280645	0.8543837	0.7237675	0.5024302
-33.203125	0.2103113	0.166274	0.1108166	0.4361695	0.3309341	0.07758303	0.3243515	0.2238336	0.1792546	0.2048845	0.05748712	-0.009025412	1.079669	1.019702	0.8991776	0.4045563	-0.2585937	0.220691	0.6110026	0.4394159	0.3184336	0.3684243	0.04193898	0.05369651	0.2288356	0.1470377	0.1009831	0.1564375	0.006587281	-0.147919	-0.1431282	-0.007298416	0.5524831	-0.5070607	-0.7610098	-0.2895363	0.1506024	-0.2670938	-0.04290612	-0.296655	-0.6355893	-0.54066	0.3227363	0.316018	0.1919303	0.3115117	0.2058428	0.119747	-1.229493	-0.9088353	-0.9477422	-0.5262265	-0.04387266	-0.4965628	-0.1167057	-0.2332046	-0.08646439	-0.3258035	-0.4108464	-0.3253344	-0.1211709	-0.2509418	-0.09533798	-0.4386979	-0.4527166	-0.3144374	0.2499552	-0.3280228	0.1199731	-0.437039	-0.6053356	-0.3476815	0.6770105	0.511458	0.659714	-0.3492532	-0.8371152	-0.2751524	0.3185954	0.2497752	0.4070839	-0.2898574	-0.3605043	-0.1456418	0.655516	1.135926	0.8890745	0.8293964	1.187146	0.8802193	-0.02748287	0.2645461	0.05555831	0.1035157	0.1817661	0.3385206	0.2005473	0.3332963	0.1801869	0.07683351	0.1888186	0.2589175	0.3304517	0.7921914	0.7905115	-0.4658461	-0.5850724	0.268273	0.5415581	0.6322275	0.3916404	0.4365012	0.1803185	0.2560918	0.08196898	0.195598	0.08317674	0.1064533	-0.01993869	0.1015823	0.4732672	1.417283	0.6891491	0.8665619	0.7272318	0.7545449
-31.25	0.1345495	0.1383695	0.06539468	0.3763647	0.2864408	0.07291414	0.269184	0.2262826	0.1426858	0.2590951	0.1477013	0.07384104	0.9417438	1.049203	0.8077976	0.364478	-0.1614213	0.2674638	0.6031601	0.3993258	0.2569403	0.3985923	0.1226427	-0.01205335	0.228522	0.1469715	0.11472	0.1542241	-0.009110909	-0.1827363	0.1510834	0.06119088	0.5210363	-0.469297	-0.7826548	-0.3503745	-0.08626396	-0.4315599	-0.2397169	-0.3933181	-0.6389667	-0.6090679	0.2320835	0.2728939	0.118991	0.2726939	0.1870207	0.1131963	-0.9345316	-0.5712665	-0.6157299	-0.3475598	0.1498895	-0.2932153	-0.2043548	-0.2558773	-0.1207881	-0.3799315	-0.2572916	-0.246322	-0.196495	-0.2959545	-0.1538993	-0.4684026	-0.3644749	-0.3162897	0.1030572	-0.372693	0.01573154	-0.5308385	-0.4685554	-0.3625359	0.6804358	0.5243388	0.7102948	-0.482349	-0.8771687	-0.2510358	0.2941832	0.2501013	0.4155029	-0.266314	-0.3253292	-0.1275157	0.5806931	1.077694	0.7723614	0.7133084	1.170395	0.9540532	-0.0277372	0.238484	0.006245161	0.1062081	0.1447126	0.2686234	0.2368398	0.3581122	0.2321298	0.04551697	0.1355691	0.2698599	0.3511018	0.7327056	0.5805455	-0.3038363	-0.4310323	0.2340517	0.5905413	0.6442851	0.4083506	0.4625077	0.08899241	0.2361306	0.1537581	0.2395601	0.1352679	0.1458358	-0.03281942	0.08436692	0.6317427	1.703065	0.9827965	0.92571	0.7377405	1.085217
-29.296875	0.03378212	0.07904241	0.0007062015	0.2522516	0.10314	0.002999953	0.2206117	0.2054543	0.1143265	0.2449716	0.1118667	0.09311567	0.8899962	1.029101	0.7820747	0.1999998	-0.200426	0.1969141	0.4985467	0.2995106	0.06098301	0.4478192	0.2828206	-0.1079292	0.1544351	0.1099402	0.04696612	0.1590396	0.03102106	-0.2029715	0.1330934	-0.04453495	0.3037007	-0.499978	-0.664924	-0.4694767	-0.1847193	-0.4659823	-0.3103246	-0.4004594	-0.6030647	-0.609154	0.187351	0.2539704	0.09323962	0.2176514	0.1126196	0.07827614	-0.6338767	-0.3303823	-0.3410534	-0.2490519	0.215654	-0.1825986	-0.3012616	-0.3076656	-0.1707355	-0.4383267	-0.168011	-0.1748394	-0.2841046	-0.35195	-0.2217914	-0.4796425	-0.2624824	-0.3075845	-0.07747489	-0.3898269	-0.1190321	-0.5319557	-0.2683878	-0.3201496	0.701259	0.5274879	0.7555317	-0.6011443	-0.9579749	-0.2529044	0.3000977	0.2542872	0.4335703	-0.2480855	-0.3167261	-0.1134312	0.5230122	1.027312	0.6474237	0.6253886	1.162444	1.041622	0.06545123	0.2542706	0.02845675	0.1254954	0.04996695	0.1923143	0.2963503	0.3907134	0.291721	0.007585247	0.05799825	0.2561758	0.4682725	0.7395784	0.5360153	-0.163614	-0.2673719	0.2228552	0.7117515	0.7841429	0.5312459	0.5157554	0.0564517	0.31301	0.2029607	0.2155832	0.1451744	0.1535621	-0.06671602	0.01017981	0.5177815	1.582381	0.9456458	0.8623884	0.6666809	1.174679
-27.34375	-0.03407355	0.02144247	-0.06006193	0.126397	-0.1052304	-0.09476855	0.2184907	0.210178	0.1213598	0.204014	0.02385557	0.0842502	0.9285154	0.9723918	0.816615	0.03334958	-0.3058623	0.08467405	0.3431967	0.2084437	-0.1772977	0.529201	0.4778752	-0.1733063	0.02562321	0.04203169	-0.1002069	0.181692	0.1333628	-0.2105938	-0.1521329	-0.2047229	0.01821751	-0.4953381	-0.4114899	-0.5746007	-0.1229446	-0.3525895	-0.2384607	-0.2904825	-0.5010959	-0.515015	0.2194933	0.2899784	0.12916	0.2113405	0.08135528	0.07434839	-0.4321103	-0.2358476	-0.2093634	-0.2178511	0.2173471	-0.1413275	-0.3752226	-0.3643197	-0.2209458	-0.5095007	-0.1889673	-0.1681901	-0.3568709	-0.4036759	-0.2795901	-0.4834131	-0.2015057	-0.2984095	-0.2224375	-0.4090624	-0.2421047	-0.4688796	-0.1853999	-0.3192922	0.7346405	0.5344366	0.7871016	-0.6557055	-1.037175	-0.2710315	0.3332539	0.2607923	0.4508503	-0.2440255	-0.3372924	-0.117782	0.4784454	0.9629036	0.5580275	0.5380395	1.104816	1.066355	0.1897878	0.277	0.09255634	0.1455196	-0.06885912	0.09514501	0.3792289	0.4182409	0.357839	-0.02775435	-0.05039992	0.2066172	0.5560672	0.6947092	0.5687078	-0.1223864	-0.205531	0.1833729	0.7286578	0.7734038	0.5686957	0.4937532	0.005681707	0.3349923	0.2912147	0.264679	0.2150121	0.1739713	-0.09424346	-0.02692953	0.6942818	1.876468	1.242177	0.9475848	0.7494065	1.434453
-25.390625	-0.03645853	0.005263011	-0.09538262	0.0675023	-0.1969878	-0.1508101	0.2637693	0.2677481	0.1665574	0.1925857	0.001138964	0.1063121	1.01583	0.9072621	0.853942	-0.01096912	-0.3438949	0.03054818	0.2009921	0.1754517	-0.3543434	0.624869	0.6484631	-0.1669821	-0.1083024	-0.02651661	-0.2757576	0.2288301	0.2759345	-0.2072486	-0.444087	-0.2527873	-0.1892402	-0.3402405	-0.08992136	-0.5983605	0.0130114	-0.1787378	-0.1031932	-0.1238426	-0.3488313	-0.3624088	0.2949612	0.3523492	0.1913173	0.2607382	0.1367066	0.1183538	-0.3016743	-0.1708518	-0.1566011	-0.1509404	0.2832242	-0.05945976	-0.384013	-0.380426	-0.2342127	-0.5761232	-0.2870875	-0.2248402	-0.3892829	-0.4306403	-0.306705	-0.4860564	-0.2048131	-0.2928975	-0.3143795	-0.4625803	-0.3413949	-0.4081258	-0.2720857	-0.3867216	0.7836151	0.5595078	0.8103278	-0.6216152	-1.075436	-0.2922284	0.3806749	0.2701657	0.4606565	-0.2475264	-0.3750971	-0.1481907	0.4559912	0.8733898	0.5193165	0.4291	0.9366395	0.9602118	0.3015162	0.3434352	0.1925428	0.1777063	-0.1327644	0.01620147	0.4550804	0.4044079	0.4000664	-0.05416551	-0.1626105	0.1174126	0.5839076	0.6460782	0.6232666	-0.1408717	-0.2150228	0.1385509	0.6875837	0.6751727	0.5673947	0.4322816	-0.0507964	0.3161175	0.3477934	0.3030053	0.2715749	0.1795053	-0.1315093	-0.05760349	0.9457819	2.184447	1.582844	1.0048	0.8379812	1.651503
-23.4375	0.007499516	0.03258856	-0.1046077	0.08252967	-0.1325001	-0.1344298	0.3216572	0.3529528	0.2220403	0.2329769	0.0946447	0.179541	1.035741	0.7912919	0.8037176	0.04650464	-0.2595948	0.04694112	0.1211714	0.1945745	-0.4181555	0.6871328	0.7435705	-0.1064927	-0.191322	-0.05920728	-0.4028172	0.2925376	0.4122402	-0.1914417	-0.4976895	-0.1449062	-0.252709	-0.05049456	0.1755974	-0.5457527	0.09700681	-0.07515432	-0.01962363	-0.007058245	-0.2095406	-0.2382123	0.3407899	0.3675708	0.2145713	0.3086198	0.2306986	0.1613752	-0.1197303	0.03242791	-0.04623996	0.04808197	0.4770948	0.1368027	-0.3139291	-0.331523	-0.1880948	-0.5983075	-0.3696669	-0.2873084	-0.3741392	-0.4247595	-0.2959161	-0.4870205	-0.2529375	-0.2904191	-0.3603313	-0.5441872	-0.4067925	-0.3921766	-0.4503591	-0.4709172	0.8362408	0.5875072	0.8217775	-0.5386336	-1.066364	-0.3192756	0.4184758	0.2707103	0.4563102	-0.2579689	-0.415738	-0.2068463	0.4648906	0.7681987	0.5228589	0.2857721	0.6568497	0.7129803	0.3125231	0.3524958	0.2119925	0.197228	-0.1152153	-0.07093471	0.5124956	0.3772512	0.4235099	-0.05008372	-0.218694	0.0319851	0.4940009	0.5526259	0.5521957	-0.1653838	-0.1857986	0.08108674	0.6267304	0.539963	0.5357801	0.3634047	-0.1041641	0.2573648	0.3449683	0.2935613	0.2788541	0.1672348	-0.1611066	-0.09057991	0.9635504	2.024434	1.567817	0.8790483	0.7717135	1.584937
-21.484375	0.05016819	0.06477605	-0.09933364	0.1059748	-0.01071685	-0.08405928	0.3560033	0.4065603	0.2569776	0.2910511	0.2372013	0.260108	0.9157497	0.574838	0.659699	0.06183323	-0.1468991	0.05253195	0.1233056	0.2221471	-0.3778533	0.6712583	0.7341007	-0.05688037	-0.1902035	-0.03876919	-0.4219839	0.3476728	0.4882403	-0.1632129	-0.2621366	0.03074856	-0.2029371	0.2266873	0.2813649	-0.4786627	0.0636022	-0.1128208	-0.05010977	-0.005233953	-0.1470458	-0.2178898	0.310878	0.2818317	0.1595215	0.2860891	0.2652604	0.1287544	0.1266664	0.3720623	0.1444963	0.347178	0.7267888	0.3769883	-0.19539	-0.2416341	-0.100769	-0.542293	-0.36525	-0.2970983	-0.3252853	-0.3966363	-0.2596131	-0.4786565	-0.3043523	-0.291877	-0.3788155	-0.6197228	-0.4237817	-0.4263958	-0.5969688	-0.4887135	0.8787811	0.5902124	0.7970861	-0.4537018	-1.032747	-0.3651259	0.4392674	0.2530466	0.4307179	-0.262058	-0.4541373	-0.2887975	0.5152684	0.6714532	0.5735516	0.09906081	0.3023892	0.373951	0.2402347	0.2952025	0.1456676	0.2058748	-0.03226945	-0.1519725	0.5237085	0.3366242	0.4101948	-0.02370425	-0.1963998	-0.02595023	0.3067928	0.4434883	0.3315635	-0.1217175	0.007798162	0.05907998	0.534147	0.3517525	0.4266079	0.2815138	-0.1655927	0.1422558	0.3019442	0.2483252	0.2416064	0.150745	-0.1591362	-0.1174913	1.043057	1.956037	1.57419	0.8315729	0.7385392	1.565098
-19.53125	0.05794697	0.05835478	-0.0883566	0.06263389	0.03178782	-0.0719525	0.3522631	0.3784428	0.2553449	0.3016885	0.3040561	0.2714764	0.7430608	0.3133689	0.5325586	-0.03502785	-0.1349806	-0.01929022	0.1989843	0.2271914	-0.26942	0.5763296	0.6247374	-0.0760437	-0.1043025	0.02440535	-0.3208109	0.36708	0.4681975	-0.1300322	0.08959412	0.148383	-0.1157767	0.3344578	0.2135369	-0.455805	-0.06107757	-0.2670262	-0.1797141	-0.09124582	-0.1577085	-0.3076163	0.2251194	0.1117815	0.04437713	0.1821631	0.1954137	-0.003079844	0.3865222	0.7224891	0.3482764	0.6360897	0.8931463	0.5241312	-0.08308244	-0.1660914	-0.01920581	-0.4095871	-0.2787108	-0.2436198	-0.2726907	-0.3657221	-0.2244458	-0.4538344	-0.3176079	-0.2937659	-0.4057398	-0.6527699	-0.3936647	-0.48555	-0.624299	-0.3903094	0.8844628	0.5313458	0.7082306	-0.4166031	-1.015548	-0.4440584	0.4431588	0.2066256	0.3782947	-0.2624709	-0.5011945	-0.3861499	0.6154882	0.6149805	0.6747372	-0.09045152	-0.04807019	0.03716821	0.1311937	0.173964	0.02285913	0.2044486	0.04818274	-0.2271014	0.4911856	0.3017001	0.3713038	0.01025533	-0.1219665	-0.04080392	0.08077148	0.3497123	0.05533635	0.005288264	0.363844	0.1215577	0.6044136	0.4476779	0.4883326	0.2945057	-0.1515182	0.1693307	0.2787257	0.2357066	0.2163678	0.1555836	-0.1152328	-0.1086458	1.229499	2.099133	1.689245	0.9356191	0.7869692	1.645174
-17.578125	0.06075707	0.02266786	-0.05716904	-0.04090653	-0.04700248	-0.1273018	0.3469597	0.297329	0.2384931	0.254889	0.251474	0.1935318	0.6381538	0.1013424	0.5237848	-0.206518	-0.2689041	-0.1677044	0.3310954	0.2333757	-0.1155024	0.4589732	0.4601478	-0.1606727	0.03874525	0.1021608	-0.1373708	0.3399026	0.3554686	-0.1063438	0.3180981	0.153129	-0.02922079	0.2396147	0.03750355	-0.4900859	-0.1869591	-0.4366804	-0.3278624	-0.1693183	-0.1640955	-0.4303482	0.1424034	-0.06994969	-0.07461881	0.05474113	0.07980561	-0.1738933	0.526109	0.8851424	0.4198309	0.7970746	0.9052296	0.4829192	-0.03125697	-0.1554832	0.0062242	-0.2525388	-0.1711982	-0.162951	-0.2356027	-0.341739	-0.2083467	-0.4091672	-0.2833192	-0.2911442	-0.4368105	-0.6149685	-0.3172365	-0.5165445	-0.5725763	-0.2198223	0.8475558	0.4129438	0.5537098	-0.41574	-1.035382	-0.5442395	0.4469106	0.1425237	0.3083694	-0.2565493	-0.5710644	-0.4837684	0.750069	0.5893825	0.8029959	-0.2439195	-0.3550451	-0.2430344	0.05809583	0.06827416	-0.06131879	0.2014607	0.06450633	-0.2785092	0.4361457	0.2740924	0.3229041	0.03206711	-0.06595968	-0.02921758	-0.05011833	0.3583613	-0.07250348	0.1962154	0.7450404	0.3010113	0.528646	0.3381812	0.3757065	0.2042603	-0.2178895	0.09521061	0.2653714	0.2255724	0.1950889	0.1566628	-0.07816089	-0.0904413	1.206151	1.936041	1.562551	0.9777966	0.7629495	1.508251
-15.625	0.08420715	-0.007564562	0.000786717	-0.1383211	-0.149627	-0.2101552	0.3621973	0.2254585	0.2253136	0.1892287	0.1631075	0.07891288	0.6625918	0.009733074	0.6181592	-0.3184329	-0.4320057	-0.3119238	0.4926967	0.2842695	0.07349723	0.387957	0.2982995	-0.2532133	0.2028887	0.172158	0.06616859	0.2820165	0.1934837	-0.1043462	0.3145256	0.1059658	0.06446606	0.06605449	-0.1356398	-0.5439443	-0.2554913	-0.5406494	-0.429634	-0.1595871	-0.06772143	-0.4855055	0.0954041	-0.1948608	-0.1530922	-0.01795468	0.04213448	-0.2758855	0.4968607	0.7935341	0.3047624	0.8194216	0.8428159	0.3162591	-0.05346781	-0.2124107	-0.03483498	-0.1412258	-0.1039257	-0.09940322	-0.2219121	-0.3197018	-0.2151796	-0.3465092	-0.2093987	-0.2706733	-0.4777674	-0.5092766	-0.2212724	-0.4953189	-0.4884788	-0.03113652	0.7803436	0.2700522	0.373148	-0.4161692	-1.086914	-0.6301957	0.4714249	0.08735721	0.2473635	-0.2414438	-0.6740681	-0.5669475	0.8730242	0.5325768	0.887512	-0.357996	-0.6429203	-0.4890016	0.004846883	-0.02352583	-0.1105235	0.1761151	-0.009444735	-0.3335121	0.3937478	0.2585308	0.2921661	0.03624227	-0.08045542	-0.01247136	-0.01324988	0.488429	0.04319886	0.4014266	0.9890609	0.5474812	0.3735341	0.1314247	0.2101978	0.05221489	-0.3319016	-0.0004979058	0.2462959	0.2002771	0.1804296	0.1338072	-0.08989368	-0.07876606	1.337932	2.029545	1.676601	1.092206	0.7814091	1.452034
-13.671875	0.1291098	0.006366678	0.06967878	-0.1445774	-0.1128944	-0.2348734	0.3930204	0.223259	0.2183413	0.1847378	0.2017131	0.0309158	0.7671977	0.03990639	0.7042533	-0.2603967	-0.4306051	-0.3388919	0.6515443	0.3953729	0.2746657	0.3910455	0.1825366	-0.2920114	0.3562384	0.2275669	0.2380619	0.222738	0.03904292	-0.1250977	0.1713611	0.09955313	0.1832402	-0.02435191	-0.2400927	-0.5809633	-0.2757225	-0.5630858	-0.4669904	-0.05989942	0.1621688	-0.4200724	0.06469153	-0.2471974	-0.1874815	-0.00439134	0.1605569	-0.2391294	0.3177418	0.5189003	0.04098647	0.779323	0.8690439	0.1841963	-0.1198371	-0.2905254	-0.1100336	-0.110379	-0.07924844	-0.06321049	-0.2278539	-0.2909466	-0.2358304	-0.2699517	-0.1107268	-0.2229941	-0.5004268	-0.3626526	-0.1221971	-0.42858	-0.4181417	0.1238477	0.7159884	0.1523844	0.226036	-0.3797575	-1.151921	-0.6666434	0.5336305	0.07457677	0.2290916	-0.2057823	-0.8018282	-0.6207753	0.9542867	0.3857888	0.855672	-0.4444893	-0.9830453	-0.7750106	-0.01423406	-0.03165457	-0.08552684	0.1390836	-0.1285153	-0.3686327	0.372581	0.2372573	0.277289	0.02711716	-0.1594964	-0.0129968	0.1035773	0.6021212	0.2440474	0.5518184	1.015175	0.7149124	0.4908455	0.3885982	0.4369811	0.0722721	-0.3071128	0.1950577	0.2567874	0.237859	0.2348206	0.1120394	-0.1298573	-0.02820691	1.38568	1.983726	1.745631	1.077328	0.7008026	1.296653
-11.71875	0.1819199	0.08980455	0.1276571	-0.01897577	0.1460466	-0.1370566	0.3922543	0.2809608	0.1925329	0.2744821	0.4531165	0.1068147	0.7900347	0.08467072	0.6431816	-0.07649416	-0.1668337	-0.2173615	0.7728342	0.517917	0.444916	0.4273994	0.1083677	-0.2692184	0.4741047	0.2706318	0.3562064	0.1819512	-0.06939405	-0.1568729	0.08418663	0.1617146	0.3045327	0.02644153	-0.2881037	-0.6061229	-0.296128	-0.5417169	-0.4619763	0.06179038	0.4500565	-0.2648237	-0.0002378036	-0.2662578	-0.2112681	0.05951172	0.3986084	-0.08749434	0.1554564	0.293004	-0.180064	0.7921643	1.063287	0.2385108	-0.1891292	-0.3384363	-0.1752011	-0.1446217	-0.04988551	-0.03274534	-0.2496288	-0.2580944	-0.2605123	-0.1904894	0.001428669	-0.1504403	-0.4681689	-0.2098862	-0.02045948	-0.3594244	-0.3554938	0.2334871	0.6859685	0.09519589	0.1481283	-0.2906052	-1.20602	-0.6387042	0.6308045	0.1121609	0.2661095	-0.1502707	-0.9392685	-0.6456369	0.9898082	0.1541158	0.708666	-0.5248315	-1.406968	-1.12276	-0.02870017	-0.003265789	-0.04642317	0.08914293	-0.2353865	-0.4034616	0.3778449	0.2368814	0.2883964	0.02938968	-0.2361107	-0.01542909	0.2044758	0.6501424	0.3583413	0.6577303	0.9131641	0.7415696	0.4268337	0.3425401	0.4494972	0.02395404	-0.3404552	0.232546	0.215143	0.210381	0.2535887	0.05464636	-0.203553	-0.007655404	1.379604	1.86223	1.77199	0.9642081	0.5491419	1.136074
-9.765625	0.1946905	0.203502	0.1368884	0.1747981	0.5471353	0.05632244	0.3278636	0.338637	0.1298714	0.4238968	0.8382119	0.2716235	0.6390005	0.04817339	0.4174527	0.09862571	0.2495959	-0.02059471	0.8378752	0.581367	0.5398075	0.4292662	0.04317855	-0.2310443	0.5360249	0.2997827	0.4208792	0.1578435	-0.1242407	-0.1838212	0.1717373	0.2243179	0.3693438	0.1298756	-0.3457264	-0.6550944	-0.3643026	-0.528854	-0.4554916	0.1308312	0.6753217	-0.1042413	-0.1087457	-0.2874303	-0.2441201	0.1125058	0.6264539	0.08342876	0.1193308	0.2682474	-0.2269444	0.9041783	1.358668	0.480029	-0.2348197	-0.3406376	-0.2101337	-0.1877109	0.02404258	0.006681032	-0.2823524	-0.2359725	-0.2828393	-0.1239464	0.110763	-0.07333496	-0.3461523	-0.08295978	0.1054455	-0.3400896	-0.2976655	0.3044144	0.6935033	0.08759637	0.136163	-0.189712	-1.249278	-0.5710465	0.746333	0.1816382	0.3424676	-0.0847827	-1.070965	-0.6520116	1.010441	-0.08164168	0.5333347	-0.5909374	-1.868134	-1.456912	-0.02879104	0.02711466	-0.01595134	0.04619217	-0.2859276	-0.436834	0.3802198	0.2461483	0.3004987	0.04284111	-0.256253	-0.01813409	0.2212273	0.6489598	0.3004421	0.7554435	0.8434493	0.6622385	0.4377134	0.3961881	0.5247017	0.07506456	-0.3083092	0.3050869	0.2204126	0.2608837	0.328715	0.02897446	-0.233864	0.05707292	1.545403	2.051153	1.972305	0.9672425	0.5055597	1.228651
-7.8125	0.1582714	0.2893587	0.09351458	0.3277583	0.8901029	0.2423969	0.2194543	0.3424353	0.04614183	0.5527201	1.163129	0.4254355	0.3394754	-0.1016671	0.1397934	0.1130769	0.5636395	0.1174047	0.8354112	0.5329705	0.5381494	0.3515487	-0.04910346	-0.2411661	0.523752	0.3021188	0.4335504	0.13426	-0.1372537	-0.1976627	0.3997662	0.2255752	0.3393402	0.1699072	-0.4333314	-0.7325804	-0.453828	-0.522511	-0.4485008	0.1309669	0.7530518	-0.006144629	-0.2221017	-0.3166004	-0.2821049	0.1212175	0.727631	0.1794551	0.2554904	0.4746399	-0.05969493	1.08357	1.575557	0.7774763	-0.2727389	-0.3339865	-0.2373005	-0.2059408	0.1397259	0.04218167	-0.3165954	-0.23626	-0.2981377	-0.0870245	0.1930135	-0.01781388	-0.1585526	-0.01686577	0.2531833	-0.422268	-0.2488057	0.3378894	0.7217307	0.1009042	0.1504074	-0.1145064	-1.28056	-0.4997627	0.8516082	0.2434807	0.4192325	-0.0354477	-1.190826	-0.6567696	1.031873	-0.2367811	0.4480437	-0.6581594	-2.268833	-1.651858	0.01549511	0.05695745	0.02248288	0.0343732	-0.2746094	-0.4568959	0.3702941	0.2653879	0.3071097	0.0574059	-0.2143823	-0.01938272	0.1286391	0.5691984	0.07667793	0.8191975	0.8574191	0.5220687	0.4470587	0.4182918	0.5557666	0.1515857	-0.2722092	0.3224533	0.23784	0.2989286	0.3838916	0.007481011	-0.2410098	0.1022893	1.499879	1.912082	1.837933	0.9119055	0.431234	1.199687
-5.859375	0.09096138	0.2981747	0.02374745	0.3598769	1.012335	0.3221671	0.1232429	0.2862404	-0.01838325	0.5926839	1.260273	0.4795457	0.08183888	-0.2572909	-0.01886339	0.001046134	0.5931483	0.128598	0.7661436	0.3861822	0.4521037	0.2183512	-0.1567176	-0.3231016	0.4261146	0.2587999	0.3828219	0.09893298	-0.1181532	-0.2035671	0.5982069	0.1528161	0.2240595	0.1101959	-0.5028466	-0.797913	-0.5199742	-0.5014105	-0.4351291	0.1014384	0.7062072	0.01957934	-0.2761549	-0.3201596	-0.2941464	0.1042166	0.6817364	0.1797304	0.5291663	0.8100064	0.2428613	1.261562	1.583566	0.9767353	-0.3267868	-0.3672577	-0.2881852	-0.2105571	0.2360813	0.0327061	-0.3353205	-0.2511683	-0.297325	-0.08944245	0.2220747	0.001609235	0.05024021	-0.005715561	0.4139874	-0.5891916	-0.254071	0.3280644	0.7468599	0.1040567	0.1570311	-0.09589317	-1.315182	-0.4595618	0.9274763	0.2692374	0.4633348	-0.01874317	-1.299376	-0.671604	1.048087	-0.2668532	0.502865	-0.7274058	-2.500282	-1.618716	0.1092468	0.1027359	0.09657577	0.0549107	-0.2289222	-0.4518544	0.3559696	0.2756713	0.3040977	0.05197177	-0.1622949	-0.03699915	0.02996322	0.488182	-0.1266841	0.8178103	0.8943651	0.4010406	0.4548101	0.4099946	0.5637214	0.1972904	-0.260259	0.2988461	0.2627593	0.2975484	0.4022818	-0.02395061	-0.2503576	0.1013674	1.686649	2.143499	1.945523	1.053764	0.5256535	1.361187
-3.90625	0.05413061	0.2475346	-0.02281081	0.3043413	0.9133274	0.283056	0.09616727	0.2197905	-0.02604089	0.542128	1.113149	0.4260122	-0.02389724	-0.3556474	-0.02039943	-0.1553688	0.3168985	-0.003561763	0.6295152	0.1971411	0.3040473	0.09595234	-0.2239963	-0.4469205	0.2512532	0.16247	0.2526666	0.05678795	-0.0627251	-0.2134936	0.623906	0.07810598	0.07904111	0.04339513	-0.4543318	-0.7835132	-0.537652	-0.4544166	-0.4175096	0.09002777	0.6305903	0.01290026	-0.248691	-0.2747801	-0.2632574	0.09791602	0.563784	0.1349428	0.8136497	1.094952	0.5170708	1.36617	1.396685	1.001063	-0.4109819	-0.4542656	-0.3733039	-0.2439145	0.2639016	-0.03931909	-0.3287008	-0.2570236	-0.2737891	-0.1266828	0.1995236	-0.002564014	0.1970815	-0.02092532	0.5418412	-0.774539	-0.2998876	0.3019971	0.749935	0.08528738	0.1412725	-0.1320124	-1.351775	-0.4577748	0.9689382	0.2606566	0.4701155	-0.03204041	-1.386725	-0.690878	1.00453	-0.2394999	0.6205238	-0.8502823	-2.54101	-1.416434	0.2218569	0.1647116	0.2083898	0.07575407	-0.1916716	-0.4312749	0.3612835	0.2709104	0.3042659	0.01989904	-0.1482491	-0.07567179	0.05444064	0.472494	-0.1260685	0.7235643	0.8486277	0.3299986	0.4517115	0.3569934	0.5670689	0.1594108	-0.2772215	0.2581556	0.2891366	0.2606356	0.3997298	-0.07262758	-0.2753112	0.06052993	1.778633	2.20179	1.96363	1.129562	0.5798849	1.345731
-1.953125	0.04840422	0.1591679	-0.04053663	0.2265215	0.723049	0.1803344	0.1408315	0.1981616	0.02156563	0.4589034	0.8584414	0.3358607	0.04277364	-0.3525542	0.06390512	-0.2232636	-0.08764046	-0.1941901	0.4290419	0.01736783	0.1114285	0.03421576	-0.1993812	-0.5614387	0.0301458	0.02532028	0.04570034	0.0231864	0.03419681	-0.2352938	0.464055	0.0815887	-0.04611608	0.09443955	-0.2259452	-0.6603622	-0.5163704	-0.3973521	-0.4041097	0.1018464	0.5979918	0.01723198	-0.1857395	-0.2010675	-0.2065438	0.1086099	0.4616754	0.1093176	1.023483	1.226878	0.669187	1.361972	1.125482	0.8891563	-0.5060827	-0.5565323	-0.4616637	-0.331685	0.2219654	-0.1414487	-0.2997343	-0.2345296	-0.2292961	-0.1778487	0.1560889	-0.003491098	0.2278065	-0.02254358	0.6030404	-0.8955457	-0.3336145	0.3101206	0.7265979	0.04847154	0.1117444	-0.2020572	-1.384339	-0.4823131	0.9848509	0.2435107	0.4597727	-0.05232152	-1.432134	-0.6994735	0.8894391	-0.2258792	0.6718183	-1.016828	-2.440791	-1.188834	0.2808868	0.1799875	0.286559	0.04520952	-0.1910705	-0.4349276	0.3833451	0.22856	0.2933193	-0.03180097	-0.1718574	-0.1346174	0.2012204	0.4995722	0.06324111	0.54901	0.6885329	0.2681023	0.5165358	0.3975511	0.664785	0.08887009	-0.2429351	0.305131	0.2966028	0.1959307	0.3835527	-0.1320446	-0.2928762	0.009073883	1.984737	2.448489	2.202874	1.215884	0.6493927	1.333375
0	0.05270088	0.07857511	-0.05293519	0.2079465	0.6059787	0.1023965	0.1990929	0.2202435	0.07875919	0.3934085	0.6524207	0.2797205	0.1647845	-0.2922015	0.1026413	-0.1668691	-0.3963259	-0.3553155	0.1969806	-0.1249027	-0.1068741	0.03405149	-0.07623969	-0.6328796	-0.1906166	-0.1228899	-0.2032747	0.008223373	0.1620291	-0.2667629	0.2100452	0.1532686	-0.15716	0.2824863	0.1301003	-0.4844193	-0.4883744	-0.3639968	-0.4038472	0.093106	0.5909401	0.03833475	-0.1568891	-0.1481463	-0.1591164	0.1056724	0.4028216	0.1238821	1.076468	1.158618	0.6626642	1.22007	0.8672054	0.7086927	-0.5760218	-0.6124843	-0.505969	-0.4457232	0.1624977	-0.2068688	-0.2697407	-0.1898354	-0.1808635	-0.2157858	0.1369471	0.02039973	0.1381802	0.005932578	0.5852143	-0.9006459	-0.2814248	0.4010033	0.6911647	0.01659935	0.0877654	-0.2581586	-1.384406	-0.4999979	0.9916266	0.2498967	0.4573928	-0.04748939	-1.412862	-0.6818946	0.7287053	-0.2632164	0.5870471	-1.191747	-2.293191	-1.062666	0.3125911	0.2081571	0.355254	-0.0163048	-0.1984796	-0.4298735	0.4128394	0.1797834	0.2749067	-0.06690441	-0.1643563	-0.1717603	0.3803101	0.5213569	0.2704495	0.3917662	0.5220997	0.1718682	0.4825679	0.2733979	0.6125377	-0.05190597	-0.1835032	0.2943054	0.2860112	0.141805	0.3740658	-0.1746061	-0.2523491	-0.004769894	1.560863	1.684045	1.716105	0.8959853	0.4148057	0.7036989
1.953125	0.01661347	0.01643945	-0.104792	0.246374	0.6160793	0.07994823	0.2055321	0.2361598	0.09441806	0.3549388	0.5553019	0.2704673	0.2413624	-0.2191201	0.06255069	-0.0435122	-0.5111637	-0.4421899	-0.008846834	-0.2295465	-0.3164857	0.04677916	0.08304425	-0.6685576	-0.3676814	-0.2501709	-0.4355159	0.006873345	0.2903394	-0.2980043	-0.01988227	0.2087402	-0.2895888	0.5019809	0.4745238	-0.3503548	-0.4841188	-0.3870837	-0.4209137	0.01011283	0.5293394	0.0409693	-0.1951666	-0.1547801	-0.1449312	0.04986317	0.3406547	0.1408409	0.9786491	0.9592729	0.5668507	0.9578856	0.6358429	0.518265	-0.6010107	-0.5919405	-0.4866181	-0.5216544	0.1489516	-0.1835517	-0.2633152	-0.1530812	-0.152372	-0.2236523	0.1674503	0.06650785	-0.02013539	0.03884615	0.5071161	-0.8077258	-0.1347245	0.5590014	0.6570962	0.001915554	0.0786742	-0.2647849	-1.325643	-0.4880751	0.9890554	0.2804509	0.4635957	-0.01593543	-1.32669	-0.6404896	0.5704847	-0.3284017	0.3994525	-1.322502	-2.162515	-1.045892	0.3080239	0.1910689	0.356223	-0.08922642	-0.1862037	-0.4308327	0.4110159	0.133164	0.2288186	-0.06347019	-0.06130795	-0.163043	0.5120196	0.5817441	0.3822483	0.3838396	0.5177035	0.09889573	0.3869617	0.07514288	0.4393407	-0.1657518	-0.06267682	0.2485736	0.2211439	0.04566068	0.3149307	-0.2060426	-0.149091	-0.0002650405	1.559814	1.626252	1.729105	0.8695417	0.4436185	0.492976
3.90625	-0.06300027	-0.02324439	-0.2005714	0.2954873	0.6852342	0.08323365	0.1433416	0.1928878	0.05218421	0.3094161	0.5022737	0.2563594	0.2329804	-0.1813218	-0.01274092	0.03423668	-0.5040486	-0.49996	-0.1281821	-0.3037524	-0.4656382	0.02062223	0.1884451	-0.6973983	-0.4782505	-0.3367783	-0.6000779	0.005470862	0.3869936	-0.3211117	-0.1629736	0.1753522	-0.4516634	0.6159193	0.6830031	-0.3138367	-0.5093292	-0.4721852	-0.4477772	-0.1664238	0.3405284	-0.02035385	-0.2771727	-0.2233832	-0.1660528	-0.06639817	0.2160424	0.1025033	0.7738768	0.7188361	0.4582167	0.6246965	0.3792983	0.323317	-0.5812857	-0.5220041	-0.4223868	-0.5133337	0.1832026	-0.09289306	-0.289268	-0.1532867	-0.1561375	-0.2064484	0.2278203	0.1103479	-0.177879	0.02375806	0.3997927	-0.6903148	0.03769412	0.7096421	0.6298959	-2.531177e-05	0.07702739	-0.2097518	-1.200086	-0.4474953	0.9725212	0.3145982	0.456013	0.02866717	-1.199662	-0.5915112	0.4794607	-0.3397173	0.2151414	-1.31406	-2.031265	-1.021445	0.3260764	0.194644	0.3374809	-0.1043572	-0.1054123	-0.3882059	0.3719366	0.1229813	0.1703254	-0.00993942	0.1532531	-0.0946569	0.4953345	0.5738629	0.2670066	0.5273094	0.6895244	0.03480731	0.4405902	0.1722756	0.4244476	-0.0889689	0.1791832	0.3389688	0.2473636	0.1217664	0.3603976	-0.1494058	0.04711285	0.1215712	1.768169	1.890325	1.898811	1.0588	0.6819546	0.5517347
5.859375	-0.1713372	-0.07275578	-0.315366	0.2738717	0.6835878	0.04007313	0.04403906	0.0730654	-0.02314814	0.2065634	0.3782175	0.1686315	0.2015975	-0.1834261	-0.03663275	-0.001368729	-0.5267882	-0.6026235	-0.1308388	-0.3443085	-0.5134144	-0.05585916	0.1878799	-0.7387475	-0.5281538	-0.3848362	-0.683359	-0.006531978	0.4382056	-0.3377235	-0.2422107	0.05251398	-0.6010755	0.563775	0.7259674	-0.3487922	-0.5205629	-0.5714072	-0.4529827	-0.385239	0.04232367	-0.1477803	-0.3312255	-0.3088624	-0.1926195	-0.205	0.01414814	-0.0146051	0.5640788	0.5357926	0.4020449	0.3132663	0.06632085	0.1216209	-0.5507588	-0.4675235	-0.3675131	-0.4417579	0.2255163	-0.007687886	-0.3344643	-0.1913924	-0.1830813	-0.1881231	0.2716856	0.1263602	-0.2784322	-0.06841284	0.2922423	-0.6198391	0.1186907	0.7557769	0.6056929	-0.004329058	0.06844578	-0.1122107	-1.030155	-0.4021296	0.9354618	0.3254319	0.4130274	0.05917514	-1.074627	-0.5525064	0.4472535	-0.2703615	0.1022599	-1.161279	-1.838997	-0.8751009	0.3952955	0.2780383	0.3449724	-0.02144957	0.0646571	-0.2697223	0.3007474	0.138274	0.1033458	0.07028446	0.4153531	0.0003229955	0.4706751	0.655561	0.1403479	0.7992619	0.9581566	0.08856193	0.4413581	0.2381592	0.3652015	0.03322136	0.3778689	0.3757951	0.1963419	0.06203197	0.2820951	-0.133572	0.1794071	0.156712	1.842405	1.893542	1.798215	1.229028	0.9379118	0.564132
7.8125	-0.2354377	-0.1248098	-0.383926	0.1761832	0.5536717	-0.0729406	-0.02871253	-0.07968724	-0.08321836	0.04241446	0.1291748	-0.010388	0.253734	-0.1995575	0.03273838	-0.1331851	-0.690582	-0.7947986	-0.04062853	-0.3513663	-0.4646246	-0.1539961	0.09653892	-0.7910197	-0.5362829	-0.406635	-0.7078916	-0.02468981	0.4566509	-0.3547706	-0.30883	-0.08393437	-0.6657653	0.4047388	0.6772752	-0.3723367	-0.4923222	-0.6432775	-0.4337888	-0.5683843	-0.2643872	-0.3063897	-0.3123165	-0.3651495	-0.2012617	-0.3150248	-0.2219507	-0.1845354	0.4529169	0.4773781	0.4248669	0.1214234	-0.2618083	-0.06435686	-0.522935	-0.4673233	-0.3512339	-0.3734128	0.2036538	-0.01219081	-0.3683542	-0.2364969	-0.204245	-0.1952068	0.2525348	0.1030237	-0.2953243	-0.2112711	0.2104821	-0.624135	0.0336516	0.6540819	0.5762771	-0.02346288	0.04541536	-0.01479974	-0.8600715	-0.3802465	0.8851473	0.3103499	0.3407233	0.06797593	-0.9805877	-0.5237865	0.4293746	-0.1456782	0.03230174	-0.9039328	-1.523938	-0.5942711	0.4757892	0.4195106	0.3628994	0.1320256	0.292221	-0.1059363	0.2301384	0.1660812	0.04692206	0.1498951	0.6439627	0.08600137	0.4191647	0.626016	-0.004566389	0.9940073	1.089403	0.1355134	0.4978488	0.4237235	0.4361697	0.199254	0.5289029	0.4589192	0.1961708	0.06361777	0.2474226	-0.1058827	0.2505506	0.1909224	1.893771	1.84784	1.652841	1.367288	1.183326	0.6094086
9.765625	-0.2270733	-0.1803584	-0.3791038	0.02939541	0.3255848	-0.2336023	-0.04957233	-0.213573	-0.1045427	-0.1538211	-0.2014031	-0.2401286	0.401048	-0.2305216	0.1441512	-0.3205261	-0.9961371	-1.060988	0.08172647	-0.3400499	-0.3696515	-0.2365816	-0.02623217	-0.8428712	-0.5203332	-0.4172985	-0.7086976	-0.03825248	0.4609961	-0.3801365	-0.3659338	-0.1276205	-0.6010137	0.2673459	0.6569889	-0.3102439	-0.4100237	-0.6540682	-0.3953436	-0.6553075	-0.4771368	-0.4415385	-0.2218664	-0.3676573	-0.1820711	-0.3668624	-0.4305697	-0.3515299	0.5004042	0.5507156	0.5258883	0.08006144	-0.5436841	-0.2052776	-0.5035522	-0.5085425	-0.3682309	-0.3785207	0.09934781	-0.1190282	-0.3670279	-0.2501458	-0.194607	-0.2364064	0.1631675	0.04855456	-0.2465093	-0.3349294	0.1572149	-0.6676298	-0.1688833	0.4467216	0.533537	-0.05847802	0.0100358	0.0395753	-0.7275151	-0.394617	0.8414424	0.2938803	0.2730755	0.07183636	-0.9143763	-0.4880279	0.3826452	-0.01978684	-0.07727101	-0.6134099	-1.077671	-0.2815081	0.5362844	0.5896801	0.383581	0.302911	0.5212602	0.05691803	0.1909387	0.2027827	0.01761801	0.2145703	0.7951598	0.1490218	0.4428206	0.555945	-0.03418506	1.052396	1.013069	0.1695293	0.4710257	0.4583517	0.4514763	0.2699735	0.5666339	0.4678516	0.1646854	0.003903049	0.1766214	-0.1158857	0.2250478	0.1592007	1.921647	1.802581	1.553166	1.408322	1.334301	0.6443657
11.71875	-0.1510242	-0.2199814	-0.3145161	-0.1030056	0.09246174	-0.3847623	-0.02425445	-0.2894867	-0.08710663	-0.3246193	-0.5131413	-0.4449503	0.5955133	-0.2508681	0.2321491	-0.4880981	-1.334863	-1.3094	0.1864294	-0.3277142	-0.2864879	-0.2837423	-0.1235754	-0.888498	-0.4777431	-0.4137484	-0.698099	-0.03529054	0.4621042	-0.4108922	-0.3905989	-0.05945486	-0.438251	0.2262665	0.7102959	-0.1753482	-0.289876	-0.6040529	-0.3493428	-0.6464386	-0.5723839	-0.5233052	-0.1099186	-0.3328339	-0.1508528	-0.3720142	-0.5780934	-0.4757051	0.6949639	0.7097522	0.6968524	0.1346108	-0.7580373	-0.2908322	-0.4718885	-0.5374786	-0.3754929	-0.4694695	-0.06993016	-0.2785873	-0.3317301	-0.22227	-0.1555085	-0.2988317	0.03890954	-0.0188882	-0.1850872	-0.3974916	0.1155961	-0.7149181	-0.3681926	0.2281597	0.4878034	-0.08458277	-0.01820638	0.05105133	-0.6362981	-0.4260868	0.83061	0.3155096	0.2528001	0.1060224	-0.8444107	-0.4218754	0.3093704	0.06834587	-0.2781727	-0.3490143	-0.580924	-0.08010291	0.5363653	0.7025111	0.3637012	0.43129	0.6933154	0.1560659	0.1666691	0.2137387	-0.0119536	0.2555327	0.8806335	0.1836192	0.4840283	0.4051117	-0.03318987	0.9799879	0.791033	0.1431796	0.4902038	0.5165447	0.5120903	0.3135956	0.5931735	0.5083475	0.1552534	-0.007981555	0.1532908	-0.1110192	0.1854868	0.1443647	1.776726	1.549151	1.341735	1.262043	1.307545	0.5127916
13.671875	-0.05237969	-0.2295173	-0.2351205	-0.1852856	-0.07686713	-0.4848211	0.006745477	-0.3207134	-0.05898582	-0.444091	-0.7357164	-0.5813389	0.7375802	-0.2623075	0.2587566	-0.6087331	-1.611064	-1.469683	0.2618404	-0.3225656	-0.2384015	-0.3017873	-0.1813285	-0.9349816	-0.3950578	-0.3814338	-0.6582339	-0.01279945	0.4535052	-0.4373206	-0.3448061	0.08560966	-0.259482	0.28586	0.8122725	-0.03162435	-0.1754526	-0.5301109	-0.309577	-0.6010298	-0.6144854	-0.5665171	-0.01541749	-0.2836249	-0.1160515	-0.3614811	-0.6748796	-0.5492905	0.9156347	0.8398733	0.8785167	0.1708975	-0.9348726	-0.3575165	-0.4217561	-0.5174012	-0.3433529	-0.6021884	-0.2514839	-0.4115506	-0.2824694	-0.1795058	-0.112822	-0.3553892	-0.07286005	-0.08755456	-0.1414884	-0.400378	0.07243401	-0.7340069	-0.4795663	0.05360485	0.4532759	-0.07525615	-0.0183014	0.05208569	-0.5546708	-0.4383023	0.8591799	0.3907022	0.2929208	0.1874937	-0.7394688	-0.3203061	0.2380445	0.1069195	-0.5403272	-0.1596322	-0.1572655	-0.06282687	0.4926207	0.7388164	0.3110892	0.510811	0.7975461	0.1882935	0.1422295	0.2115927	-0.04481007	0.2894948	0.9553302	0.2171672	0.5284699	0.293597	-0.0328281	0.9106961	0.6207903	0.1261238	0.4632229	0.4460677	0.4548292	0.3026463	0.6057884	0.4844634	0.2075885	0.10174	0.2242355	-0.04682859	0.2081407	0.2042138	1.904206	1.796711	1.512467	1.268987	1.376363	0.6017916
15.625	0.04974277	-0.1904035	-0.1644824	-0.2035069	-0.1782411	-0.5336633	0.01936268	-0.3377687	-0.03787816	-0.5184053	-0.8684497	-0.6523338	0.7999364	-0.2402444	0.2661677	-0.6532165	-1.785679	-1.510567	0.3291302	-0.3090698	-0.2029258	-0.3019375	-0.2170585	-0.9882092	-0.2660611	-0.306453	-0.5640564	0.02626968	0.4270084	-0.4493362	-0.2492434	0.219704	-0.1437748	0.3836156	0.8789855	0.04290459	-0.1108225	-0.4802728	-0.2825403	-0.5926506	-0.6948925	-0.6144871	0.05298441	-0.236385	-0.07701023	-0.3601657	-0.7525262	-0.5929	1.009971	0.8204197	0.9776461	0.09520554	-1.115065	-0.4623135	-0.3583115	-0.4618883	-0.2751268	-0.7112469	-0.4139838	-0.4808634	-0.2406884	-0.1637234	-0.09547091	-0.3843771	-0.1464877	-0.156211	-0.1479599	-0.4002476	0.001207386	-0.7391579	-0.4831542	-0.0734861	0.4487663	-0.01616282	0.02365259	0.09238257	-0.4438016	-0.4042261	0.9150877	0.5073609	0.3722711	0.3104694	-0.5888585	-0.1965388	0.2282364	0.1323112	-0.7692441	-0.02111403	0.1014698	-0.1784221	0.4154086	0.6879137	0.2276672	0.5526294	0.8586802	0.1785823	0.0920422	0.1946344	-0.09406838	0.326783	1.051836	0.2570018	0.5426166	0.3276417	-0.05149078	0.949573	0.641176	0.2044571	0.4181682	0.3252285	0.3248213	0.2827938	0.6229686	0.4165239	0.09837286	-0.04699649	0.08791258	-0.05342384	0.2003875	0.1238543	1.818834	1.693326	1.356578	1.229916	1.399264	0.469778
17.578125	0.1530619	-0.1064733	-0.09361534	-0.1819667	-0.2657015	-0.5636743	0.01317449	-0.36533	-0.0274245	-0.5749725	-0.9603869	-0.6975452	0.8189847	-0.1836746	0.3001127	-0.6167959	-1.879277	-1.478051	0.4135332	-0.2552948	-0.1389986	-0.2794688	-0.2447548	-1.037005	-0.1071898	-0.1914804	-0.4159168	0.07920095	0.3889908	-0.4441675	-0.1485077	0.3083416	-0.1059538	0.477441	0.8751568	0.03631697	-0.08613534	-0.4593397	-0.2467153	-0.6458668	-0.8538418	-0.6925895	0.111277	-0.1926908	-0.02608703	-0.371955	-0.8325337	-0.630083	0.9354814	0.6251179	0.9467441	-0.1025002	-1.32579	-0.6358957	-0.3036009	-0.426853	-0.2118775	-0.7578892	-0.5420772	-0.5095992	-0.2154338	-0.1961475	-0.1118268	-0.3857439	-0.1871873	-0.2247931	-0.1906065	-0.4352687	-0.09622092	-0.7484043	-0.4404152	-0.1914861	0.4842459	0.08271224	0.09666303	0.2047551	-0.2877542	-0.3250017	0.9705483	0.6278904	0.4484152	0.4444674	-0.411795	-0.07761721	0.2853715	0.1662946	-0.8896333	0.08756118	0.1970178	-0.3038851	0.3610476	0.6640398	0.1863835	0.6079673	0.9443015	0.2120191	0.01854228	0.1703903	-0.1502635	0.3696941	1.162516	0.2959932	0.5228387	0.4965532	-0.06895649	1.086531	0.8154405	0.3744448	0.4682633	0.3771778	0.3195117	0.3248299	0.6680142	0.4141695	0.118199	0.004893227	0.09859505	0.02052647	0.2683877	0.1435629	1.916668	1.865972	1.362599	1.400296	1.58947	0.5131667
19.53125	0.2670621	0.002907183	0.002285541	-0.1540312	-0.3808698	-0.5987933	0.008009605	-0.3997048	-0.01484231	-0.632941	-1.059777	-0.7512851	0.8610435	-0.1072856	0.3710752	-0.5147395	-1.926077	-1.441173	0.5008432	-0.1562636	-0.03906588	-0.2277396	-0.2607004	-1.063766	0.04400761	-0.0589902	-0.2525702	0.1469182	0.3631966	-0.4263906	-0.100024	0.3443558	-0.1171492	0.5447045	0.820595	-0.01542315	-0.06721371	-0.4465678	-0.1916039	-0.7257246	-1.045424	-0.7902631	0.1776156	-0.1453835	0.04212217	-0.3864406	-0.9174688	-0.6702863	0.6913299	0.2656503	0.7336614	-0.3746753	-1.54182	-0.8777705	-0.2666803	-0.4537392	-0.1880983	-0.7479294	-0.6361995	-0.5516436	-0.1926215	-0.2565297	-0.1376019	-0.3760406	-0.2242823	-0.290468	-0.2494885	-0.5097665	-0.2088339	-0.7773467	-0.413364	-0.3264327	0.5472272	0.1852956	0.1755645	0.3598203	-0.116246	-0.2308309	1.011589	0.7297815	0.497007	0.5727947	-0.233716	0.02432089	0.3729276	0.2208848	-0.8836393	0.192722	0.2348178	-0.3274731	0.3039196	0.6661324	0.1579574	0.6650136	1.07264	0.2860959	-0.04297215	0.1632835	-0.183186	0.4173532	1.254738	0.3251202	0.4646342	0.72754	-0.03890671	1.230613	1.018324	0.5815738	0.453936	0.3549003	0.2935928	0.3101176	0.6283187	0.3384456	0.1042222	-0.02439861	0.05628411	0.04835199	0.2881832	0.09541473	1.916059	1.877523	1.234304	1.579374	1.769443	0.5222305
21.484375	0.4022492	0.1178357	0.1409333	-0.1381464	-0.5301833	-0.6360337	0.02087059	-0.4232701	0.01013301	-0.6920159	-1.182866	-0.8243934	0.9316856	-0.05842823	0.4331066	-0.4165627	-1.951503	-1.453127	0.5554143	-0.03183845	0.06647791	-0.1462842	-0.2418311	-1.050989	0.1478914	0.05966235	-0.1289286	0.2299094	0.3731031	-0.4017951	-0.1271919	0.3245305	-0.1392639	0.5714618	0.7610835	-0.07426757	0.01151842	-0.3865658	-0.09955939	-0.7574079	-1.183041	-0.8593425	0.2562582	-0.09111066	0.1224696	-0.3957925	-1.003295	-0.7112715	0.3716734	-0.1505906	0.3874889	-0.6407591	-1.7284	-1.135656	-0.2313143	-0.5252535	-0.2001197	-0.7070488	-0.692508	-0.6336981	-0.1537154	-0.3019332	-0.1378244	-0.3762325	-0.2834532	-0.346289	-0.2924652	-0.5845695	-0.3090903	-0.8240714	-0.4459307	-0.4719747	0.6201718	0.2700039	0.2416917	0.502467	0.02680481	-0.1445058	1.040553	0.8058678	0.5219849	0.6874048	-0.08147655	0.1057836	0.4486553	0.3151067	-0.77347	0.3179939	0.3504252	-0.2069674	0.2386377	0.6905391	0.1243759	0.7022427	1.218068	0.3617014	-0.08064991	0.1480433	-0.2032343	0.4466377	1.293622	0.3170325	0.3923127	0.9241882	0.05931273	1.301167	1.141098	0.7396985	0.3659272	0.2213608	0.2322171	0.2092465	0.4816286	0.1729585	0.09609392	-0.06746133	0.02910508	0.03637228	0.2584347	0.02349087	2.03638	2.137844	1.341208	1.834708	1.967559	0.7237156
23.4375	0.5138694	0.1949112	0.2864818	-0.1655101	-0.6939791	-0.668678	0.05185031	-0.4237333	0.0497069	-0.7421277	-1.316055	-0.9039003	1.057467	0.0004808388	0.4821192	-0.3287156	-1.930699	-1.467854	0.5467674	0.07906166	0.1343436	-0.05483473	-0.1771989	-0.9984036	0.1865614	0.1445731	-0.0783428	0.3244509	0.4244518	-0.3709321	-0.1808177	0.277427	-0.1497098	0.5665195	0.7531554	-0.1132937	0.1764468	-0.2463309	0.03239453	-0.6953677	-1.215917	-0.8584118	0.3267532	-0.04080604	0.1941906	-0.4041197	-1.087124	-0.7502605	0.07929275	-0.5012113	0.01438579	-0.8429559	-1.869065	-1.346956	-0.1744333	-0.5797867	-0.210421	-0.6610002	-0.7071944	-0.7284042	-0.09387213	-0.3029306	-0.09641138	-0.3976695	-0.3675685	-0.3869118	-0.3225307	-0.6292408	-0.3928328	-0.883675	-0.4971314	-0.5868962	0.6850919	0.3355827	0.296327	0.5804455	0.1083759	-0.07295421	1.075398	0.8662933	0.5489355	0.7916325	0.02698399	0.1680337	0.5008761	0.4562788	-0.5992312	0.4702791	0.6016481	0.002008789	0.1575842	0.6743327	0.05501192	0.6861572	1.314416	0.3633879	-0.08484638	0.1271366	-0.2122399	0.4463276	1.277694	0.2757593	0.2299931	0.8910137	0.08429579	1.232179	1.164042	0.7444093	0.372636	0.2145454	0.2911586	0.1232592	0.325185	0.05371698	0.05284296	-0.1828109	-0.02349011	-0.03595823	0.1697856	-0.08724072	1.994555	2.194501	1.354786	1.944366	1.988392	0.838278
25.390625	0.5791329	0.2310359	0.3998665	-0.222024	-0.8404075	-0.6837893	0.09639909	-0.3995177	0.1041986	-0.7774227	-1.4417	-0.9696903	1.143962	0.03185892	0.4976548	-0.3226705	-1.891279	-1.464376	0.4771567	0.1460376	0.1462905	0.01813109	-0.08345171	-0.9236587	0.179479	0.2064259	-0.08591371	0.4254193	0.504069	-0.3244582	-0.2041194	0.2259005	-0.1516284	0.542524	0.8027458	-0.1383698	0.3896499	-0.05389273	0.1827191	-0.5644816	-1.168854	-0.7959577	0.3830336	0.00332184	0.2503532	-0.4168423	-1.17151	-0.7863891	-0.1180255	-0.6805265	-0.2550975	-0.9463165	-1.953754	-1.449412	-0.08802627	-0.5619246	-0.1805402	-0.6210372	-0.6946062	-0.7823273	-0.0188211	-0.2632552	-0.02496007	-0.4314818	-0.4659536	-0.4159248	-0.3444399	-0.6500497	-0.4672241	-0.9360753	-0.5480218	-0.6598027	0.7441474	0.4175739	0.3676991	0.6019163	0.1444362	0.00789145	1.125644	0.9147026	0.5953494	0.878048	0.08108621	0.2027649	0.5548595	0.6150804	-0.4003508	0.6139511	0.8979977	0.1674888	0.0900805	0.5955943	-0.02726898	0.6138446	1.310481	0.2673319	-0.06832337	0.09210715	-0.2213191	0.4073386	1.219446	0.2096959	0.06941088	0.7806514	0.07629201	1.121645	1.212175	0.7102093	0.2761244	-0.009971611	0.1600763	-0.03760609	0.1059552	-0.2043304	0.07437454	-0.1983214	0.01941033	-0.09077016	0.09349135	-0.1315657	1.840867	2.092536	1.277112	1.938678	1.879178	0.847168
27.34375	0.592499	0.2353515	0.4585826	-0.2921492	-0.9629205	-0.694764	0.1538044	-0.3549263	0.1744754	-0.7984807	-1.552712	-1.010171	1.176326	0.05653823	0.5161944	-0.3468643	-1.849182	-1.401809	0.3875116	0.1740259	0.1271636	0.0599214	0.007573213	-0.8452748	0.1684109	0.2743897	-0.1000444	0.5260022	0.5878884	-0.2522063	-0.1597997	0.2196969	-0.1418797	0.5387161	0.8833528	-0.1551067	0.5809101	0.1266937	0.3236298	-0.4392089	-1.121402	-0.7268426	0.4360689	0.05033242	0.3013394	-0.4326579	-1.255421	-0.819204	-0.2029472	-0.6645043	-0.3527717	-0.9460213	-1.976817	-1.424599	0.004134979	-0.4738724	-0.11029	-0.5892808	-0.68753	-0.7687696	0.05594115	-0.2147575	0.04606948	-0.4614229	-0.5627275	-0.4402067	-0.398699	-0.6959845	-0.5656443	-0.9786164	-0.5749338	-0.7018965	0.8075249	0.5403278	0.4816326	0.6070369	0.1670012	0.1078626	1.184014	0.9416667	0.6544495	0.9286542	0.07615131	0.1929563	0.6653014	0.7477822	-0.2117684	0.7180464	1.073402	0.1647302	0.06506535	0.4727429	-0.07389913	0.5018826	1.204103	0.1157029	-0.05546423	0.0328198	-0.2401057	0.3297665	1.130837	0.1279166	-0.09661091	0.6069698	-0.04112796	1.002793	1.344806	0.688019	0.3084399	-0.05244489	0.1297667	-0.107479	-0.02557717	-0.3596125	0.008645304	-0.3598911	-0.05066943	-0.1994717	-0.02700876	-0.2523991	1.690199	1.956929	1.176819	1.89977	1.750523	0.7922589
29.296875	0.5890611	0.2334968	0.4801885	-0.3459756	-1.06748	-0.7227851	0.2222189	-0.2982342	0.258064	-0.8152851	-1.653485	-1.028176	1.13693	0.03308662	0.5466972	-0.3788573	-1.855411	-1.319563	0.3244763	0.188769	0.1204116	0.07728787	0.06578983	-0.7752503	0.1888811	0.3703774	-0.07134314	0.6170992	0.6534566	-0.1550156	-0.06521627	0.2969344	-0.1077433	0.5941632	0.9512105	-0.1625361	0.6903787	0.2301004	0.4227834	-0.3895476	-1.144071	-0.7187145	0.4996558	0.1113021	0.3619708	-0.4426411	-1.32738	-0.8449451	-0.2314107	-0.544291	-0.3345673	-0.8747886	-1.93521	-1.31742	0.06255793	-0.3736853	-0.03881792	-0.5692724	-0.7173754	-0.7155553	0.1224985	-0.1841825	0.09630545	-0.4759772	-0.6486907	-0.4635896	-0.4935201	-0.7865469	-0.6909246	-1.002807	-0.5919952	-0.7433243	0.8870981	0.7008194	0.6311436	0.6520854	0.20795	0.2119992	1.229297	0.9336357	0.7018577	0.9287655	0.02388205	0.1310088	0.8560632	0.8015792	-0.06103969	0.7457966	0.9949306	-0.06186541	0.06716175	0.331105	-0.07493758	0.3671795	1.03975	-0.02187842	-0.05550849	-0.03616833	-0.2546649	0.2280567	1.019414	0.04771417	-0.1906679	0.5177712	-0.1697118	0.9090962	1.559958	0.7692899	0.304416	-0.1434805	0.03671679	-0.1730464	-0.123635	-0.5146387	0.01547507	-0.3988249	-0.0436544	-0.2571928	-0.1101737	-0.3135835	1.506875	1.707948	0.9726936	1.832443	1.648331	0.6353829
31.25	0.6181603	0.2457888	0.5049186	-0.3662415	-1.166109	-0.785041	0.3005483	-0.2300984	0.3490066	-0.8264089	-1.741669	-1.02893	1.038477	-0.069135	0.5655303	-0.3984677	-1.934542	-1.274391	0.3216873	0.2240459	0.1580603	0.0922899	0.08544116	-0.712264	0.2509518	0.4904459	0.01702945	0.6877217	0.6858187	-0.04879336	0.04199895	0.4644825	-0.03147927	0.7157037	0.9738889	-0.1542844	0.7301939	0.2468733	0.4699952	-0.4210443	-1.243052	-0.7949277	0.5852441	0.1978562	0.4465637	-0.4362881	-1.37704	-0.8544701	-0.2399137	-0.4386103	-0.2972248	-0.789769	-1.863473	-1.211867	0.07308071	-0.3243131	-0.007784409	-0.5599246	-0.7947277	-0.6892232	0.188166	-0.1687152	0.1328389	-0.4728397	-0.723873	-0.483815	-0.610257	-0.887647	-0.810901	-1.005087	-0.6055251	-0.787244	0.9861844	0.8617101	0.7732987	0.7568014	0.2615953	0.2761649	1.246096	0.8913033	0.7201493	0.882741	-0.04914305	0.0311642	1.115228	0.7811465	0.06862541	0.6971616	0.6750271	-0.4515966	0.0827494	0.2296521	-0.03411344	0.2368832	0.8840321	-0.08198828	-0.06638424	-0.1059107	-0.2551897	0.1184577	0.8878593	-0.0257035	-0.1925976	0.5323062	-0.2307277	0.8033688	1.75083	0.921357	0.314371	-0.1723864	-0.00156583	-0.2157893	-0.1669092	-0.589337	0.01773993	-0.4345132	-0.05258423	-0.3112754	-0.1921992	-0.3854291	1.286145	1.356348	0.6983648	1.733855	1.549158	0.3971199
33.203125	0.706153	0.2824571	0.5681579	-0.355524	-1.260787	-0.8672028	0.3794685	-0.1572077	0.4316694	-0.825255	-1.812197	-1.02245	0.9046801	-0.2301917	0.5520378	-0.4253865	-2.062458	-1.279749	0.3751843	0.282046	0.2370645	0.1103145	0.06869636	-0.65787	0.3398728	0.608076	0.1448629	0.72725	0.6774011	0.04257715	0.1273075	0.6604571	0.07751656	0.8463868	0.9337146	-0.1372866	0.7698937	0.2303537	0.4898945	-0.4811848	-1.370931	-0.9144665	0.6925931	0.3084559	0.5545229	-0.4129654	-1.405727	-0.8434191	-0.2668593	-0.4594788	-0.3381664	-0.7702761	-1.826386	-1.199111	0.05453804	-0.3412873	-0.02781969	-0.5543804	-0.8870503	-0.7314468	0.2619279	-0.1424319	0.1767703	-0.4585196	-0.7842689	-0.4939317	-0.7109579	-0.9365475	-0.8771429	-1.005495	-0.6055188	-0.8104957	1.08615	0.9679722	0.854332	0.8768643	0.2880268	0.25707	1.242402	0.8382516	0.7126133	0.8228741	-0.1113062	-0.07493393	1.391989	0.7507669	0.214825	0.6306425	0.2863195	-0.8523271	0.05901263	0.1377355	-0.0320967	0.1130468	0.7639853	-0.09413071	-0.08013986	-0.171644	-0.2445923	0.0102665	0.7384157	-0.09651541	-0.1053754	0.6502482	-0.1586484	0.6747504	1.845618	1.073866	0.282638	-0.2389425	-0.05076531	-0.2848118	-0.2082404	-0.651199	-0.04287704	-0.5596841	-0.1390005	-0.4020902	-0.2993376	-0.5103793	1.16181	1.177988	0.5885054	1.666314	1.45688	0.2650713
35.15625	0.7922885	0.300949	0.6490226	-0.3686028	-1.354506	-0.9556689	0.4453619	-0.09255055	0.4892016	-0.8084783	-1.856794	-1.017201	0.7711103	-0.3606093	0.5214686	-0.4846641	-2.183992	-1.27927	0.4677698	0.3536219	0.3339635	0.1266361	0.03125581	-0.6114072	0.4319731	0.6935124	0.2771753	0.7292423	0.6251377	0.09847736	0.1879909	0.7868035	0.1802462	0.8961043	0.8283085	-0.1370397	0.8590053	0.2412459	0.5146467	-0.5100017	-1.460223	-1.00185	0.7876385	0.4082466	0.6522957	-0.3924145	-1.425647	-0.82419	-0.3189096	-0.6140959	-0.4718719	-0.8420056	-1.846439	-1.295123	0.05042044	-0.38151	-0.06849597	-0.5364278	-0.9454437	-0.825793	0.3439867	-0.08246005	0.2399767	-0.4398628	-0.8218957	-0.4912859	-0.7417084	-0.887094	-0.8499249	-1.018823	-0.5932968	-0.7969866	1.161021	0.9905251	0.8469948	0.9435151	0.2501198	0.1499431	1.236996	0.7967999	0.6966792	0.7703735	-0.1548862	-0.1674274	1.62926	0.7870707	0.4205894	0.599586	0.01425378	-1.116948	-0.02106997	0.0161356	-0.1237789	0.0009199162	0.665889	-0.1291475	-0.09756407	-0.2423746	-0.2441114	-0.1017524	0.5746771	-0.178893	-0.07457078	0.6404346	-0.1254801	0.4898242	1.795737	1.061397	0.2482187	-0.3094079	-0.09293443	-0.3653187	-0.2645173	-0.7137605	0.02555518	-0.4649019	-0.05349799	-0.4216008	-0.3430458	-0.5016499	0.9620174	0.9164069	0.4501879	1.509706	1.233414	0.1058583
37.109375	0.8294735	0.2881449	0.7175171	-0.4260179	-1.442919	-1.019259	0.4907214	-0.04840491	0.5167406	-0.7822604	-1.8749	-1.015566	0.6119031	-0.4127747	0.4858796	-0.6291079	-2.261065	-1.216742	0.564189	0.4084491	0.4197589	0.1211444	-0.02495722	-0.5812383	0.5168704	0.7407934	0.3919143	0.6992555	0.5362439	0.1145366	0.2381344	0.7715384	0.2314075	0.8081595	0.6678648	-0.1811484	0.9806166	0.2949037	0.5639762	-0.4974538	-1.479705	-1.008976	0.8451329	0.4605054	0.7086264	-0.3999146	-1.455409	-0.819777	-0.3297242	-0.7622048	-0.5755814	-0.9479748	-1.888923	-1.411813	0.09025604	-0.3859754	-0.08797959	-0.4916182	-0.9425504	-0.9143836	0.4171312	0.004834597	0.3073295	-0.41634	-0.8247538	-0.4774144	-0.6940349	-0.7587308	-0.7518167	-1.030686	-0.5602872	-0.7428372	1.191594	0.9382903	0.7761125	0.8993727	0.1312128	-0.01154498	1.242357	0.772197	0.6869649	0.7187743	-0.2007004	-0.2505258	1.792306	0.9029458	0.6668884	0.6170735	-0.08144662	-1.208697	-0.1285553	-0.1326663	-0.2830974	-0.08997338	0.5564377	-0.2286302	-0.1086393	-0.3090874	-0.2564841	-0.2222587	0.3957435	-0.2801399	-0.09570693	0.5482588	-0.1491889	0.3353424	1.671385	0.917542	0.2828301	-0.283873	-0.07133104	-0.4042209	-0.3176906	-0.7464534	-0.004094752	-0.5357987	-0.08750394	-0.508628	-0.4430268	-0.5702948	0.8551345	0.8448787	0.4747235	1.343328	0.9673362	0.070538
39.0625	0.7859851	0.2379034	0.7387936	-0.5215558	-1.524837	-1.050286	0.5100969	-0.03310484	0.5181508	-0.7644911	-1.871732	-1.01562	0.4339193	-0.3746988	0.4734884	-0.8442786	-2.289733	-1.067135	0.6390656	0.4341903	0.4804967	0.0919737	-0.0927651	-0.5689806	0.5951055	0.7621468	0.4864722	0.6480473	0.423605	0.09750339	0.301784	0.6413697	0.2174315	0.6226649	0.4885039	-0.2696693	1.057771	0.3502569	0.6262823	-0.488132	-1.451424	-0.9513555	0.8522012	0.4423113	0.7082893	-0.4522453	-1.50384	-0.8488331	-0.2293574	-0.7309777	-0.5081545	-0.9747726	-1.853104	-1.411903	0.1576511	-0.3349053	-0.07481261	-0.4228846	-0.8844306	-0.9450356	0.4596618	0.08755717	0.3485531	-0.3820079	-0.7885413	-0.4569948	-0.5922288	-0.6270654	-0.6460168	-1.007494	-0.5160777	-0.6834304	1.177026	0.8502595	0.6937145	0.7465547	-0.04558047	-0.1744838	1.254073	0.7489796	0.682838	0.639851	-0.2824405	-0.3456315	1.865918	1.017838	0.8544235	0.6328015	-0.09340507	-1.218961	-0.2269558	-0.3051331	-0.4456138	-0.1744615	0.4000186	-0.3967676	-0.1137191	-0.3721835	-0.2773743	-0.3616798	0.1905565	-0.4050033	-0.1798066	0.3903689	-0.2794672	0.2567564	1.536001	0.7205259	0.2005289	-0.454621	-0.2125581	-0.5003176	-0.4511585	-0.9078872	0.08934647	-0.4167807	0.02836755	-0.5362538	-0.5107695	-0.531663	0.5739674	0.504324	0.2707541	1.018001	0.6148892	-0.1098299
41.015625	0.6866905	0.1687531	0.7117608	-0.6293703	-1.60273	-1.058467	0.5064571	-0.04104053	0.5069521	-0.7668712	-1.855187	-1.008502	0.2546748	-0.3189959	0.4627459	-1.060687	-2.290517	-0.8911268	0.6749094	0.430064	0.5157551	0.05037091	-0.1691668	-0.5750352	0.6721449	0.7769928	0.5700067	0.5866174	0.3029987	0.0604098	0.3754554	0.4790678	0.163317	0.4398879	0.3167456	-0.3888509	1.033762	0.3529453	0.6708202	-0.5288973	-1.419818	-0.8902212	0.820954	0.3663715	0.6663097	-0.5409521	-1.561672	-0.9072542	-0.01086497	-0.4604767	-0.2244704	-0.857828	-1.677789	-1.226659	0.214712	-0.2554477	-0.04978069	-0.341215	-0.8127437	-0.919555	0.4539959	0.1303883	0.3387516	-0.3344088	-0.7139708	-0.4288211	-0.4902242	-0.5613892	-0.5995421	-0.9068435	-0.454522	-0.6502178	1.126401	0.7561598	0.6362665	0.5314462	-0.2395764	-0.3078561	1.251746	0.7058874	0.6714838	0.5095525	-0.4132954	-0.4637167	1.851378	1.021621	0.8791387	0.5653087	-0.1669478	-1.282205	-0.2972786	-0.4700464	-0.5465131	-0.278941	0.1999227	-0.5821118	-0.1146279	-0.4295195	-0.291288	-0.5211471	-0.05158135	-0.5456584	-0.3112564	0.2020807	-0.5082553	0.2390971	1.404638	0.556575	0.2395502	-0.3916225	-0.1699683	-0.5109909	-0.5254624	-0.9221114	0.0516938	-0.5224144	-0.03209051	-0.656249	-0.6735781	-0.6356634	0.4849619	0.4824593	0.2812642	0.7679698	0.4223182	-0.1219786
42.96875	0.5913922	0.1072917	0.6567762	-0.7111558	-1.674417	-1.066105	0.4826469	-0.06206986	0.4947947	-0.7899725	-1.833542	-0.9872353	0.07302397	-0.3761047	0.3925413	-1.253736	-2.307295	-0.8077341	0.6747659	0.4083784	0.5368825	0.01177006	-0.2536377	-0.5952985	0.7422876	0.7858563	0.6462383	0.5139248	0.1785773	0.01009982	0.4523688	0.3888727	0.1174892	0.3654798	0.182592	-0.5110949	0.9443733	0.3029888	0.6845639	-0.6107481	-1.411784	-0.8719909	0.774121	0.2720141	0.6140011	-0.6364492	-1.606921	-0.9665995	0.2792979	-0.04252099	0.2044307	-0.6418278	-1.42114	-0.9164672	0.2177382	-0.1999107	-0.05283627	-0.266238	-0.7524669	-0.8754103	0.4125182	0.1266056	0.2868163	-0.2720384	-0.6202886	-0.3940126	-0.4165226	-0.5701671	-0.6221817	-0.7181179	-0.3637397	-0.6501299	1.052603	0.6644217	0.6061128	0.3104989	-0.4156009	-0.4101222	1.215643	0.6345776	0.6447845	0.3298593	-0.5711921	-0.5898018	1.772816	0.8871697	0.728411	0.4022341	-0.3511379	-1.445477	-0.3205588	-0.5717016	-0.5380765	-0.4133415	-0.0140003	-0.7179924	-0.1127518	-0.4793611	-0.2859465	-0.6894016	-0.3250821	-0.6845958	-0.421652	0.041279	-0.7252757	0.2320143	1.244811	0.4646134	0.2745808	-0.286155	-0.07465389	-0.5263218	-0.5879526	-0.8692228	0.1204912	-0.4517815	0.03406186	-0.7257605	-0.8126833	-0.6684554	0.2309664	0.1802094	0.06844062	0.4070641	0.2196709	-0.3058769
44.921875	0.5285126	0.05168563	0.5904844	-0.7698503	-1.739411	-1.095647	0.4576311	-0.07418153	0.4934451	-0.8071983	-1.803434	-0.9431992	-0.1019476	-0.5973516	0.2264255	-1.410814	-2.348217	-0.8705059	0.665047	0.3849727	0.5636322	-0.02183001	-0.3544917	-0.6244836	0.7970049	0.7765906	0.7140628	0.4222121	0.04193014	-0.05018888	0.5022177	0.3861416	0.1098478	0.4085956	0.07711443	-0.6259952	0.8813813	0.2496891	0.6752743	-0.6732299	-1.412779	-0.8893951	0.7365318	0.2048523	0.5800477	-0.7019436	-1.617943	-0.990692	0.4916147	0.2735516	0.5648309	-0.4767282	-1.221661	-0.6594583	0.1611194	-0.1947305	-0.09910206	-0.2102681	-0.7036036	-0.8485131	0.3595295	0.09657438	0.221447	-0.2019996	-0.5255724	-0.3564328	-0.3648237	-0.6061909	-0.666532	-0.4879965	-0.2313614	-0.6638075	0.9818701	0.5824792	0.5803984	0.1435454	-0.5554112	-0.493299	1.147367	0.552986	0.6094379	0.1409349	-0.7075479	-0.6887184	1.639027	0.6743752	0.4966139	0.1817051	-0.5537612	-1.636149	-0.3262573	-0.6181778	-0.4805212	-0.5679777	-0.2036046	-0.7948253	-0.09223541	-0.5023988	-0.245525	-0.8398358	-0.6073936	-0.7996711	-0.4185356	0.01112106	-0.7897566	0.2121558	1.039656	0.4372243	0.2112518	-0.3187634	-0.05751808	-0.6326923	-0.7012182	-0.8536081	0.1099872	-0.5051637	0.002768962	-0.8505163	-1.003813	-0.7908935	-0.09396677	-0.2658546	-0.2342737	0.02512229	-0.005561148	-0.5818736
46.875	0.4990197	0.0009494576	0.532526	-0.8092735	-1.783079	-1.135338	0.4458811	-0.07134711	0.5015188	-0.8002494	-1.763951	-0.8846751	-0.2764277	-0.9292297	-0.008086776	-1.561547	-2.397071	-1.028189	0.6766904	0.3648709	0.6103858	-0.06813119	-0.4855308	-0.659728	0.8346735	0.7348726	0.775521	0.3034843	-0.1260501	-0.1194628	0.5119233	0.4258702	0.148095	0.49409	-0.02163612	-0.7241346	0.9294409	0.2608497	0.6771815	-0.6531595	-1.38692	-0.886965	0.718853	0.1868004	0.5705541	-0.715381	-1.585057	-0.9610317	0.4659723	0.2644115	0.647586	-0.5013117	-1.187186	-0.6146451	0.08044551	-0.2225654	-0.163885	-0.1737496	-0.6526342	-0.8381041	0.3203548	0.07152001	0.1724876	-0.1357356	-0.4447871	-0.3252614	-0.3062379	-0.6119285	-0.6711196	-0.2881771	-0.05842481	-0.6561001	0.9174761	0.5036162	0.5415574	0.01867998	-0.6664096	-0.5694636	1.064936	0.4854834	0.5803362	-0.01723105	-0.7872421	-0.7393329	1.489507	0.5170038	0.3412103	0.01820616	-0.6275984	-1.711061	-0.327027	-0.6198251	-0.4380828	-0.6986684	-0.352668	-0.8358679	-0.06294046	-0.5195985	-0.2016616	-0.9605352	-0.8764852	-0.900474	-0.2947015	0.08180479	-0.6903635	0.1547564	0.7679806	0.3718449	0.195945	-0.2998191	0.01059471	-0.7606772	-0.8282385	-0.805869	0.1423227	-0.4879283	0.03050845	-0.9490875	-1.179049	-0.8793365	-0.08188915	-0.2020318	-0.1169221	-0.1285175	-0.1258298	-0.5740435
48.828125	0.4566913	-0.07092767	0.4794153	-0.8482441	-1.801207	-1.165415	0.4509429	-0.05917181	0.5109106	-0.7689746	-1.712108	-0.8251137	-0.4744336	-1.267524	-0.238837	-1.755342	-2.430482	-1.171194	0.7337052	0.3504386	0.6880771	-0.1434646	-0.651473	-0.6960151	0.8772452	0.6732426	0.8439651	0.1657346	-0.3315842	-0.189208	0.4865547	0.4427676	0.2266322	0.5151834	-0.1480843	-0.7953485	1.063625	0.3418612	0.6976723	-0.5503565	-1.311406	-0.8225778	0.7100618	0.1998146	0.5634727	-0.6813693	-1.511016	-0.8916026	0.176566	-0.07917189	0.4056031	-0.716919	-1.300858	-0.7976517	0.02325624	-0.2443705	-0.2056019	-0.1482195	-0.5884672	-0.8117176	0.3034189	0.06622507	0.1483785	-0.08762082	-0.3847164	-0.3111272	-0.226071	-0.5654938	-0.609965	-0.1661824	0.1335275	-0.5975102	0.8689451	0.4384609	0.5009465	-0.09033016	-0.7698308	-0.6388037	0.9891599	0.4455092	0.5649444	-0.1275376	-0.8089203	-0.7529437	1.343869	0.4692491	0.3357129	-0.03997853	-0.5217618	-1.610347	-0.3316473	-0.6077954	-0.4577552	-0.7712192	-0.4736687	-0.8822768	-0.01271056	-0.5196269	-0.1572795	-1.03749	-1.112839	-0.993611	-0.08616032	0.2268888	-0.4983254	0.09352215	0.4539962	0.2116522	0.1238039	-0.4335848	-0.03695272	-0.9728708	-1.043442	-0.8695296	0.1823253	-0.4693141	0.06946322	-1.035583	-1.353307	-0.9592671	-0.2444626	-0.4898373	-0.2519469	-0.3790787	-0.398451	-0.7661199
50.78125	0.3788473	-0.1635324	0.4282601	-0.8765953	-1.781081	-1.158342	0.4737897	-0.03851166	0.5149909	-0.7195479	-1.640222	-0.7692412	-0.694657	-1.511721	-0.3944268	-1.97912	-2.420294	-1.20283	0.8262754	0.3350803	0.7912475	-0.250043	-0.8418465	-0.7288201	0.9528123	0.617185	0.9381198	0.02527221	-0.5680775	-0.2518511	0.4568223	0.4118533	0.354621	0.4108371	-0.3422786	-0.8303476	1.188363	0.4429698	0.7213618	-0.4246873	-1.200126	-0.7049519	0.6814638	0.1983475	0.523302	-0.6261916	-1.407171	-0.8200622	-0.2818989	-0.5738327	-0.05126134	-0.9855458	-1.417868	-1.079197	0.01554807	-0.2380149	-0.2011219	-0.1241817	-0.5197956	-0.745977	0.2976899	0.07194267	0.1352887	-0.06543568	-0.341117	-0.3134269	-0.1441634	-0.4879992	-0.5111535	-0.1234981	0.2971927	-0.4838108	0.8329504	0.3918531	0.4857201	-0.2208451	-0.879829	-0.6964506	0.9282699	0.4250277	0.5593835	-0.209012	-0.8040831	-0.7639488	1.214306	0.477174	0.4275187	-0.02897552	-0.3403205	-1.404943	-0.3516041	-0.6149408	-0.540186	-0.7962189	-0.5975478	-0.9531156	0.03886372	-0.5337375	-0.1384019	-1.086206	-1.324038	-1.106501	0.1636232	0.4233168	-0.2751761	0.07086115	0.110292	-0.01747614	0.03121554	-0.6476988	-0.1400409	-1.224243	-1.31941	-1.000528	0.2117489	-0.483472	0.08946239	-1.117006	-1.532534	-1.046037	-0.1423522	-0.3768592	-0.1034727	-0.493356	-0.5444385	-0.7378516
52.734375	0.2821523	-0.252068	0.3798459	-0.8690597	-1.71489	-1.102663	0.4913441	-0.01954947	0.5027053	-0.671894	-1.548039	-0.7175488	-0.8646979	-1.609652	-0.4327073	-2.151747	-2.35575	-1.116732	0.9321131	0.3282782	0.9081759	-0.3597589	-1.022202	-0.7510746	1.081359	0.599609	1.070127	-0.09517757	-0.8077628	-0.299125	0.4680274	0.3687257	0.5444523	0.2058821	-0.6200421	-0.8250629	1.205236	0.4908432	0.7077359	-0.3439232	-1.084066	-0.588531	0.634194	0.1663731	0.4496746	-0.5705548	-1.290939	-0.7733024	-0.6905541	-0.9451374	-0.4918451	-1.128897	-1.405986	-1.288498	0.04287853	-0.2164243	-0.1656856	-0.09816752	-0.4603469	-0.6529972	0.283159	0.0670459	0.1127379	-0.06982035	-0.3035029	-0.3210414	-0.08416238	-0.4030915	-0.4169912	-0.09618986	0.3728054	-0.3462737	0.8183776	0.3702362	0.5154175	-0.3632323	-0.9984502	-0.7413892	0.8804095	0.4117866	0.5567656	-0.2845928	-0.8020806	-0.7921277	1.101258	0.4329896	0.4843481	-0.03509638	-0.2548906	-1.240112	-0.3620194	-0.610068	-0.6146675	-0.8096692	-0.7408744	-1.017893	0.09933504	-0.5392781	-0.1194184	-1.110564	-1.513263	-1.225449	0.3921572	0.6495323	-0.06428888	0.1108623	-0.231077	-0.2222264	0.1184894	-0.5655316	0.0003544953	-1.356055	-1.51571	-0.9593899	0.2715561	-0.4534032	0.139956	-1.168452	-1.688412	-1.09799	-0.2213246	-0.5388493	-0.2020753	-0.7561383	-0.7108942	-0.8789269
54.6875	0.2048598	-0.3030888	0.3362295	-0.8173329	-1.606081	-1.011906	0.4847325	-0.005337436	0.4728225	-0.6307222	-1.440832	-0.6630312	-0.9109256	-1.588575	-0.391057	-2.182293	-2.239386	-1.002942	1.027814	0.3394761	1.029913	-0.4409497	-1.166428	-0.7612737	1.248621	0.6287588	1.231561	-0.1844041	-1.021834	-0.3308487	0.563621	0.3787449	0.7973014	-0.009104069	-0.9515885	-0.7874069	1.12144	0.4731919	0.6476892	-0.3150789	-0.9834077	-0.5172782	0.5810763	0.1170424	0.3644	-0.5198826	-1.173542	-0.7508518	-0.9035451	-1.065345	-0.7559326	-1.080032	-1.24773	-1.352982	0.07710763	-0.2045019	-0.1303009	-0.06907702	-0.4196789	-0.5779692	0.2485395	0.03841904	0.07253718	-0.08908579	-0.2623703	-0.3200856	-0.09233298	-0.3361139	-0.3761156	-0.05330458	0.3635163	-0.2224618	0.8178547	0.3584506	0.5782004	-0.4962268	-1.113143	-0.7792484	0.8393753	0.3989346	0.555639	-0.3608435	-0.8134902	-0.8258727	0.9855787	0.2642001	0.4157113	-0.1335284	-0.3706827	-1.213161	-0.3642007	-0.5880749	-0.6439286	-0.8660375	-0.9017701	-1.05271	0.1670744	-0.525536	-0.0813182	-1.121983	-1.68554	-1.326267	0.5213923	0.8024843	0.07627533	0.1696575	-0.5653314	-0.3690802	0.01340242	-0.7585647	-0.05605169	-1.552766	-1.761346	-1.040098	0.2975587	-0.4690596	0.1443934	-1.228309	-1.837261	-1.163671	-0.07637567	-0.2605871	-0.003571667	-0.8949631	-0.6874754	-0.8029736
56.640625	0.1717241	-0.2986329	0.2904122	-0.7334263	-1.467422	-0.9163039	0.4539497	0.007362426	0.4361326	-0.5833594	-1.329975	-0.5987251	-0.7807882	-1.48091	-0.3156008	-2.027216	-2.082872	-0.943736	1.114221	0.3817933	1.155858	-0.4736109	-1.262938	-0.7587664	1.414256	0.6890554	1.39612	-0.241122	-1.187613	-0.3495827	0.7332497	0.4514226	1.066229	-0.1575072	-1.273352	-0.7439664	1.025597	0.4379949	0.5678111	-0.2869895	-0.8921098	-0.487844	0.5410632	0.08535665	0.2975853	-0.4637761	-1.058742	-0.7270443	-0.8963253	-1.005958	-0.8139207	-0.9242358	-1.062688	-1.33377	0.09296969	-0.2134993	-0.1150768	-0.04843585	-0.3875374	-0.554168	0.1959681	-0.007620106	0.02127781	-0.1052096	-0.2099747	-0.3033795	-0.1677255	-0.2885252	-0.3921797	0.0009726134	0.3003337	-0.1536568	0.8364975	0.3591951	0.6474827	-0.5692304	-1.201973	-0.8043113	0.8083493	0.3947603	0.5644008	-0.4157224	-0.8280012	-0.8309861	0.8266652	-0.01324728	0.2305242	-0.3356764	-0.6269749	-1.2934	-0.3836761	-0.5959584	-0.6625268	-0.9939016	-1.069641	-1.080002	0.2395603	-0.4885078	-0.02137969	-1.125497	-1.836278	-1.385111	0.5826944	0.8983695	0.1906568	0.2261679	-0.8520203	-0.4411483	-0.2061317	-1.099819	-0.233067	-1.751527	-1.997095	-1.185681	0.3410488	-0.4386829	0.1744038	-1.264868	-1.948094	-1.189675	-0.2706028	-0.4647525	-0.1853562	-1.196895	-0.8013237	-1.002874
58.59375	0.1639529	-0.2571273	0.2330847	-0.6538295	-1.325088	-0.8410085	0.4135012	0.01672923	0.4033424	-0.5203678	-1.231852	-0.5323604	-0.5609542	-1.361364	-0.2757284	-1.782129	-1.926869	-0.9794317	1.209358	0.4558913	1.284728	-0.4608911	-1.320532	-0.7460977	1.536122	0.7539949	1.530912	-0.2673712	-1.292546	-0.3571789	0.9187112	0.5433628	1.275832	-0.2107178	-1.499528	-0.7147334	1.013983	0.4528357	0.5178168	-0.2032628	-0.7944004	-0.457839	0.5313275	0.1044004	0.2713737	-0.3869926	-0.9434401	-0.6713458	-0.790697	-0.9677176	-0.7762572	-0.815304	-0.9768827	-1.342448	0.08021173	-0.2309502	-0.118139	-0.05169991	-0.3373215	-0.5696369	0.1412744	-0.04998803	-0.02426321	-0.1054224	-0.1490222	-0.2765936	-0.2720922	-0.2729998	-0.4469154	0.02377394	0.2383124	-0.1662375	0.8637012	0.3708457	0.6961545	-0.577222	-1.257616	-0.810094	0.7913736	0.4049735	0.588831	-0.4298489	-0.835716	-0.789383	0.6184613	-0.2906426	0.02085212	-0.539147	-0.8406469	-1.351801	-0.3620202	-0.5461008	-0.6278344	-1.114332	-1.198042	-1.07387	0.3152467	-0.4413857	0.04533063	-1.124707	-1.963026	-1.40192	0.5886258	0.9107249	0.2405104	0.2446844	-1.072648	-0.5219404	-0.04817981	-0.8221571	0.02118777	-1.665133	-2.000169	-1.016922	0.3489542	-0.4566506	0.1658532	-1.30455	-2.04827	-1.228084	-0.09283894	-0.04966095	0.1318096	-1.20053	-0.7932855	-0.8365225
60.546875	0.1437178	-0.2178423	0.1573925	-0.5890597	-1.192735	-0.7888486	0.3903007	0.0286019	0.3853305	-0.4357231	-1.148069	-0.4714928	-0.4008173	-1.283789	-0.3087669	-1.594185	-1.809157	-1.065765	1.310684	0.5341203	1.388498	-0.4263268	-1.352644	-0.7326465	1.591568	0.7991516	1.607926	-0.2647462	-1.334157	-0.3565121	1.0314	0.5815079	1.355472	-0.1968542	-1.571054	-0.707397	1.095531	0.5370414	0.5220128	-0.05962302	-0.6808745	-0.3891935	0.5430585	0.1696714	0.2740086	-0.2856935	-0.8176217	-0.5765784	-0.7214313	-1.085338	-0.7723391	-0.8372312	-1.019213	-1.428644	0.05331821	-0.2289031	-0.1175873	-0.0819423	-0.2602644	-0.5795379	0.1051529	-0.06745135	-0.04665812	-0.08926742	-0.09377275	-0.249792	-0.3774639	-0.3229301	-0.5321025	-0.0283587	0.2386509	-0.238023	0.8785889	0.3900059	0.7171384	-0.5643398	-1.289331	-0.7920796	0.7901907	0.4273475	0.6240314	-0.4044466	-0.8391038	-0.7194517	0.3896282	-0.4785181	-0.1227357	-0.6465723	-0.8870421	-1.296476	-0.34594	-0.5273728	-0.6289322	-1.193453	-1.29618	-1.100739	0.4072136	-0.3724661	0.1177733	-1.108314	-2.052274	-1.381563	0.6258496	0.9326129	0.2687164	0.2513681	-1.204204	-0.6417353	-0.1054504	-0.9341861	-0.0774955	-1.671606	-2.070473	-1.122676	0.3826598	-0.4339143	0.1916097	-1.304724	-2.111913	-1.235779	-0.02240885	0.1235867	0.3031476	-1.204241	-0.9222921	-0.7432342
62.5	0.08162022	-0.2221883	0.06801164	-0.5292444	-1.073284	-0.7496321	0.3863704	0.03781625	0.3730538	-0.3480128	-1.069151	-0.4269505	-0.4290308	-1.287576	-0.4221836	-1.58234	-1.754776	-1.138658	1.374881	0.5648832	1.418572	-0.3975738	-1.367929	-0.7359691	1.583125	0.8102677	1.609388	-0.2355562	-1.315845	-0.353618	1.015195	0.52959	1.287405	-0.1637384	-1.491242	-0.7086455	1.145207	0.6084805	0.5187249	0.07678126	-0.5567367	-0.2998749	0.5605493	0.2523756	0.2814714	-0.166726	-0.6710169	-0.4606398	-0.7646602	-1.338003	-0.8755798	-0.9415638	-1.092963	-1.541542	0.03139584	-0.1982256	-0.1016653	-0.1238444	-0.1715651	-0.5474634	0.09629205	-0.05427108	-0.03936069	-0.07333487	-0.05491418	-0.2243416	-0.4471297	-0.4457488	-0.6273658	-0.1345038	0.2976439	-0.3205503	0.874384	0.4172567	0.7193515	-0.5684311	-1.308106	-0.7542058	0.7933491	0.4441577	0.6516162	-0.3711023	-0.8488224	-0.668287	0.188697	-0.5693994	-0.1975065	-0.6220954	-0.7826887	-1.151923	-0.2960625	-0.4678799	-0.6011629	-1.183078	-1.359807	-1.127145	0.4943514	-0.3207656	0.1659653	-1.086308	-2.10503	-1.361309	0.7154261	0.970733	0.266673	0.26775	-1.276927	-0.8147031	0.02036919	-0.7899405	-0.01335454	-1.562836	-2.03178	-1.132762	0.4347368	-0.3843436	0.2360864	-1.263673	-2.131548	-1.227055	-0.004381185	0.09914691	0.3585878	-1.234959	-1.132802	-0.6980359
64.453125	-0.005850312	-0.2685309	-0.0160566	-0.4451471	-0.945827	-0.700691	0.3922819	0.04860073	0.352143	-0.2667341	-0.9704067	-0.393898	-0.612058	-1.337319	-0.5705312	-1.707615	-1.736806	-1.145092	1.338416	0.507303	1.326526	-0.3899012	-1.356632	-0.7719993	1.523157	0.7794936	1.528041	-0.1892541	-1.244815	-0.3579993	0.8902059	0.4182974	1.11822	-0.1397528	-1.320768	-0.695405	1.077164	0.6032804	0.4605877	0.1446946	-0.4390289	-0.2309372	0.5552737	0.307394	0.2611991	-0.04560421	-0.496239	-0.3552509	-0.8629469	-1.553965	-1.039678	-0.991127	-1.081775	-1.581903	0.02367708	-0.156209	-0.08260817	-0.1443164	-0.09518041	-0.4751764	0.1152179	-0.01832072	-0.003718852	-0.07343815	-0.0381395	-0.1945144	-0.4816459	-0.6046044	-0.7111432	-0.2460806	0.3793153	-0.3444757	0.8410477	0.4274284	0.7103258	-0.6299133	-1.327657	-0.7223079	0.7930318	0.4473486	0.6569063	-0.353121	-0.8618763	-0.6670192	0.06113285	-0.6254234	-0.2474328	-0.5384016	-0.6905565	-1.040912	-0.2522491	-0.4173923	-0.5641137	-1.133898	-1.415771	-1.164335	0.5688884	-0.2892233	0.1933732	-1.059431	-2.112192	-1.351822	0.8831535	1.077441	0.3061515	0.345006	-1.312834	-0.9493141	0.08026566	-0.7713425	-0.03445473	-1.504725	-1.998865	-1.204712	0.4298051	-0.4209701	0.2004885	-1.22613	-2.122052	-1.265282	-0.0639489	-0.1433834	0.2515901	-1.353488	-1.378271	-0.7517324
66.40625	-0.08643834	-0.3272446	-0.0811369	-0.3344072	-0.7871569	-0.6343983	0.3838366	0.05885388	0.3102528	-0.1992557	-0.8364242	-0.3639206	-0.8122444	-1.38432	-0.6934364	-1.846089	-1.712026	-1.096523	1.161524	0.3510343	1.107118	-0.4088134	-1.312564	-0.8477694	1.421347	0.7082174	1.369865	-0.1393978	-1.126269	-0.3743677	0.7305896	0.3054436	0.9212506	-0.1309588	-1.143385	-0.6445664	0.8764233	0.5032148	0.3237653	0.1328501	-0.3306042	-0.2124978	0.5330522	0.3245146	0.2162269	0.06861365	-0.3034924	-0.2785806	-0.920054	-1.596321	-1.185102	-0.8931499	-0.9485435	-1.515195	0.02585058	-0.130413	-0.08159562	-0.1220172	-0.0454571	-0.3965366	0.1488158	0.02378783	0.04622208	-0.08896355	-0.03247957	-0.1537995	-0.4850516	-0.713083	-0.7498355	-0.3018027	0.431188	-0.2756939	0.7928905	0.4112536	0.6954304	-0.7255464	-1.336644	-0.7129402	0.7819418	0.4337823	0.6388661	-0.3634312	-0.8651741	-0.7117602	0.02747346	-0.7039449	-0.3172917	-0.4857517	-0.7642638	-1.074102	-0.2273193	-0.3848351	-0.5096776	-1.106692	-1.464454	-1.194778	0.6192866	-0.2749114	0.2080341	-1.033557	-2.071706	-1.347709	1.095944	1.222337	0.4182326	0.4932663	-1.305372	-0.9677958	0.1477513	-0.7213346	0.009152573	-1.454788	-1.935104	-1.198698	0.4821796	-0.342022	0.231479	-1.131324	-2.016665	-1.229326	0.4664904	0.5761265	0.8515625	-1.151328	-1.295614	-0.3031554
68.359375	-0.1364782	-0.3569646	-0.1274702	-0.2235372	-0.5886855	-0.5580182	0.348984	0.06519587	0.2485716	-0.1402824	-0.6734414	-0.3319353	-0.878695	-1.378716	-0.7391654	-1.85733	-1.633665	-1.03442	0.8857654	0.1495845	0.8211865	-0.4381808	-1.227996	-0.9398916	1.282042	0.6076079	1.157717	-0.09692635	-0.9665599	-0.3964209	0.6270573	0.2492294	0.7555255	-0.1190695	-0.9941215	-0.5411593	0.644133	0.3754598	0.1599658	0.09571514	-0.2194856	-0.2251697	0.5012649	0.3095069	0.158565	0.1674568	-0.1144936	-0.2321976	-0.8901049	-1.467559	-1.267762	-0.6642739	-0.7401267	-1.39273	0.03641186	-0.1261272	-0.1008101	-0.05586779	-0.01455096	-0.3438852	0.1799574	0.05895726	0.08857106	-0.09666676	-0.01478467	-0.1037204	-0.4631721	-0.6853679	-0.7180359	-0.2716538	0.443376	-0.1240888	0.7533627	0.3809557	0.6799893	-0.8011718	-1.310842	-0.7209414	0.7693418	0.4177667	0.6111437	-0.3769306	-0.8398295	-0.7636616	0.06693179	-0.8105683	-0.4029938	-0.5204998	-1.031109	-1.257961	-0.2020772	-0.3378947	-0.4228481	-1.111189	-1.471806	-1.187867	0.6449859	-0.2612413	0.2195905	-1.004994	-1.984728	-1.33053	1.245174	1.244774	0.506442	0.6395893	-1.271667	-0.9147028	0.1199672	-0.7892476	-0.00413479	-1.462051	-1.896023	-1.188741	0.4446735	-0.385696	0.1512777	-1.078368	-1.897955	-1.238353	0.4796567	0.520221	0.8185375	-1.222196	-1.400784	-0.3380352
70.3125	-0.1607277	-0.3339956	-0.1634579	-0.1435307	-0.3609931	-0.4833525	0.2982877	0.06354985	0.1834752	-0.0827688	-0.5087672	-0.3033508	-0.7650689	-1.306171	-0.6904877	-1.685388	-1.482418	-0.9863328	0.6118945	-0.01928865	0.5637494	-0.4563177	-1.109697	-1.006676	1.115954	0.5015293	0.9290547	-0.0607665	-0.7760218	-0.4084916	0.6011859	0.2381741	0.6309116	-0.1020329	-0.8636107	-0.3989493	0.4985285	0.3038314	0.04953332	0.09300879	-0.1044491	-0.2269668	0.4731346	0.2839209	0.1070639	0.2458156	0.04402996	-0.2034462	-0.7733035	-1.266045	-1.273017	-0.4017308	-0.5433176	-1.294167	0.05690823	-0.1215968	-0.1177314	0.02844037	0.02264076	-0.3164561	0.196561	0.08440225	0.1040425	-0.06342411	0.03198935	-0.05418787	-0.4161102	-0.5056743	-0.6260346	-0.1596178	0.4522075	0.0563053	0.7436755	0.3713312	0.6736272	-0.8065349	-1.231925	-0.7196203	0.7660385	0.4110782	0.5906489	-0.3657938	-0.7830148	-0.7861523	0.1240662	-0.9176763	-0.4753608	-0.6386527	-1.377893	-1.504209	-0.1821274	-0.2944328	-0.3469441	-1.116279	-1.414993	-1.154128	0.6514739	-0.2392401	0.2279955	-0.9705182	-1.87195	-1.293688	1.375171	1.255633	0.631538	0.768775	-1.169375	-0.7768795	0.1310036	-0.757594	0.05060966	-1.430876	-1.83192	-1.091142	0.4629677	-0.3229789	0.1536003	-0.9958319	-1.739299	-1.159467	0.5083097	0.5926301	0.8482222	-1.167691	-1.440979	-0.3280407
72.265625	-0.1703276	-0.2665338	-0.1994682	-0.08663051	-0.1369698	-0.4247051	0.250785	0.04788839	0.130725	-0.03097627	-0.3752289	-0.2917125	-0.568904	-1.203545	-0.5891319	-1.385101	-1.265146	-0.9471441	0.4435557	-0.09095104	0.4060439	-0.4393904	-0.9665538	-1.009284	0.9505445	0.418951	0.7275406	-0.02064609	-0.5775378	-0.3980398	0.6111122	0.2265359	0.5214604	-0.09213051	-0.7149721	-0.25997	0.4776531	0.3110941	0.03111717	0.1352689	-0.006669472	-0.2000215	0.4534319	0.2618504	0.06879259	0.3016511	0.1581167	-0.1805178	-0.6909416	-1.169371	-1.292067	-0.2163325	-0.3783729	-1.273364	0.09006278	-0.08521904	-0.1032009	0.1063351	0.08827227	-0.2811703	0.19347	0.1067659	0.0859296	0.02771109	0.1151083	-0.007533159	-0.3575884	-0.2561145	-0.5307134	0.005973987	0.5248467	0.2062217	0.7649506	0.4100381	0.6858447	-0.7399194	-1.10568	-0.6819936	0.7742336	0.4160867	0.5866614	-0.3215841	-0.709816	-0.77052	0.1635886	-0.9753043	-0.5053493	-0.7684597	-1.638733	-1.689981	-0.1438448	-0.2336699	-0.2863976	-1.055241	-1.293885	-1.099146	0.6491723	-0.2067541	0.2319476	-0.925579	-1.760141	-1.242031	1.412765	1.167437	0.6577669	0.7956018	-1.039503	-0.6884727	0.1261051	-0.7359294	0.05019662	-1.385546	-1.783411	-1.024035	0.4283944	-0.3476262	0.1048608	-0.9546593	-1.635088	-1.110829	0.5116491	0.6780491	0.8844878	-1.000921	-1.44317	-0.2794131
74.21875	-0.1769799	-0.1910608	-0.2362394	-0.02297059	0.05018584	-0.3911957	0.227685	0.02568508	0.0999897	0.01373104	-0.2848735	-0.3014396	-0.4791243	-1.172751	-0.5438724	-1.11039	-1.032915	-0.9355156	0.4079414	-0.06697876	0.3495269	-0.3853878	-0.8187124	-0.9456954	0.8184671	0.3739356	0.583867	0.02616823	-0.4105076	-0.3694999	0.5854635	0.1632276	0.3989388	-0.1122459	-0.5449206	-0.1826648	0.5398082	0.3556554	0.08297184	0.1879795	0.04313226	-0.1689766	0.4506532	0.2584127	0.04927022	0.347428	0.2379922	-0.1527226	-0.7231848	-1.243343	-1.383314	-0.1448315	-0.2227636	-1.307054	0.1376598	-0.005634511	-0.04725046	0.1726647	0.1748346	-0.2100646	0.1824936	0.1381467	0.0534605	0.1601695	0.2136967	0.0422672	-0.2940401	-0.05182008	-0.4864415	0.2054077	0.665579	0.2876461	0.8069878	0.506025	0.7282302	-0.6308454	-0.9581302	-0.5922461	0.7952934	0.4393631	0.6045831	-0.2444763	-0.6361469	-0.7282423	0.2150437	-0.9327732	-0.494235	-0.7835176	-1.717355	-1.739775	-0.07486378	-0.1523855	-0.2317706	-0.9063473	-1.155931	-1.042078	0.6528665	-0.1571717	0.2401551	-0.8623983	-1.665725	-1.180266	1.376228	1.049781	0.5961826	0.7280315	-0.9088992	-0.6686419	0.1027721	-0.7473655	-0.02886377	-1.328467	-1.755664	-1.029991	0.3742181	-0.4109878	0.04595846	-0.9322641	-1.584874	-1.083757	0.6688752	0.9818525	1.127188	-0.6950992	-1.344398	-0.04442934
76.171875	-0.1659214	-0.132077	-0.2621681	0.08939742	0.1842817	-0.380725	0.2349979	0.01379067	0.08719848	0.05641354	-0.2231346	-0.3230565	-0.5287059	-1.196746	-0.5813723	-0.9147661	-0.8034654	-0.9220434	0.445214	-0.007046427	0.3397797	-0.320341	-0.6960122	-0.8533928	0.7417564	0.357148	0.5078312	0.06411488	-0.3199729	-0.3427451	0.4794199	0.03157501	0.2512991	-0.1753256	-0.3984692	-0.2109619	0.6136425	0.3797754	0.1455205	0.2190553	0.04113031	-0.1720351	0.4750757	0.2901232	0.05346332	0.4123302	0.3193423	-0.1078471	-0.8266877	-1.38888	-1.512273	-0.1378425	-0.06796731	-1.327144	0.1882888	0.09350727	0.02669454	0.2394225	0.2549955	-0.1056777	0.1805129	0.1847361	0.03874661	0.288588	0.2956609	0.1049567	-0.253261	0.02969641	-0.5196691	0.3995344	0.8225102	0.3123152	0.8466181	0.6333817	0.8003209	-0.5224941	-0.8115547	-0.4539262	0.8250086	0.4871346	0.6478014	-0.1454621	-0.5644338	-0.6711366	0.3078684	-0.7948487	-0.4423738	-0.6650853	-1.659378	-1.667513	0.02365775	-0.06498067	-0.1657521	-0.72027	-1.06934	-1.007012	0.665345	-0.09962434	0.2571447	-0.781278	-1.588796	-1.115457	1.276645	0.8963141	0.4464588	0.6158118	-0.8082346	-0.7251055	0.2795861	-0.443901	0.1195129	-1.137378	-1.64473	-0.9023065	0.3893352	-0.3618298	0.08029331	-0.8632731	-1.528074	-1.009234	0.5831041	0.7849975	1.039499	-0.5925629	-1.369292	-0.03153982
78.125	-0.112334	-0.07674295	-0.2598536	0.2639817	0.2875194	-0.372461	0.2779857	0.04555101	0.0941619	0.1218063	-0.1537457	-0.3282709	-0.6736148	-1.259062	-0.7081717	-0.817397	-0.6116163	-0.9248476	0.4737862	0.02391494	0.328203	-0.2869282	-0.6339135	-0.7810475	0.7214673	0.3450033	0.4934023	0.06436316	-0.333718	-0.3359271	0.2995628	-0.151722	0.08744624	-0.2785833	-0.3472567	-0.3446443	0.6587147	0.3635423	0.1682568	0.2430845	0.0375469	-0.2141847	0.5414676	0.3797077	0.09306363	0.5314732	0.4403385	-0.02986456	-0.9696929	-1.502844	-1.660852	-0.1264423	0.09445013	-1.290277	0.2343161	0.176145	0.08953135	0.3092647	0.2855985	-0.005303681	0.2025224	0.2434254	0.06882253	0.362788	0.3277255	0.1765026	-0.2471156	0.009783057	-0.5929365	0.541456	0.9058244	0.3247036	0.8833145	0.773172	0.9067431	-0.4140353	-0.668364	-0.272549	0.8688881	0.5759677	0.7261184	-0.01956271	-0.4795061	-0.5868241	0.4859072	-0.5687492	-0.3403663	-0.4145734	-1.579854	-1.528397	0.1569012	0.03942044	-0.06236348	-0.5606035	-1.056714	-0.9893743	0.6801636	-0.04360791	0.2812914	-0.6816747	-1.51038	-1.047803	1.186761	0.7880859	0.3013076	0.5678012	-0.7009093	-0.7772018	0.2320521	-0.5250396	0.01506755	-1.071151	-1.650996	-0.9887738	0.3485258	-0.399672	0.04248996	-0.80892	-1.493059	-0.9995872	0.630798	0.704098	1.072008	-0.5187121	-1.389386	0.03734523
80.078125	0.001802962	0.02091674	-0.2097605	0.4775447	0.4001378	-0.3304928	0.3530915	0.1411206	0.1255907	0.2284106	-0.04996591	-0.294035	-0.7531145	-1.259393	-0.8181186	-0.7420636	-0.4611913	-0.9142268	0.4596942	-0.005083776	0.318391	-0.3265857	-0.6692377	-0.7561477	0.7398583	0.3173659	0.5300874	0.002600335	-0.4471155	-0.3496267	0.1041036	-0.3353778	-0.06732353	-0.3910424	-0.4161114	-0.5190356	0.7187191	0.3745094	0.1799431	0.3234798	0.1013273	-0.2403181	0.66548	0.5467255	0.1832654	0.7248286	0.6162058	0.09375007	-1.07144	-1.485719	-1.761725	-0.05603136	0.2512827	-1.183777	0.2817847	0.2315502	0.1366161	0.3656517	0.2404202	0.05447018	0.2551902	0.3044235	0.1482237	0.3601619	0.2891144	0.2336492	-0.259017	-0.01819341	-0.6293446	0.5926684	0.8434771	0.3579196	0.9339263	0.9233813	1.048857	-0.2706315	-0.5138081	-0.05413091	0.935216	0.7139791	0.8452257	0.1443044	-0.3668261	-0.4516863	0.7419273	-0.2831956	-0.1594146	-0.1009765	-1.572209	-1.37034	0.3151283	0.1539159	0.07094082	-0.4603544	-1.090305	-0.9767826	0.7058465	0.03338454	0.3279287	-0.5522985	-1.403286	-0.962327	1.130887	0.7014413	0.1760309	0.6111521	-0.5604717	-0.8077613	0.2545865	-0.4942183	0.04808511	-0.9471738	-1.625777	-0.9791287	0.3172721	-0.4171855	0.006192185	-0.7226945	-1.431016	-0.9850847	0.766843	0.7478099	1.183459	-0.4486487	-1.425088	0.122605
82.03125	0.1620438	0.1912313	-0.112646	0.6859597	0.5538927	-0.2318922	0.4654397	0.3093994	0.198216	0.3849255	0.09383664	-0.2056527	-0.7075047	-1.180241	-0.843841	-0.6428133	-0.355219	-0.8807579	0.4668849	-0.04597126	0.3734981	-0.4344349	-0.8013237	-0.7560318	0.7868883	0.284148	0.6174048	-0.1136129	-0.6184694	-0.3618121	-0.05326783	-0.4843376	-0.1931459	-0.4867636	-0.5713043	-0.6544029	0.8368918	0.4817449	0.2308014	0.504623	0.2675084	-0.1858585	0.8342856	0.779826	0.3191006	0.9765175	0.8313277	0.2592544	-1.085547	-1.323085	-1.763867	0.08516131	0.4086523	-1.020295	0.3539682	0.288148	0.198608	0.3787308	0.1235044	0.06477833	0.3351527	0.3604285	0.2584364	0.2986122	0.1830986	0.2517837	-0.2615746	0.02583985	-0.5755998	0.5356441	0.6515448	0.4200488	1.015232	1.096354	1.220308	-0.06392043	-0.3365106	0.189912	1.027977	0.891974	0.9989484	0.3485608	-0.2287711	-0.255817	1.017906	0.02074593	0.09797359	0.2035696	-1.627166	-1.201305	0.4645656	0.2521737	0.1861581	-0.3893979	-1.101617	-0.9519179	0.7358002	0.1290103	0.3858553	-0.3937897	-1.261777	-0.8626603	1.129929	0.6552228	0.09618997	0.699412	-0.3770322	-0.8036397	0.1117195	-0.7175167	-0.08857589	-0.8999949	-1.666311	-1.070642	0.3356924	-0.3525271	0.02575298	-0.5883505	-1.331302	-0.9182906	0.8284092	0.7392256	1.197921	-0.3722716	-1.500809	0.118749
83.984375	0.3473775	0.4352286	0.03009519	0.8685584	0.7463481	-0.0733928	0.6126315	0.5324384	0.3191885	0.5730948	0.26092	-0.06739319	-0.5760163	-1.049595	-0.7639557	-0.4994164	-0.2794684	-0.8093641	0.5806373	-0.03704404	0.5472859	-0.5753587	-1.003844	-0.7419632	0.859099	0.2647102	0.7543772	-0.2550302	-0.8038122	-0.3553587	-0.1370597	-0.5798416	-0.2670239	-0.5538568	-0.7449719	-0.7061493	1.0175	0.6985775	0.3524212	0.7626855	0.4905956	-0.03611366	1.019523	1.038174	0.4805649	1.235663	1.03983	0.4403985	-0.9883137	-1.052377	-1.634934	0.289853	0.6050792	-0.806394	0.474908	0.3862114	0.3148836	0.3425839	-0.03573009	0.0461932	0.4379757	0.4157055	0.3778757	0.2242886	0.03095058	0.2277095	-0.2145778	0.1496179	-0.4283235	0.4224847	0.4098703	0.4812152	1.138409	1.308659	1.397647	0.2211502	-0.1386779	0.4401457	1.138963	1.083721	1.163037	0.5780931	-0.08380195	-0.01984311	1.221488	0.2854367	0.3949328	0.4182273	-1.658918	-1.003334	0.5644279	0.3152074	0.237849	-0.288009	-1.04469	-0.9018752	0.7617119	0.2240746	0.436096	-0.2212472	-1.110668	-0.7670557	1.161302	0.7013798	0.08215582	0.7429242	-0.168767	-0.7340128	0.2430526	-0.4560293	0.1185564	-0.6700792	-1.545055	-0.8726287	0.350726	-0.2932858	0.04244801	-0.4536991	-1.239661	-0.8433272	0.9136754	0.8872688	1.275306	-0.1708746	-1.480586	0.1818441
85.9375	0.5441881	0.7128229	0.2050967	1.0379	0.9378601	0.1119145	0.770989	0.7641557	0.4699843	0.7507753	0.4180378	0.09569942	-0.464314	-0.9273768	-0.6279768	-0.326667	-0.2088273	-0.7091089	0.8251885	0.04624652	0.8280732	-0.7047235	-1.232031	-0.6978444	0.9608598	0.2769504	0.9302693	-0.3847028	-0.9760934	-0.331711	-0.1551366	-0.6341081	-0.2731315	-0.6111478	-0.8930819	-0.7000235	1.206289	0.954738	0.5163957	1.011068	0.6740841	0.1519519	1.185568	1.264839	0.6370571	1.441376	1.19557	0.6012846	-0.7999235	-0.7452322	-1.389338	0.5236478	0.8527881	-0.5604532	0.642437	0.5360298	0.490834	0.2928292	-0.192741	0.02831775	0.5550302	0.4811977	0.4940709	0.1806881	-0.127395	0.1939571	-0.1172525	0.2720523	-0.2502185	0.326754	0.2140625	0.5013724	1.281148	1.540391	1.54161	0.5454491	0.05810108	0.6664929	1.247009	1.255805	1.304989	0.7998481	0.04420498	0.2116361	1.299718	0.4873014	0.6654774	0.5323458	-1.560692	-0.7486662	0.5884513	0.3301803	0.2161362	-0.1324833	-0.9290382	-0.832031	0.7719356	0.3044339	0.4642562	-0.05711267	-0.9814972	-0.6843349	1.076907	0.6939921	0.03287604	0.6176399	-0.001364876	-0.6439427	0.05444546	-0.6872094	-0.1091807	-0.6302788	-1.539778	-0.9523736	0.3665577	-0.2212185	0.07379511	-0.3353013	-1.165796	-0.7548221	0.8893254	0.9375572	1.259427	0.04145581	-1.372841	0.2133642
87.890625	0.7202027	0.949546	0.3792431	1.189434	1.065666	0.2668049	0.8990878	0.9491081	0.6088654	0.8742074	0.5365201	0.2501999	-0.4205853	-0.8435183	-0.5086421	-0.1441417	-0.1302705	-0.6206068	1.124053	0.1689025	1.131849	-0.8002501	-1.443988	-0.647361	1.077878	0.3063586	1.11235	-0.4917534	-1.141215	-0.3180903	-0.129758	-0.6561405	-0.2069191	-0.6802624	-1.009099	-0.6967186	1.330873	1.144379	0.6520262	1.159291	0.739148	0.2896816	1.297214	1.406157	0.7539752	1.548503	1.272106	0.7120025	-0.5913224	-0.4819702	-1.103016	0.7314634	1.110347	-0.3255006	0.8202301	0.7012246	0.6826483	0.2948882	-0.3079168	0.02596078	0.6798374	0.5650513	0.6098436	0.1855256	-0.2569741	0.1917199	0.01115465	0.308833	-0.1057514	0.3036605	0.09261258	0.452106	1.392991	1.738492	1.60964	0.8455943	0.2387295	0.8504454	1.323031	1.378296	1.395496	0.9743793	0.1390025	0.3953416	1.263407	0.6429076	0.8585422	0.5947617	-1.279454	-0.4297965	0.5556899	0.3274375	0.1718726	0.03776689	-0.8180643	-0.7566346	0.7480536	0.3376532	0.4543598	0.06480296	-0.9015555	-0.6214485	0.8490598	0.6786558	-0.01679959	0.3892106	0.1554525	-0.4682513	0.0814772	-0.5526344	-0.1029421	-0.4917277	-1.424502	-0.843084	0.3863894	-0.1176571	0.1301875	-0.2412	-1.101881	-0.647624	0.8509963	0.9724948	1.248887	0.2294573	-1.139762	0.280771
89.84375	0.8634877	1.11009	0.5250979	1.311116	1.093307	0.3572766	0.9745709	1.059291	0.7023221	0.9325118	0.6043226	0.3700559	-0.3817978	-0.7474784	-0.4262241	0.06324554	-0.02282154	-0.5575973	1.333681	0.245742	1.349654	-0.8856823	-1.629401	-0.6395449	1.175928	0.3183984	1.256466	-0.5922913	-1.313504	-0.3407757	-0.1029603	-0.6649017	-0.1006702	-0.7784917	-1.116473	-0.7440236	1.353065	1.195701	0.7002829	1.168992	0.6796067	0.3225845	1.342194	1.443346	0.8160697	1.546966	1.266165	0.7650833	-0.4543244	-0.3150824	-0.8757215	0.8595862	1.306989	-0.1469371	0.954383	0.8188313	0.8241461	0.3856483	-0.3616736	0.0345323	0.7987064	0.6607419	0.7261997	0.227755	-0.3332109	0.242729	0.1230797	0.2337285	-0.02613625	0.3331031	0.01554112	0.3557958	1.432915	1.853024	1.581271	1.082186	0.4025707	0.9985167	1.349155	1.439307	1.419784	1.087204	0.1992707	0.515527	1.175146	0.7962074	0.9642271	0.6837114	-0.8376139	-0.06496614	0.4579759	0.2526213	0.09797856	0.1162331	-0.791791	-0.7423452	0.6942737	0.3329384	0.4193802	0.1340866	-0.8684447	-0.5598894	0.5126681	0.6693946	-0.05213197	0.2232366	0.3710811	-0.1925056	0.1225878	-0.4113241	-0.08921378	-0.398488	-1.34407	-0.7389066	0.34476	-0.08969627	0.1246604	-0.2111779	-1.071108	-0.5844961	0.8102586	0.9547367	1.220851	0.3374977	-0.8500549	0.3518107
91.796875	0.9368871	1.178522	0.6064703	1.346946	1.014634	0.3743944	0.9772483	1.074315	0.7247326	0.9215519	0.6145586	0.4267642	-0.2923528	-0.6262594	-0.3851905	0.2559688	0.08292305	-0.5421395	1.359993	0.2177835	1.427364	-0.9983631	-1.796353	-0.6976504	1.207331	0.2730158	1.325316	-0.7174608	-1.496156	-0.4037026	-0.119921	-0.6913472	-0.01086283	-0.909111	-1.239643	-0.8386062	1.280517	1.102984	0.6484581	1.060098	0.550138	0.2596267	1.322822	1.387426	0.823	1.455442	1.192035	0.771579	-0.4787184	-0.2856366	-0.8025209	0.8581834	1.376489	-0.06382877	1.003622	0.8491243	0.8719958	0.5390306	-0.3491721	0.04805679	0.8909068	0.7445071	0.8290139	0.2800718	-0.3531585	0.328639	0.1968804	0.1048224	0.02284142	0.3346867	-0.08097375	0.2694009	1.375971	1.85748	1.461876	1.24058	0.5601576	1.133095	1.310363	1.429274	1.372187	1.132672	0.229688	0.5806417	1.101635	0.9730911	0.987312	0.8758557	-0.3011214	0.3017074	0.3779813	0.1849708	0.07221406	0.08065411	-0.8519344	-0.7712591	0.6023359	0.2766657	0.3527598	0.1479688	-0.8660607	-0.4976132	0.1560196	0.6731185	-0.08380087	0.2717642	0.694128	0.1407005	0.1939066	-0.2436885	-0.01146025	-0.3423382	-1.327362	-0.6150255	0.2489728	-0.1460645	0.05666215	-0.2392773	-1.076895	-0.5683935	0.6656666	0.7265998	1.021785	0.3356297	-0.6296917	0.3237791
93.75	0.9371797	1.192537	0.6229563	1.276292	0.8762161	0.3585066	0.923688	1.009071	0.6875553	0.8551334	0.5677952	0.4111381	-0.1085824	-0.4665173	-0.354197	0.4116464	0.1591824	-0.5447754	1.221158	0.08877834	1.386106	-1.154452	-1.949573	-0.7961449	1.146066	0.160869	1.308056	-0.879154	-1.66232	-0.4790167	-0.186908	-0.7443531	0.01155034	-1.048502	-1.363251	-0.9279544	1.163567	0.9252491	0.540826	0.8852282	0.4097256	0.156447	1.251927	1.268168	0.7873159	1.303926	1.066226	0.7473727	-0.6549165	-0.3613573	-0.8757342	0.7381207	1.314895	-0.0564549	0.9815764	0.8135112	0.8456275	0.6846459	-0.2910099	0.06890878	0.9391612	0.794151	0.8950409	0.3268978	-0.3313779	0.4091197	0.2350644	0.009095022	0.09727001	0.225261	-0.2306756	0.2547378	1.230767	1.764701	1.281888	1.323673	0.7087892	1.264376	1.204994	1.347755	1.255541	1.121449	0.2385939	0.6102324	1.066659	1.147472	0.9420827	1.164103	0.2421123	0.6129044	0.315225	0.09678362	0.05341164	-0.0499892	-0.9609501	-0.845329	0.491644	0.1941648	0.2721825	0.1312708	-0.867906	-0.4286776	-0.1265165	0.6510206	-0.155872	0.5468437	1.07224	0.4280573	0.05632121	-0.4253804	-0.1491791	-0.4502686	-1.492859	-0.6783469	0.1835854	-0.1768351	0.02228287	-0.2762708	-1.101864	-0.5388524	0.3584518	0.2437265	0.573988	0.27891	-0.5389	0.1659208
95.703125	0.8726677	1.170473	0.5908069	1.10167	0.7173416	0.335314	0.8444036	0.8951224	0.6232158	0.747541	0.4705074	0.3367535	0.07186125	-0.3523259	-0.3632631	0.4730847	0.1858982	-0.5601877	1.028248	-0.08153336	1.291312	-1.329672	-2.074607	-0.876789	1.00261	0.0009053128	1.221111	-1.062158	-1.779484	-0.5328072	-0.2816483	-0.8373149	-0.04769174	-1.179333	-1.471624	-0.9757342	1.028467	0.7107386	0.4138717	0.6810147	0.2801953	0.05864622	1.139529	1.108261	0.7194321	1.114887	0.9003369	0.696263	-0.882655	-0.4661346	-1.002865	0.5670606	1.172927	-0.0685587	0.9337782	0.7670491	0.8010623	0.7515106	-0.2182848	0.1090126	0.9423689	0.8058403	0.911422	0.3718572	-0.2939471	0.4560236	0.265233	-0.00455862	0.2282155	-0.0006927837	-0.4079081	0.3274969	1.031063	1.610311	1.074089	1.346231	0.829683	1.371305	1.038241	1.199776	1.076151	1.066999	0.2378186	0.6171641	1.027423	1.24475	0.8218705	1.457019	0.7259078	0.8219922	0.272535	0.005374415	0.02097403	-0.1875033	-1.049394	-0.9179609	0.3731194	0.09352716	0.1837577	0.1010468	-0.8676625	-0.3676275	-0.2920962	0.5699104	-0.2833708	0.8898549	1.37193	0.6094853	-0.02057551	-0.489593	-0.1742483	-0.5332599	-1.672178	-0.680186	0.1048987	-0.2708007	-0.03814942	-0.3535834	-1.188739	-0.5493067	0.3511398	0.3139752	0.4953387	0.4965336	-0.3386717	0.332882
97.65625	0.7784178	1.112156	0.5409169	0.8771477	0.5652956	0.3051853	0.7556659	0.7570375	0.5549427	0.6045408	0.3339917	0.2313601	0.1188765	-0.3821237	-0.4688711	0.4072809	0.1485144	-0.6218875	0.883342	-0.2403545	1.189908	-1.484322	-2.153132	-0.9039683	0.8227881	-0.17039	1.09563	-1.231248	-1.831323	-0.5507865	-0.3362656	-0.9341488	-0.1426626	-1.275672	-1.540805	-0.9732404	0.8812666	0.4897854	0.2879452	0.4632578	0.1394166	-0.02024727	0.9945154	0.9195781	0.6254955	0.9035879	0.7068312	0.6140082	-1.023862	-0.510234	-1.051762	0.4367179	1.019795	-0.04031672	0.9075773	0.7524946	0.7866083	0.7252957	-0.1635172	0.1730577	0.9183847	0.8004407	0.8898133	0.432499	-0.2607384	0.4760969	0.3091232	0.03485569	0.3863165	-0.2713398	-0.5596936	0.4297841	0.8048408	1.420677	0.8586653	1.309846	0.906862	1.412528	0.8208399	0.9981576	0.8480319	0.9786422	0.2415452	0.6033831	0.9085338	1.191711	0.6211659	1.619097	1.105484	0.90983	0.2161461	-0.1001127	-0.0637861	-0.2634592	-1.07602	-0.9581124	0.2512757	-0.02583464	0.08714588	0.0593318	-0.8755455	-0.334222	-0.318179	0.4776959	-0.3951631	1.11281	1.477331	0.724835	-0.103962	-0.5395082	-0.1935381	-0.6187432	-1.846293	-0.6860529	0.1280481	-0.2277509	0.02635579	-0.4031872	-1.27934	-0.4932527	0.3415504	0.4407583	0.4556167	0.7656479	-0.1417007	0.5471205
99.609375	0.6828451	0.9974546	0.4912331	0.6579348	0.4168992	0.2436932	0.6561362	0.60748	0.4865355	0.4333829	0.1748475	0.1269529	-0.03193404	-0.5822439	-0.6863135	0.2429546	0.05612598	-0.7579488	0.8079998	-0.3725282	1.07975	-1.59007	-2.174213	-0.890117	0.6558551	-0.3273621	0.9569703	-1.359949	-1.834553	-0.5493202	-0.3151565	-1.002388	-0.2009713	-1.336169	-1.576462	-0.9485582	0.7249532	0.2826233	0.1708751	0.248468	-0.02914094	-0.08381055	0.8197166	0.7010819	0.5020909	0.6786961	0.4976118	0.4952178	-1.021186	-0.4804407	-0.9686847	0.3784761	0.8860086	0.02986892	0.8995183	0.756918	0.7965085	0.6421877	-0.1427993	0.2489541	0.8858628	0.802545	0.8548434	0.5106521	-0.2337882	0.4991413	0.359447	0.06024918	0.4993234	-0.4834379	-0.6479644	0.4690582	0.5709655	1.207817	0.6410988	1.228385	0.9455564	1.362359	0.5705202	0.7658049	0.5914709	0.8710458	0.2662193	0.571065	0.6629747	0.9828337	0.3482568	1.584329	1.38979	0.9088283	0.1339961	-0.2025692	-0.1832611	-0.2651774	-1.04166	-0.9447256	0.1344692	-0.14235	-0.00359977	0.005145754	-0.8989841	-0.3254967	-0.2942455	0.382729	-0.4697575	1.101772	1.392578	0.8463312	-0.2518447	-0.6847469	-0.3006926	-0.7430559	-2.011081	-0.7519717	0.07204891	-0.3141278	-0.003676625	-0.5193677	-1.425919	-0.5154343	0.1894614	0.3613344	0.2998503	0.9036328	0.007095732	0.6475176
101.5625	0.6077099	0.8353058	0.4471258	0.4900764	0.2669607	0.1446414	0.5327262	0.4465692	0.4016443	0.2526401	0.01438451	0.04354295	-0.2909544	-0.8651156	-0.947754	0.0846732	-0.06746219	-0.9615157	0.7361414	-0.5106179	0.929967	-1.656852	-2.15829	-0.8905447	0.5268643	-0.4654269	0.8173528	-1.445556	-1.824767	-0.5583547	-0.243859	-1.016213	-0.180239	-1.371022	-1.584892	-0.9222819	0.5641434	0.1025383	0.06244029	0.06286652	-0.2017215	-0.1320403	0.6270688	0.4612295	0.3537847	0.4524664	0.284099	0.3496017	-0.9230245	-0.4173096	-0.8011436	0.3664615	0.7901688	0.1185624	0.8768287	0.7367815	0.7920542	0.5635363	-0.1627518	0.3076202	0.8542303	0.8196554	0.8253365	0.5879918	-0.2077711	0.5414649	0.3866271	0.0269462	0.5079044	-0.5838152	-0.6811092	0.3801993	0.3269566	0.9626532	0.414011	1.115195	0.968268	1.232572	0.3067538	0.5254637	0.3269304	0.7623137	0.3202407	0.5298586	0.2891873	0.674163	0.03135238	1.378509	1.629825	0.8886697	0.006109104	-0.3336796	-0.3325519	-0.2505406	-0.9874111	-0.9090657	0.01132517	-0.2630585	-0.0982414	-0.07050103	-0.9391505	-0.3387463	-0.3655005	0.2021454	-0.6037125	0.8904687	1.215152	0.9590874	-0.2566195	-0.6033301	-0.2337112	-0.7933	-2.067961	-0.6770257	0.02599658	-0.3558128	-0.01346358	-0.6219862	-1.539367	-0.5079119	-0.04915122	0.1345631	0.0949012	0.870271	0.1267867	0.6396033
103.515625	0.5320314	0.6469374	0.3818067	0.3677275	0.1148605	0.02402861	0.3760633	0.2679172	0.2809532	0.08479816	-0.1348269	-0.02375354	-0.5211604	-1.124349	-1.156884	0.002040609	-0.2162003	-1.193425	0.5971503	-0.6799011	0.7282745	-1.710299	-2.134739	-0.9472095	0.4268107	-0.5938213	0.676543	-1.505775	-1.82845	-0.5961803	-0.2011883	-0.986045	-0.1057766	-1.397902	-1.563887	-0.8931296	0.4054685	-0.04193905	-0.02991261	-0.07781587	-0.3427588	-0.160061	0.4255792	0.2143282	0.1889966	0.23502	0.07288662	0.1986419	-0.8754518	-0.4198972	-0.6868193	0.3117966	0.7255073	0.1813059	0.7992384	0.6632117	0.7360195	0.5192596	-0.2043491	0.3310695	0.8131036	0.8317735	0.7955592	0.6307245	-0.1743868	0.5876522	0.348032	-0.05198301	0.4017112	-0.6138638	-0.6843224	0.194434	0.07332411	0.6853852	0.1687385	1.004444	0.9955125	1.073558	0.04460077	0.2910388	0.06892394	0.6689343	0.3996553	0.4956857	-0.1298697	0.3800806	-0.2859399	1.15349	1.903765	0.9272615	-0.1353341	-0.4519605	-0.4522614	-0.2508089	-0.9221308	-0.8546321	-0.1342856	-0.3982623	-0.2135332	-0.1637769	-0.9781127	-0.3632607	-0.5372032	0.01942579	-0.7914557	0.6870203	1.109121	1.067493	-0.2934873	-0.5869598	-0.2033653	-0.8763521	-2.117866	-0.6016783	-0.07005617	-0.4413432	-0.07629115	-0.7223147	-1.613055	-0.5031546	-0.05311276	0.2823087	0.1809829	0.8914959	0.3624175	0.7925177
105.46875	0.4203755	0.4638388	0.2739174	0.2549486	-0.0348358	-0.08240488	0.1862135	0.06519444	0.118037	-0.06142814	-0.2756649	-0.09945697	-0.6333357	-1.303137	-1.261487	-0.01109628	-0.3976438	-1.406962	0.3829188	-0.8735585	0.5014597	-1.769577	-2.126154	-1.05893	0.3316845	-0.7174698	0.5350198	-1.557927	-1.8455	-0.6565366	-0.2907698	-0.9993633	-0.07704236	-1.458694	-1.53563	-0.8772205	0.2590289	-0.154918	-0.09527671	-0.184108	-0.4427398	-0.1716752	0.2209761	-0.02384034	0.0209628	0.02827946	-0.1392187	0.06045755	-0.9898844	-0.559966	-0.7439088	0.1496031	0.6810451	0.1910145	0.657892	0.555308	0.6296107	0.4922107	-0.2371168	0.3304476	0.7418547	0.8052921	0.7410069	0.6154083	-0.1344176	0.6042466	0.2503127	-0.1110531	0.247433	-0.6524497	-0.699577	0.01191015	-0.1845599	0.3874464	-0.09773223	0.9227073	1.022923	0.9403028	-0.210495	0.0651945	-0.1804484	0.5985134	0.492624	0.4807862	-0.5149477	0.1688558	-0.5695208	1.025941	2.253713	1.053761	-0.2898389	-0.5813267	-0.554599	-0.2806142	-0.8443776	-0.8147213	-0.3009984	-0.5423136	-0.351961	-0.2515064	-0.9895037	-0.3845318	-0.8647155	-0.2951236	-1.154779	0.5911725	1.094103	1.034695	-0.4430398	-0.7586236	-0.3093729	-1.027597	-2.211051	-0.5952048	-0.1569248	-0.4863315	-0.1244733	-0.7749528	-1.613892	-0.4487905	-0.01037836	0.5162123	0.2729625	0.946914	0.6148784	0.9391511
107.421875	0.2573746	0.3047045	0.1160676	0.1338547	-0.1738002	-0.1512194	-0.02107744	-0.1555323	-0.074756	-0.1881884	-0.4187274	-0.2061329	-0.6103988	-1.39735	-1.282238	-0.005226006	-0.6156144	-1.576983	0.1594406	-1.049294	0.2969439	-1.829089	-2.12934	-1.183565	0.2238461	-0.8343325	0.3970059	-1.608287	-1.86011	-0.7226334	-0.5113416	-1.114134	-0.175763	-1.560451	-1.517021	-0.9008185	0.108541	-0.2761123	-0.1491691	-0.3022838	-0.5402564	-0.199461	0.01072483	-0.2495397	-0.1438195	-0.1746601	-0.3579701	-0.06485899	-1.222433	-0.7981289	-0.9558006	-0.09276968	0.6293595	0.1488573	0.4976257	0.4672471	0.5189461	0.4491275	-0.2495876	0.3294452	0.6297246	0.7204445	0.6433048	0.5472026	-0.0986058	0.5717867	0.1116576	-0.1257778	0.1135995	-0.7698449	-0.7453583	-0.07801943	-0.4335612	0.09235632	-0.3813214	0.8849071	1.032032	0.8604212	-0.455447	-0.1504872	-0.4241607	0.5536143	0.5861569	0.4862654	-0.8025184	0.06739871	-0.7773604	1.029931	2.655814	1.247453	-0.4384429	-0.6908887	-0.634982	-0.3004318	-0.733618	-0.7816816	-0.4925447	-0.7096902	-0.530764	-0.3158226	-0.9587597	-0.4093789	-1.244008	-0.6459414	-1.604375	0.6520844	1.132561	0.8778605	-0.5348745	-0.8311466	-0.3619309	-1.120764	-2.255574	-0.5272509	-0.2824754	-0.5888349	-0.2220657	-0.82186	-1.588187	-0.4110288	-0.2328433	0.3284432	-0.04204168	0.9253667	0.7306822	0.8010898
109.375	0.02578691	0.1308954	-0.09684581	-0.01570031	-0.3103302	-0.211888	-0.236383	-0.3856352	-0.2816394	-0.3147908	-0.5748271	-0.3491147	-0.5628375	-1.479639	-1.315284	-0.07786671	-0.8630599	-1.729279	0.002338842	-1.174161	0.1424834	-1.874912	-2.128746	-1.280459	0.1073121	-0.9377269	0.2675262	-1.650082	-1.859378	-0.7851083	-0.7713881	-1.342071	-0.4119473	-1.684456	-1.536477	-1.006177	-0.06416259	-0.4440521	-0.2189572	-0.4743783	-0.6891304	-0.2802832	-0.2057321	-0.467821	-0.3043204	-0.3814574	-0.587697	-0.1942903	-1.447707	-1.046709	-1.21621	-0.3234224	0.5399374	0.06126629	0.3582127	0.4241252	0.4390106	0.361671	-0.2421359	0.3497878	0.485792	0.5865242	0.509822	0.4516095	-0.08354896	0.5041245	-0.04032467	-0.1211409	0.03041193	-0.9485064	-0.7971095	-0.0540815	-0.6636458	-0.1785671	-0.667614	0.8860255	1.016672	0.8265688	-0.6915109	-0.3531702	-0.665987	0.528971	0.6757172	0.5043244	-0.9774106	0.04777838	-0.8759183	1.086478	3.000283	1.433282	-0.6096422	-0.8174035	-0.7525232	-0.2935837	-0.5928929	-0.7738494	-0.6829824	-0.8786581	-0.7294863	-0.3442542	-0.8880972	-0.4382569	-1.59981	-1.018379	-2.031414	0.7496205	1.115981	0.644275	-0.5971457	-0.8626115	-0.4245707	-1.156547	-2.245119	-0.4672067	-0.396979	-0.6767792	-0.3133029	-0.8527737	-1.54334	-0.3730159	-0.3582524	0.2898573	-0.300632	1.020889	0.8636255	0.7043507
111.328125	-0.2327324	-0.07650188	-0.3392444	-0.1582623	-0.4531518	-0.3019664	-0.4562874	-0.615927	-0.4932471	-0.4570685	-0.7445515	-0.5129756	-0.6182095	-1.63096	-1.44966	-0.2856671	-1.12777	-1.920085	-0.06238304	-1.248333	0.02508581	-1.900856	-2.110429	-1.343049	-0.0002275783	-1.026486	0.1454815	-1.674544	-1.845411	-0.8503209	-0.9287982	-1.5969	-0.6919473	-1.774377	-1.593099	-1.192322	-0.2745073	-0.6779719	-0.3375715	-0.7060844	-0.9047773	-0.4287315	-0.4371209	-0.697597	-0.4766147	-0.5968891	-0.8269116	-0.3524112	-1.538628	-1.20664	-1.387969	-0.4496017	0.3921455	-0.05764709	0.2447417	0.3899453	0.3852067	0.2273673	-0.2371813	0.3842759	0.3273498	0.431565	0.3655206	0.3527904	-0.09664517	0.4381993	-0.1803882	-0.161799	-0.02170189	-1.110766	-0.8375993	0.00572039	-0.8914996	-0.4279821	-0.9446081	0.8874039	1.00398	0.8128306	-0.9224229	-0.545545	-0.9065329	0.5052377	0.7518169	0.5198358	-1.094884	0.04036231	-0.8805364	1.072636	3.182932	1.535202	-0.8028121	-0.9584308	-0.9174179	-0.2590005	-0.4408007	-0.7900125	-0.8674306	-1.052153	-0.9458571	-0.3543181	-0.8011433	-0.4891225	-1.891093	-1.355502	-2.352482	0.7820171	1.042266	0.4449329	-0.7577845	-1.084379	-0.6690388	-1.208922	-2.232698	-0.5617247	-0.499161	-0.7442389	-0.3980341	-0.8808382	-1.5041	-0.3515418	-0.4462706	0.2539288	-0.5179502	1.090226	0.9574493	0.5829024
113.28125	-0.4954782	-0.3347797	-0.6036969	-0.2731204	-0.604696	-0.4514369	-0.6868076	-0.8469775	-0.7157755	-0.6161889	-0.9167413	-0.6768032	-0.798593	-1.83829	-1.668957	-0.5601774	-1.363578	-2.137368	-0.08186829	-1.316779	-0.09705294	-1.923966	-2.084328	-1.406299	-0.08719096	-1.108065	0.0204732	-1.679113	-1.82664	-0.9295099	-0.9195019	-1.768252	-0.8859726	-1.79117	-1.663648	-1.402624	-0.5291454	-0.9663382	-0.5279395	-0.9613815	-1.147731	-0.6246116	-0.6827356	-0.950479	-0.6739315	-0.8184915	-1.072834	-0.5507506	-1.559227	-1.307379	-1.475096	-0.4785172	0.2176418	-0.1969882	0.1179246	0.2930716	0.3114649	0.06742434	-0.2562144	0.3990051	0.1703438	0.2801099	0.2349721	0.2531619	-0.1409688	0.394059	-0.3136756	-0.2928111	-0.09995305	-1.18374	-0.8333707	0.009517652	-1.140723	-0.6725729	-1.207895	0.8476374	1.02942	0.7960849	-1.14941	-0.73371	-1.143895	0.4639041	0.8033197	0.5239419	-1.207159	0.004245406	-0.8486232	0.9563415	3.185863	1.53485	-1.006519	-1.101657	-1.113723	-0.2178343	-0.2955711	-0.8195612	-1.020542	-1.186279	-1.138666	-0.3557972	-0.7117321	-0.5496361	-2.091107	-1.573054	-2.528736	0.7500076	1.016398	0.3718442	-0.8756001	-1.264658	-0.8903883	-1.208914	-2.16548	-0.6655713	-0.6327115	-0.8587285	-0.5357189	-0.9269399	-1.499079	-0.3911247	-0.4016613	0.3433163	-0.5371837	1.103555	1.046264	0.5334172
115.234375	-0.7511948	-0.6301334	-0.8829195	-0.3649722	-0.7686535	-0.6567021	-0.9300706	-1.086676	-0.9565464	-0.7796739	-1.083359	-0.8321565	-1.094395	-2.090393	-1.912723	-0.8313247	-1.543116	-2.339414	-0.1199568	-1.42217	-0.2515514	-1.96232	-2.070989	-1.508393	-0.1640856	-1.195892	-0.1221397	-1.66955	-1.805146	-1.02344	-0.8168508	-1.810767	-0.9274247	-1.751728	-1.715726	-1.558522	-0.8112667	-1.274589	-0.781723	-1.196815	-1.368879	-0.8348639	-0.939786	-1.22676	-0.9013884	-1.042534	-1.323127	-0.7813604	-1.618933	-1.400243	-1.536805	-0.4858387	0.07284502	-0.3184722	-0.07580631	0.08833073	0.1667482	-0.09896253	-0.2994008	0.359863	0.007073802	0.1307504	0.1152079	0.1307272	-0.2063134	0.361309	-0.4415831	-0.4883426	-0.2301422	-1.160439	-0.7916697	-0.08389384	-1.42668	-0.9289333	-1.461764	0.7380369	1.102155	0.7712215	-1.372996	-0.9294719	-1.374111	0.3843572	0.8143919	0.5141593	-1.361945	-0.08677453	-0.8656182	0.7772063	3.091812	1.471319	-1.205178	-1.237122	-1.309464	-0.19384	-0.1667651	-0.8516294	-1.168865	-1.30655	-1.321931	-0.3730235	-0.633724	-0.6282772	-2.249105	-1.683537	-2.666667	0.7426437	1.150072	0.3942582	-0.9103701	-1.312972	-0.9866518	-1.155356	-2.050535	-0.6947724	-0.7756913	-0.986936	-0.7020164	-0.9650959	-1.511901	-0.463122	-0.5221555	0.06521074	-0.7291489	0.8897583	1.000831	0.3035814
117.1875	-0.9922608	-0.9246416	-1.160556	-0.4566928	-0.9472488	-0.8816445	-1.177216	-1.34183	-1.211416	-0.9333108	-1.245004	-0.9858928	-1.448141	-2.367826	-2.131628	-1.041749	-1.660955	-2.482027	-0.2058848	-1.571794	-0.4362863	-2.016067	-2.078321	-1.657542	-0.2555425	-1.295498	-0.2917234	-1.650954	-1.766233	-1.116948	-0.773034	-1.774858	-0.8631396	-1.722031	-1.729159	-1.612015	-1.085354	-1.569835	-1.065437	-1.396821	-1.560827	-1.046515	-1.200397	-1.51564	-1.148349	-1.271701	-1.581441	-1.027714	-1.847771	-1.57682	-1.701735	-0.5655696	0.01856541	-0.398671	-0.3510425	-0.197162	-0.05790858	-0.2625873	-0.3515629	0.2584722	-0.1778987	-0.03495738	-0.0167068	-0.03157849	-0.2827212	0.3061248	-0.5540926	-0.6677029	-0.3906384	-1.093704	-0.7356686	-0.2384549	-1.732436	-1.19546	-1.706337	0.5553172	1.176854	0.7408646	-1.585693	-1.135182	-1.590406	0.2624735	0.779259	0.4945546	-1.537557	-0.2042587	-0.9761968	0.6453063	3.030461	1.416471	-1.347912	-1.306247	-1.439087	-0.1682463	-0.04107262	-0.8565823	-1.315078	-1.40796	-1.486543	-0.3970788	-0.5608251	-0.709985	-2.393784	-1.719081	-2.834901	0.8428611	1.440968	0.4389077	-0.9616272	-1.361273	-1.05759	-1.121222	-1.957195	-0.702524	-0.8873534	-1.074219	-0.8445796	-0.969314	-1.515127	-0.5214723	-0.4597669	0.02794413	-0.6916809	0.7594522	1.022793	0.2406901
119.140625	-1.225505	-1.204886	-1.42038	-0.5867229	-1.151648	-1.105015	-1.419346	-1.619892	-1.466914	-1.083736	-1.421695	-1.159786	-1.784783	-2.643475	-2.329457	-1.176537	-1.732167	-2.555468	-0.3223665	-1.739424	-0.6275634	-2.066756	-2.093564	-1.826045	-0.3830307	-1.403814	-0.4859177	-1.626785	-1.693052	-1.192516	-0.8984206	-1.769193	-0.8106267	-1.767304	-1.713897	-1.587746	-1.321041	-1.840893	-1.336964	-1.589706	-1.776862	-1.279897	-1.442835	-1.794886	-1.385945	-1.511302	-1.856989	-1.278031	-2.226538	-1.847572	-2.013098	-0.7356814	0.04307718	-0.4506116	-0.6646461	-0.4825065	-0.322963	-0.4158676	-0.3975668	0.1161051	-0.3922493	-0.2306049	-0.1815016	-0.2226417	-0.3622817	0.207052	-0.640388	-0.7663824	-0.5329031	-1.06532	-0.7031804	-0.3840071	-2.009234	-1.446994	-1.932503	0.3315986	1.18029	0.7039196	-1.77564	-1.338353	-1.780932	0.1060913	0.7079166	0.4700471	-1.673617	-0.2961077	-1.136255	0.6135899	3.071995	1.41544	-1.455767	-1.362648	-1.539475	-0.1482088	0.06873105	-0.870334	-1.453643	-1.49318	-1.629281	-0.4067526	-0.4871688	-0.7835068	-2.553952	-1.77446	-3.057206	1.024157	1.729856	0.4193777	-1.044873	-1.429633	-1.14003	-1.119068	-1.895499	-0.7087933	-1.064195	-1.295497	-1.081704	-1.011889	-1.553515	-0.6560236	-0.5491313	-0.2631514	-0.8687994	0.6202345	0.9778343	0.04259688
121.09375	-1.4516	-1.478981	-1.646848	-0.776604	-1.396602	-1.329887	-1.644463	-1.913412	-1.70195	-1.248878	-1.637167	-1.366392	-2.090534	-2.931906	-2.558078	-1.313184	-1.809049	-2.620875	-0.4338707	-1.885755	-0.8057443	-2.091056	-2.086493	-1.972036	-0.5448851	-1.510686	-0.69037	-1.600079	-1.585272	-1.245034	-1.170153	-1.861343	-0.8673905	-1.890003	-1.687002	-1.551562	-1.513046	-2.099376	-1.57083	-1.816649	-2.076614	-1.564121	-1.658604	-2.056586	-1.598942	-1.765756	-2.15343	-1.536281	-2.536003	-2.08766	-2.333915	-0.9183317	0.03448709	-0.5182002	-0.9530316	-0.7035486	-0.5744897	-0.5557378	-0.4368495	-0.03222591	-0.6274613	-0.4487282	-0.3780846	-0.408591	-0.4365473	0.07876054	-0.7240741	-0.7910687	-0.6417787	-1.116848	-0.6890558	-0.4735535	-2.210042	-1.655517	-2.115625	0.09629663	1.063131	0.649456	-1.92832	-1.513668	-1.934635	-0.06107734	0.6234769	0.4431524	-1.697377	-0.3160624	-1.240057	0.6445296	3.149566	1.437862	-1.522892	-1.419006	-1.622236	-0.1258913	0.1482112	-0.9147251	-1.576197	-1.576485	-1.755864	-0.392792	-0.4177911	-0.8509114	-2.678657	-1.834127	-3.194794	1.176329	1.843079	0.3616143	-1.284992	-1.750542	-1.438096	-1.211267	-1.911296	-0.8711501	-1.131547	-1.375833	-1.194922	-1.0104	-1.553439	-0.7182539	-0.707505	-0.6110611	-1.146392	0.560316	0.9254271	-0.2086779
123.046875	-1.672726	-1.767093	-1.836815	-1.021535	-1.680264	-1.574755	-1.843307	-2.20183	-1.899657	-1.443486	-1.903089	-1.597608	-2.330522	-3.202997	-2.817786	-1.488893	-1.928378	-2.725061	-0.5328392	-1.997717	-0.971355	-2.085675	-2.037487	-2.073031	-0.7123314	-1.604201	-0.8825145	-1.574678	-1.464603	-1.285513	-1.44992	-2.01667	-1.025937	-2.018222	-1.655803	-1.547853	-1.657057	-2.343864	-1.746087	-2.087249	-2.468822	-1.895584	-1.823119	-2.283967	-1.767695	-2.023479	-2.470346	-1.80603	-2.647414	-2.233894	-2.549354	-1.040181	-0.1154875	-0.6764362	-1.164844	-0.8576497	-0.7742281	-0.6724769	-0.4963188	-0.1681445	-0.8533448	-0.6597434	-0.5761856	-0.5537776	-0.5084387	-0.04447841	-0.807727	-0.7999215	-0.715179	-1.218972	-0.7221403	-0.5350654	-2.315206	-1.803625	-2.235497	-0.1263126	0.847832	0.5684199	-2.03559	-1.641779	-2.047895	-0.2167494	0.5440248	0.4105275	-1.581874	-0.2472629	-1.219764	0.6744362	3.15556	1.419899	-1.525952	-1.443404	-1.664245	-0.0955361	0.1882879	-0.9811941	-1.649766	-1.639993	-1.849717	-0.3537033	-0.3650115	-0.9120756	-2.771301	-1.951758	-3.19445	1.12595	1.687729	0.276955	-1.343354	-1.803701	-1.565794	-1.176219	-1.830348	-0.9208218	-1.18244	-1.469307	-1.299453	-1.03323	-1.573358	-0.8013003	-0.3980652	-0.1165157	-0.8320367	0.8535867	1.119736	-0.03751549
125	-1.856601	-2.042387	-1.982282	-1.266082	-1.971919	-1.831454	-2.011042	-2.462344	-2.054549	-1.665547	-2.208094	-1.832052	-2.443465	-3.379384	-3.01255	-1.661718	-2.084034	-2.835522	-0.6294985	-2.07637	-1.129252	-2.05874	-1.944726	-2.131649	-0.8443852	-1.672475	-1.038516	-1.552931	-1.361222	-1.326926	-1.59558	-2.120642	-1.191549	-2.050724	-1.592436	-1.553334	-1.780992	-2.577536	-1.877694	-2.373535	-2.884474	-2.234232	-1.933507	-2.474159	-1.894759	-2.265223	-2.791489	-2.0793	-2.510052	-2.242877	-2.547359	-1.078372	-0.4460747	-0.9372585	-1.304799	-0.9989238	-0.9264182	-0.7645715	-0.5990666	-0.2948064	-1.045784	-0.8365284	-0.7426015	-0.6536976	-0.5791858	-0.1333598	-0.9143138	-0.8597937	-0.7872419	-1.322055	-0.7773337	-0.5975785	-2.348845	-1.903253	-2.292868	-0.3470054	0.6044464	0.4580105	-2.097954	-1.720525	-2.128332	-0.3457487	0.4741918	0.367125	-1.365528	-0.1290089	-1.11153	0.659615	3.011948	1.300664	-1.51632	-1.507521	-1.721744	-0.09903807	0.168547	-1.092532	-1.671836	-1.691292	-1.912943	-0.317848	-0.3459875	-0.9799845	-2.814707	-2.093345	-3.053745	0.821658	1.353655	0.1860511	-1.437978	-1.946387	-1.780572	-1.126235	-1.747823	-1.045424	-1.19937	-1.542076	-1.373257	-1.061743	-1.612029	-0.8873783	-0.8396738	-0.8204358	-1.454481	0.6877913	0.9584777	-0.5688345
126.953125	-1.985357	-2.261382	-2.080859	-1.467189	-2.229723	-2.063607	-2.138722	-2.674358	-2.166405	-1.887404	-2.519431	-2.044344	-2.417637	-3.41889	-3.040755	-1.766345	-2.232162	-2.872343	-0.7295486	-2.128175	-1.270986	-2.021379	-1.829594	-2.164445	-0.9114205	-1.707076	-1.138382	-1.532674	-1.295589	-1.37185	-1.582311	-2.089896	-1.282977	-1.94287	-1.462198	-1.509025	-1.886699	-2.781386	-1.974019	-2.623538	-3.229938	-2.520714	-1.993877	-2.621018	-1.98287	-2.469994	-3.087653	-2.325846	-2.297361	-2.215112	-2.399359	-1.110031	-0.8733822	-1.261326	-1.415982	-1.177588	-1.058587	-0.8421724	-0.741355	-0.4251964	-1.193105	-0.9694812	-0.8597256	-0.7350271	-0.6565449	-0.191825	-1.045752	-0.992223	-0.8820162	-1.394446	-0.8364858	-0.6657847	-2.366224	-1.988983	-2.314821	-0.5984713	0.4054422	0.3296269	-2.128795	-1.767304	-2.19128	-0.4498446	0.4123974	0.3111854	-1.167653	-0.05328168	-1.055846	0.5835286	2.75984	1.081704	-1.478492	-1.551496	-1.749851	-0.1269516	0.1217498	-1.187109	-1.643271	-1.71989	-1.936947	-0.3058636	-0.3627689	-1.054821	-2.811309	-2.223661	-2.881239	0.3537761	1.01917	0.06126426	-1.41341	-1.8871	-1.829677	-0.9691097	-1.602051	-1.054528	-1.25571	-1.70432	-1.501736	-1.11917	-1.694653	-1.024576	-0.613553	-0.4677766	-1.272702	0.8558634	1.08378	-0.5221358
128.90625	-2.036093	-2.372882	-2.125003	-1.5928	-2.417251	-2.220293	-2.216913	-2.822659	-2.231546	-2.07092	-2.789364	-2.211303	-2.277827	-3.330515	-2.876362	-1.763858	-2.34212	-2.786282	-0.8075753	-2.145998	-1.366928	-1.974766	-1.722542	-2.180148	-0.9071679	-1.701119	-1.170882	-1.50513	-1.265222	-1.408244	-1.518877	-1.958285	-1.313675	-1.741176	-1.258319	-1.394412	-1.965486	-2.937367	-2.044522	-2.79735	-3.441484	-2.713209	-2.020849	-2.719694	-2.034724	-2.624884	-3.31893	-2.50454	-2.168258	-2.24657	-2.230034	-1.21926	-1.259087	-1.562085	-1.534807	-1.386718	-1.187743	-0.9213957	-0.8941485	-0.5608819	-1.298206	-1.067907	-0.9326931	-0.8286672	-0.7513158	-0.2486932	-1.143478	-1.145151	-0.9749768	-1.430152	-0.925856	-0.7273293	-2.398221	-2.076745	-2.325817	-0.8841113	0.2771847	0.2083957	-2.14169	-1.803455	-2.246475	-0.5399402	0.3572544	0.2429618	-1.088202	-0.08429176	-1.176269	0.4775315	2.528534	0.8315284	-1.421328	-1.558728	-1.73947	-0.1759444	0.07169033	-1.229349	-1.586958	-1.730554	-1.92656	-0.3260302	-0.4108929	-1.13342	-2.789307	-2.365721	-2.808219	-0.1144782	0.803694	-0.1524214	-1.463414	-1.90308	-1.900965	-0.8434975	-1.497436	-1.076426	-1.218595	-1.726199	-1.509397	-1.108351	-1.733446	-1.067977	-0.5045927	-0.4142981	-1.302791	0.8923085	1.096936	-0.6152139
130.859375	-2.013435	-2.370598	-2.108709	-1.655855	-2.527653	-2.274448	-2.248663	-2.908154	-2.248115	-2.196561	-2.979409	-2.321506	-2.108943	-3.181578	-2.622694	-1.683807	-2.398145	-2.611599	-0.8205527	-2.114023	-1.385144	-1.914329	-1.64694	-2.173691	-0.8517002	-1.659632	-1.139841	-1.466486	-1.25678	-1.42437	-1.556887	-1.853339	-1.39412	-1.543052	-1.008662	-1.260335	-2.008745	-3.034914	-2.091948	-2.890453	-3.522538	-2.804421	-2.034325	-2.770344	-2.05317	-2.728036	-3.450208	-2.589238	-2.20001	-2.37917	-2.172011	-1.407419	-1.474589	-1.764745	-1.655502	-1.566284	-1.301917	-1.012091	-1.024601	-0.6829224	-1.37452	-1.146488	-0.9817091	-0.9435524	-0.8663055	-0.3269723	-1.173273	-1.260938	-1.044524	-1.455254	-1.049279	-0.7568905	-2.432328	-2.145764	-2.325403	-1.157946	0.2050274	0.1266052	-2.147972	-1.83985	-2.29288	-0.6266351	0.322033	0.1680431	-1.162301	-0.2266264	-1.46514	0.3511719	2.423462	0.636698	-1.348279	-1.520916	-1.693538	-0.226723	0.03797538	-1.209493	-1.504861	-1.698574	-1.865361	-0.3508533	-0.4694827	-1.188534	-2.751397	-2.501125	-2.845638	-0.4338693	0.7095577	-0.4390545	-1.59226	-2.00894	-2.002098	-0.7903718	-1.445278	-1.116748	-1.24233	-1.844419	-1.576699	-1.119315	-1.773036	-1.135865	-0.5521275	-0.7306375	-1.563878	0.801254	0.9577685	-0.8809467
132.8125	-1.940908	-2.293608	-2.041896	-1.681689	-2.572785	-2.23711	-2.240012	-2.934473	-2.216409	-2.264249	-3.070993	-2.368305	-1.992783	-3.051679	-2.43767	-1.608668	-2.424804	-2.459531	-0.7432979	-2.02504	-1.317753	-1.841418	-1.611256	-2.136955	-0.7708542	-1.593866	-1.061649	-1.421289	-1.257367	-1.420227	-1.766376	-1.89233	-1.624653	-1.418061	-0.7653867	-1.198331	-2.006474	-3.060486	-2.102023	-2.921129	-3.523937	-2.809314	-2.038317	-2.772866	-2.037315	-2.781934	-3.472171	-2.584119	-2.262657	-2.513255	-2.203179	-1.585075	-1.5293	-1.850051	-1.749346	-1.659937	-1.377017	-1.115824	-1.1122	-0.7597937	-1.432473	-1.209848	-1.021389	-1.056619	-0.9936262	-0.4203185	-1.129204	-1.31125	-1.079896	-1.480458	-1.196877	-0.7569076	-2.429775	-2.159961	-2.289717	-1.357379	0.1556339	0.09503918	-2.148988	-1.870285	-2.32029	-0.7088884	0.323028	0.09352151	-1.325138	-0.3983899	-1.789757	0.2388946	2.467175	0.5579407	-1.251341	-1.434106	-1.607037	-0.2614821	0.0152048	-1.145033	-1.417905	-1.647853	-1.781196	-0.3617122	-0.5346456	-1.218531	-2.620544	-2.492583	-2.803114	-0.5256987	0.6827763	-0.6581378	-1.693122	-2.085695	-2.056007	-0.7741425	-1.390709	-1.126065	-1.186103	-1.816099	-1.525455	-1.076705	-1.733671	-1.098493	0.01909165	-0.06915637	-0.9844437	1.056014	1.03475	-0.5804058
134.765625	-1.860507	-2.201008	-1.949562	-1.694062	-2.566928	-2.145239	-2.207917	-2.912653	-2.145683	-2.294632	-3.073706	-2.351849	-1.939332	-2.951422	-2.385401	-1.593833	-2.443925	-2.396028	-0.5972959	-1.900105	-1.189299	-1.771454	-1.616279	-2.079146	-0.6847193	-1.5226	-0.9600978	-1.384958	-1.267145	-1.411174	-2.096184	-2.09662	-2.003147	-1.372888	-0.5813253	-1.269755	-1.975374	-3.019346	-2.070887	-2.915555	-3.490754	-2.748991	-2.018076	-2.725608	-1.985914	-2.784344	-3.403931	-2.515979	-2.229769	-2.544808	-2.235066	-1.664945	-1.522357	-1.858943	-1.766939	-1.649666	-1.381233	-1.211688	-1.18588	-0.779048	-1.466323	-1.244885	-1.045762	-1.128303	-1.12129	-0.5012399	-1.041992	-1.310065	-1.088414	-1.495674	-1.33601	-0.7517306	-2.36121	-2.096197	-2.199896	-1.442887	0.116332	0.0990764	-2.142728	-1.886696	-2.324883	-0.780185	0.3631671	0.0215055	-1.479259	-0.5003459	-1.993528	0.163888	2.598786	0.6031212	-1.13695	-1.324051	-1.490602	-0.2756491	-0.01744173	-1.074694	-1.328515	-1.592006	-1.692881	-0.3483257	-0.605156	-1.222953	-2.489437	-2.48973	-2.699464	-0.5332143	0.6048247	-0.8145092	-1.660313	-2.019528	-1.992747	-0.733264	-1.272111	-1.051569	-1.138056	-1.779919	-1.471963	-1.043425	-1.667442	-1.048245	0.09743044	-0.156562	-0.8881986	1.001344	0.8381427	-0.6861379
136.71875	-1.815957	-2.140158	-1.864145	-1.717187	-2.529337	-2.046393	-2.159981	-2.851564	-2.051401	-2.302717	-3.019004	-2.28147	-1.871793	-2.819598	-2.374214	-1.615942	-2.450616	-2.379794	-0.4382712	-1.777538	-1.044013	-1.723174	-1.656169	-2.026846	-0.5985162	-1.459102	-0.855951	-1.371404	-1.291954	-1.415587	-2.394096	-2.334574	-2.394966	-1.336398	-0.4506421	-1.427349	-1.940849	-2.931789	-2.005479	-2.893494	-3.4434	-2.645606	-1.949374	-2.626771	-1.895446	-2.734887	-3.292165	-2.41767	-2.038893	-2.408621	-2.150596	-1.625216	-1.562939	-1.837766	-1.703092	-1.568251	-1.314047	-1.27605	-1.264195	-0.7416338	-1.458707	-1.233889	-1.033405	-1.136247	-1.241298	-0.5437161	-0.9671081	-1.280066	-1.086252	-1.473127	-1.39935	-0.735165	-2.23628	-1.972797	-2.078393	-1.426161	0.09917362	0.1021972	-2.126627	-1.887254	-2.314082	-0.8319339	0.4256691	-0.04936004	-1.563347	-0.4859731	-2.034518	0.1509887	2.741844	0.7338999	-1.001153	-1.180895	-1.322842	-0.2641127	-0.06901509	-1.001362	-1.225981	-1.520933	-1.597303	-0.3178496	-0.6745166	-1.196524	-2.260312	-2.316764	-2.391986	-0.5182632	0.5162547	-0.8037153	-1.564164	-1.938454	-1.921667	-0.686599	-1.123903	-0.9556952	-1.097376	-1.737654	-1.423576	-1.021685	-1.600845	-1.002022	0.1288109	-0.2097638	-0.7158503	0.8958429	0.6310317	-0.7619798
138.671875	-1.809888	-2.100568	-1.793754	-1.748379	-2.472472	-1.963067	-2.102454	-2.769621	-1.950565	-2.303503	-2.956058	-2.186214	-1.701276	-2.591176	-2.234458	-1.619313	-2.426567	-2.301857	-0.3080558	-1.682979	-0.9126757	-1.698705	-1.718364	-2.007239	-0.5012491	-1.396841	-0.7537376	-1.375875	-1.328494	-1.435055	-2.560969	-2.47089	-2.649689	-1.261285	-0.3559893	-1.568075	-1.915994	-2.824306	-1.921553	-2.860822	-3.377869	-2.520677	-1.812526	-2.473298	-1.758079	-2.639076	-3.184821	-2.306299	-1.786671	-2.171778	-1.935497	-1.54016	-1.675353	-1.813979	-1.575648	-1.454992	-1.190352	-1.288818	-1.360777	-0.6724379	-1.397429	-1.169115	-0.9692202	-1.087625	-1.34166	-0.539854	-0.9302888	-1.224183	-1.068477	-1.406667	-1.35532	-0.6773871	-2.102542	-1.847463	-1.979931	-1.37354	0.1152794	0.06705774	-2.101613	-1.879345	-2.303956	-0.8597944	0.4872043	-0.120715	-1.597993	-0.4034612	-2.014891	0.1896546	2.865716	0.8890512	-0.8521371	-0.9891724	-1.098333	-0.2309281	-0.1346797	-0.9055789	-1.118262	-1.447578	-1.502977	-0.3019189	-0.7425701	-1.153812	-2.087132	-2.223403	-2.155119	-0.6367434	0.4158641	-0.8010809	-1.466712	-1.901677	-1.882617	-0.6398672	-0.9944227	-0.8574435	-1.085529	-1.735473	-1.410323	-1.023682	-1.573329	-0.9911143	-0.07116999	-0.5677999	-0.8265886	0.6498108	0.3775031	-0.9707201
140.625	-1.820665	-2.053788	-1.725821	-1.793164	-2.423474	-1.906808	-2.03404	-2.683195	-1.849949	-2.300944	-2.925144	-2.101058	-1.384374	-2.240604	-1.864251	-1.551124	-2.362879	-2.081192	-0.2144622	-1.61651	-0.8030072	-1.683585	-1.781591	-2.026046	-0.3819742	-1.320063	-0.6443647	-1.378845	-1.365255	-1.4561	-2.593209	-2.433678	-2.715478	-1.135617	-0.2494979	-1.586595	-1.877775	-2.708346	-1.824528	-2.814643	-3.29652	-2.396816	-1.620315	-2.276339	-1.575464	-2.52088	-3.113979	-2.187469	-1.598892	-1.945211	-1.664801	-1.488281	-1.79294	-1.781163	-1.426897	-1.327935	-1.04077	-1.252761	-1.448944	-0.5898443	-1.275772	-1.056934	-0.8502076	-1.010638	-1.425266	-0.5067078	-0.9105873	-1.13166	-1.018062	-1.310102	-1.242176	-0.5637205	-2.01055	-1.775689	-1.961147	-1.342821	0.1653921	-0.01721197	-2.068587	-1.869202	-2.303287	-0.8621137	0.5358016	-0.1902519	-1.650545	-0.3626989	-2.075528	0.2066484	2.964586	0.9993721	-0.7346333	-0.8071234	-0.8855597	-0.2153387	-0.2284387	-0.8059235	-1.014576	-1.379075	-1.406542	-0.3251826	-0.809366	-1.109174	-1.93362	-2.169884	-2.047549	-0.8359828	0.3618689	-0.8522931	-1.492857	-2.052558	-1.972087	-0.6582428	-0.9686222	-0.8348278	-1.038143	-1.679953	-1.347545	-1.009157	-1.567496	-0.9584441	0.04725457	-0.4081827	-0.6521719	0.606442	0.3500662	-0.8267965
142.578125	-1.790338	-1.960393	-1.628149	-1.838628	-2.409601	-1.873371	-1.945852	-2.596251	-1.74002	-2.294854	-2.945503	-2.048346	-0.9950784	-1.849437	-1.354707	-1.443447	-2.303123	-1.785864	-0.1321465	-1.550458	-0.6975399	-1.656968	-1.820759	-2.055775	-0.2424892	-1.21925	-0.5187837	-1.361544	-1.390027	-1.461044	-2.579692	-2.284198	-2.680254	-0.9928624	-0.1087277	-1.469674	-1.802146	-2.582257	-1.716755	-2.752932	-3.214314	-2.290235	-1.406719	-2.057155	-1.361277	-2.410215	-3.083648	-2.064904	-1.482227	-1.762494	-1.407877	-1.464833	-1.830719	-1.710025	-1.289551	-1.180553	-0.8914282	-1.183354	-1.488117	-0.4973343	-1.109093	-0.9157097	-0.6957417	-0.931075	-1.491525	-0.4614635	-0.8606322	-1.000226	-0.9221357	-1.21716	-1.159637	-0.4261326	-1.981246	-1.773584	-2.024823	-1.35472	0.2365715	-0.1262345	-2.03114	-1.857752	-2.305784	-0.844789	0.5763621	-0.2511086	-1.754706	-0.4343117	-2.256711	0.1289888	3.036054	1.020784	-0.6038679	-0.5860121	-0.6687833	-0.2092756	-0.3396173	-0.6817311	-0.9011982	-1.27934	-1.272855	-0.3730952	-0.8721433	-1.052658	-1.790244	-2.118213	-2.060692	-0.998754	0.3785393	-0.9413127	-1.368669	-1.91697	-1.819305	-0.5961666	-0.9317889	-0.6496645	-0.9503898	-1.568105	-1.218962	-0.9790051	-1.578707	-0.8923989	0.234481	-0.1953156	-0.531135	0.6212261	0.4096421	-0.5751027
144.53125	-1.690045	-1.825762	-1.487156	-1.885265	-2.456122	-1.861536	-1.839943	-2.510803	-1.613102	-2.295359	-3.009694	-2.032137	-0.6756366	-1.544127	-0.9319595	-1.373478	-2.305547	-1.586178	-0.04240726	-1.462902	-0.5798697	-1.61589	-1.820748	-2.058657	-0.09725577	-1.100115	-0.3796552	-1.320027	-1.397666	-1.442802	-2.592825	-2.118796	-2.682994	-0.8462325	0.0817259	-1.281292	-1.686116	-2.436432	-1.601046	-2.676461	-3.148411	-2.202287	-1.211673	-1.845102	-1.144541	-2.32917	-3.078923	-1.95234	-1.36084	-1.591509	-1.209138	-1.399405	-1.752171	-1.585368	-1.16445	-1.00323	-0.7466163	-1.103943	-1.466409	-0.3912143	-0.9201352	-0.7617585	-0.5304942	-0.8568711	-1.543568	-0.4127783	-0.7891876	-0.8761119	-0.8173483	-1.180462	-1.17384	-0.3249719	-1.980272	-1.79442	-2.115069	-1.354841	0.3251131	-0.2134656	-1.991155	-1.83522	-2.293857	-0.8093714	0.6277327	-0.2889639	-1.872745	-0.6022046	-2.467939	-0.05148771	3.047214	0.9396346	-0.4729218	-0.3950392	-0.5015118	-0.2327614	-0.4801492	-0.5803056	-0.7892902	-1.162388	-1.114952	-0.4230565	-0.9395047	-0.9939076	-1.652581	-2.026416	-2.086235	-1.026086	0.4469144	-0.9882376	-1.351614	-1.939366	-1.764644	-0.636697	-0.9923771	-0.5853475	-0.9669226	-1.636998	-1.205305	-1.022455	-1.666589	-0.9220924	0.3951817	-0.06088746	-0.4565257	0.6027669	0.4559319	-0.3096094
146.484375	-1.514601	-1.669515	-1.307901	-1.917829	-2.556848	-1.857579	-1.708818	-2.409761	-1.459363	-2.300623	-3.090265	-2.028658	-0.5060461	-1.371234	-0.7612843	-1.36774	-2.377471	-1.585279	0.05167434	-1.350159	-0.4477647	-1.573526	-1.784914	-2.012699	0.02724905	-0.9889005	-0.2472833	-1.272591	-1.395273	-1.410399	-2.65305	-2.021904	-2.795891	-0.6969067	0.2920955	-1.127734	-1.54047	-2.255823	-1.468906	-2.589063	-3.110947	-2.118471	-1.046146	-1.654341	-0.9490878	-2.271567	-3.077777	-1.863051	-1.141451	-1.361694	-1.044019	-1.235746	-1.612151	-1.420723	-1.018503	-0.7941375	-0.5833293	-1.018138	-1.412542	-0.2693546	-0.7347456	-0.6050401	-0.3734113	-0.7823796	-1.579115	-0.3548249	-0.699883	-0.8005859	-0.7295028	-1.203493	-1.323867	-0.3251533	-1.953255	-1.770391	-2.156096	-1.277022	0.438227	-0.2435769	-1.953351	-1.797465	-2.255456	-0.7655236	0.694214	-0.2956209	-1.927595	-0.7745438	-2.566961	-0.2631452	2.953469	0.7910679	-0.3065279	-0.2187639	-0.341417	-0.2578231	-0.6339936	-0.5014368	-0.6706887	-1.016019	-0.9299619	-0.4407846	-1.011778	-0.9194832	-1.476908	-1.799759	-1.948299	-0.8870109	0.5414721	-0.8832594	-1.205566	-1.767414	-1.549003	-0.651223	-1.007927	-0.4723684	-0.8880273	-1.553946	-1.069823	-1.013838	-1.722619	-0.8704898	0.1134411	-0.6243486	-0.808291	0.2772348	0.2487205	-0.4279889
148.4375	-1.298251	-1.520215	-1.11072	-1.931433	-2.681709	-1.845486	-1.544086	-2.274578	-1.278635	-2.295432	-3.15754	-2.006787	-0.543034	-1.356277	-0.8732309	-1.455944	-2.493273	-1.774842	0.1336104	-1.229057	-0.3122238	-1.544475	-1.734927	-1.928964	0.1141746	-0.9067076	-0.1428295	-1.23937	-1.388864	-1.37655	-2.708688	-1.989835	-2.96019	-0.5347905	0.4810166	-1.072639	-1.384162	-2.042787	-1.317314	-2.49069	-3.088479	-2.020929	-0.8798589	-1.469337	-0.7719885	-2.203604	-3.062301	-1.792746	-0.8544637	-1.080176	-0.8925828	-1.013938	-1.495192	-1.255967	-0.810727	-0.5552135	-0.367308	-0.9094657	-1.370863	-0.1358629	-0.5643389	-0.4459995	-0.2257135	-0.6996952	-1.594726	-0.2808794	-0.6310394	-0.7847934	-0.6805334	-1.260277	-1.534238	-0.4091279	-1.867846	-1.663248	-2.11022	-1.098093	0.5848631	-0.2128849	-1.915151	-1.740146	-2.191529	-0.7113585	0.7688032	-0.2664126	-1.896969	-0.8857359	-2.509602	-0.4273133	2.741396	0.6309676	-0.1280604	-0.08073884	-0.178136	-0.2635514	-0.7735357	-0.4406548	-0.5396811	-0.8378736	-0.7246185	-0.4108973	-1.079045	-0.8165799	-1.257619	-1.446742	-1.613832	-0.6660754	0.627763	-0.6262028	-1.206604	-1.869105	-1.537049	-0.7906269	-1.091871	-0.5733321	-0.7837715	-1.429833	-0.9165783	-0.9863454	-1.771303	-0.8082325	0.4151684	-0.1588206	-0.2448246	0.2473639	0.2502439	-0.02981737
150.390625	-1.074632	-1.37919	-0.9039252	-1.917886	-2.779647	-1.801915	-1.341735	-2.0953	-1.073714	-2.261261	-3.194232	-1.94528	-0.6517626	-1.370508	-1.083682	-1.525688	-2.548418	-1.97053	0.1911677	-1.126056	-0.1894158	-1.532965	-1.704925	-1.846841	0.1611778	-0.8596671	-0.07656541	-1.228595	-1.378747	-1.347339	-2.720503	-1.98491	-3.056499	-0.388223	0.6050305	-1.108943	-1.213412	-1.80249	-1.135561	-2.367592	-3.046069	-1.893977	-0.6701797	-1.25945	-0.5888709	-2.08618	-3.017605	-1.715477	-0.5541093	-0.7732829	-0.6993428	-0.8252404	-1.463506	-1.121627	-0.5250961	-0.28491	-0.08135415	-0.7570484	-1.360856	0.001770493	-0.4048572	-0.2825927	-0.07573158	-0.6094432	-1.586058	-0.1907048	-0.5728184	-0.7798818	-0.6391869	-1.294505	-1.716789	-0.5093556	-1.724715	-1.477556	-1.9985	-0.8388936	0.7634978	-0.1404326	-1.872143	-1.667431	-2.113274	-0.6490635	0.8336614	-0.2095258	-1.824779	-0.9276509	-2.389865	-0.492783	2.461373	0.5151665	0.07870346	0.1101068	0.06322982	-0.2038816	-0.8500108	-0.3260639	-0.4040708	-0.6527476	-0.5166252	-0.3558257	-1.132569	-0.6912449	-1.022094	-1.047947	-1.183889	-0.5003614	0.6478834	-0.3182274	-0.927471	-1.526306	-1.182352	-0.7695504	-1.049017	-0.4707577	-0.661881	-1.276731	-0.7669564	-0.9361935	-1.803946	-0.7455873	0.4787368	-0.04364199	0.1075062	0.05725471	0.07390123	0.08191135
152.34375	-0.8626297	-1.233285	-0.6810756	-1.882354	-2.818467	-1.717372	-1.103407	-1.871912	-0.8477836	-2.176687	-3.19196	-1.839423	-0.7436765	-1.362881	-1.213382	-1.542389	-2.495912	-2.032921	0.2377232	-1.043994	-0.0885279	-1.520268	-1.707268	-1.795134	0.1872368	-0.8298218	-0.03659353	-1.226753	-1.357511	-1.315958	-2.7003	-1.971973	-3.017328	-0.3072779	0.6606229	-1.166844	-0.979619	-1.518742	-0.8926807	-2.194163	-2.954506	-1.728305	-0.3925261	-0.9974327	-0.3680189	-1.899783	-2.931615	-1.596728	-0.3642927	-0.5381686	-0.5067541	-0.746455	-1.492169	-1.04713	-0.1764616	0.02284885	0.2582603	-0.5497699	-1.362836	0.1378464	-0.2336601	-0.1091138	0.09500106	-0.5124948	-1.555848	-0.09177528	-0.4940992	-0.7219735	-0.5629676	-1.256986	-1.806097	-0.5520242	-1.562277	-1.264124	-1.872428	-0.5672954	0.944203	-0.05573769	-1.8098	-1.574381	-2.024831	-0.5670636	0.885156	-0.1341733	-1.810957	-0.9804921	-2.346549	-0.5386989	2.168747	0.4371373	0.2531844	0.3103519	0.3155137	-0.1011631	-0.8700697	-0.1723167	-0.2541279	-0.4593159	-0.2956747	-0.3017471	-1.167144	-0.5493504	-0.7694682	-0.6514154	-0.7747563	-0.4470564	0.5625455	-0.06539541	-0.7965959	-1.424671	-1.006658	-0.8218033	-1.109762	-0.519889	-0.5010362	-1.062096	-0.5885896	-0.8535106	-1.799108	-0.6573535	0.4561368	-0.09015115	0.2674438	-0.1371744	-0.1637961	0.02129327
154.296875	-0.6531211	-1.061815	-0.432133	-1.822375	-2.785675	-1.596118	-0.8465279	-1.618162	-0.604209	-2.04054	-3.145191	-1.696885	-0.770125	-1.345467	-1.200952	-1.506939	-2.358287	-1.960965	0.2809414	-0.9840676	-0.01700601	-1.494933	-1.737256	-1.780048	0.2160493	-0.7948976	-0.002453096	-1.213445	-1.320801	-1.274284	-2.708706	-1.956977	-2.889107	-0.3289791	0.6803699	-1.169667	-0.6670768	-1.188819	-0.588149	-1.954536	-2.791581	-1.52576	-0.07035023	-0.6881505	-0.1046181	-1.658034	-2.793978	-1.420807	-0.2571986	-0.3566832	-0.3125559	-0.7332631	-1.51832	-1.007291	0.184924	0.354491	0.5964312	-0.3039006	-1.330232	0.2727247	-0.0341338	0.07800235	0.2934627	-0.4063248	-1.505002	0.01462429	-0.3860936	-0.5979221	-0.4460331	-1.155206	-1.79657	-0.519774	-1.423252	-1.078134	-1.771044	-0.3392653	1.090582	0.02073595	-1.716915	-1.455657	-1.919263	-0.4563192	0.9328626	-0.05001358	-1.877953	-1.090403	-2.436059	-0.6192506	1.915541	0.3461773	0.4278321	0.5802101	0.5880436	0.04244121	-0.8483288	0.02844843	-0.0912174	-0.2719972	-0.06283858	-0.2736146	-1.194542	-0.4153374	-0.5720091	-0.3657765	-0.5175825	-0.4953678	0.3659015	0.05714058	-0.656176	-1.312102	-0.8193023	-0.8532583	-1.212665	-0.5647267	-0.3581831	-0.8850513	-0.4349111	-0.7839853	-1.779246	-0.5873289	0.4536867	-0.1545414	0.2777904	-0.2363345	-0.3729975	-0.09204955
156.25	-0.4364372	-0.8595729	-0.168853	-1.727594	-2.684056	-1.448658	-0.5787427	-1.337241	-0.339212	-1.855424	-3.037919	-1.517425	-0.7124735	-1.340391	-1.098014	-1.41897	-2.195423	-1.850531	0.3146008	-0.942961	0.01968176	-1.461076	-1.76956	-1.777426	0.2589725	-0.7471482	0.03731984	-1.179353	-1.273778	-1.223562	-2.787752	-1.961741	-2.787504	-0.4337855	0.7100473	-1.088654	-0.3038664	-0.8242009	-0.248674	-1.660416	-2.565156	-1.299957	0.2508483	-0.3603548	0.1790929	-1.393762	-2.604361	-1.202281	-0.1649874	-0.1691573	-0.1380521	-0.6728328	-1.47558	-0.9494934	0.5018005	0.6693999	0.8709394	-0.05365015	-1.233944	0.4041837	0.2008594	0.2841102	0.5149391	-0.2774793	-1.437056	0.1331964	-0.254524	-0.44669	-0.3074	-1.031441	-1.758442	-0.4623759	-1.320894	-0.9380127	-1.690855	-0.1614464	1.188967	0.08770424	-1.588823	-1.304629	-1.781729	-0.3103024	0.9936464	0.0417015	-1.961191	-1.239694	-2.572904	-0.738664	1.708232	0.1798699	0.5754122	0.8347712	0.800823	0.1727059	-0.8341781	0.1969972	0.09388357	-0.07966001	0.1886555	-0.2645254	-1.231851	-0.3022488	-0.4583105	-0.2047926	-0.4020081	-0.5501478	0.125497	0.08868928	-0.3545786	-0.9714344	-0.463786	-0.7858827	-1.267946	-0.477076	-0.2686267	-0.8072682	-0.3347623	-0.7597549	-1.767575	-0.5617007	0.8969595	0.492634	0.7254373	-0.002757862	-0.3267405	0.1914886
158.203125	-0.1920384	-0.6155939	0.09358101	-1.567858	-2.52228	-1.271237	-0.3170753	-1.04334	-0.06453884	-1.643063	-2.859993	-1.304552	-0.6434643	-1.397128	-1.028003	-1.314452	-2.055127	-1.813293	0.3221095	-0.9218687	0.01979852	-1.435778	-1.776949	-1.758875	0.3065538	-0.6973946	0.07461914	-1.132599	-1.225956	-1.17542	-2.904124	-1.98057	-2.78096	-0.5432442	0.7701045	-0.9567159	0.03826256	-0.4632976	0.07108855	-1.350492	-2.30389	-1.074828	0.5234414	-0.05819831	0.4367011	-1.137562	-2.370483	-0.9773058	-0.01029479	0.09636959	0.02431165	-0.4803881	-1.34147	-0.8097347	0.746671	0.9204406	1.055794	0.1690523	-1.091932	0.5206155	0.4585205	0.510204	0.7425925	-0.1141197	-1.350894	0.2708017	-0.1194256	-0.3225445	-0.1708695	-0.9386026	-1.765358	-0.4360283	-1.244983	-0.8299628	-1.601401	-0.01310395	1.259275	0.1529234	-1.440639	-1.130925	-1.608604	-0.1456426	1.070885	0.1421318	-1.930517	-1.334014	-2.613859	-0.7846926	1.526407	-0.07566766	0.7463096	1.100248	0.9992926	0.2910302	-0.8260859	0.3280114	0.284352	0.09891073	0.4328231	-0.2616284	-1.290217	-0.2230984	-0.4133153	-0.08437762	-0.3066932	-0.5119357	-0.03644571	0.155174	0.05179761	-0.5088704	-0.03029485	-0.6637768	-1.262016	-0.3101034	-0.1186657	-0.6430066	-0.1459577	-0.7127556	-1.72233	-0.4776598	0.990264	0.6038471	0.7363629	0.03729288	-0.4011937	0.2096638
160.15625	0.0564624	-0.3490023	0.3235403	-1.347358	-2.308771	-1.062832	-0.04731603	-0.725575	0.2190321	-1.402285	-2.605899	-1.049312	-0.6463087	-1.526697	-1.059811	-1.238256	-1.94739	-1.86607	0.2946402	-0.9268223	-0.01219716	-1.435441	-1.752239	-1.718151	0.3314349	-0.6686296	0.089465	-1.093905	-1.18634	-1.142486	-2.982153	-1.995361	-2.836489	-0.5902199	0.8207867	-0.8549763	0.3082278	-0.1484597	0.3267974	-1.067862	-2.047643	-0.8769033	0.745311	0.2021315	0.6440696	-0.8938541	-2.107449	-0.7713903	0.2218221	0.4529146	0.2022473	-0.1835586	-1.145939	-0.559688	0.9311783	1.090665	1.176728	0.3551486	-0.9489766	0.6094481	0.7154264	0.7504412	0.9568551	0.084727	-1.241831	0.4238351	-0.004355235	-0.2422389	-0.04165446	-0.9086765	-1.825869	-0.4358894	-1.165641	-0.7121434	-1.47529	0.143683	1.350096	0.2355573	-1.292804	-0.9485543	-1.414492	0.02111523	1.159731	0.2557127	-1.730042	-1.308069	-2.501425	-0.6617365	1.355706	-0.3701009	0.8981684	1.276397	1.140254	0.3692198	-0.8225349	0.384789	0.4744597	0.2751449	0.6590309	-0.2393337	-1.353201	-0.1608339	-0.34269	0.1283601	-0.08430884	-0.3341028	-0.02644034	0.3595963	0.3617737	-0.228771	0.2493285	-0.5974392	-1.253863	-0.2297053	0.05732875	-0.447128	0.07156902	-0.6525809	-1.669695	-0.3746352	1.053459	0.7241581	0.8105717	0.006330818	-0.4800431	0.2561962
162.109375	0.295114	-0.06744391	0.5199131	-1.081373	-2.051525	-0.8176824	0.2283352	-0.3920881	0.4919492	-1.134775	-2.289229	-0.7629535	-0.6900656	-1.612278	-1.119758	-1.144905	-1.800256	-1.868727	0.2503254	-0.9549947	-0.05853836	-1.456344	-1.708763	-1.672435	0.3123271	-0.6711329	0.06935123	-1.07603	-1.151663	-1.124945	-2.960068	-1.986872	-2.85223	-0.562907	0.8037256	-0.8483602	0.5089426	0.0964373	0.5056169	-0.8283456	-1.813703	-0.7174029	0.9517769	0.4389263	0.8119543	-0.6421758	-1.825446	-0.5812022	0.4623905	0.8138965	0.3913917	0.1032383	-0.9231189	-0.2430845	1.094907	1.20807	1.288522	0.516324	-0.8366765	0.6663457	0.9525821	0.9921347	1.146234	0.3030013	-1.110429	0.5752185	0.1173576	-0.1595461	0.115038	-0.9045466	-1.913305	-0.4199436	-1.069809	-0.5565221	-1.310908	0.3153641	1.502798	0.3539705	-1.161606	-0.7703406	-1.225033	0.1780478	1.254143	0.3810229	-1.440062	-1.203721	-2.31982	-0.4096115	1.182285	-0.6353739	1.041066	1.415735	1.270764	0.4359557	-0.7757143	0.4333739	0.6425716	0.4282058	0.8417569	-0.1968863	-1.397441	-0.1078457	-0.2766913	0.3270214	0.1701461	-0.113767	0.1154278	0.6196425	0.6480823	0.0344614	0.5126456	-0.5286207	-1.212596	-0.151566	0.2722063	-0.1927659	0.3157656	-0.5588245	-1.599681	-0.2466224	0.9589805	0.5936437	0.7575883	-0.1841645	-0.648323	0.1554705
164.0625	0.5180556	0.2247321	0.7049014	-0.8013623	-1.758488	-0.5395193	0.511838	-0.04468086	0.7463318	-0.8306562	-1.932859	-0.4581253	-0.7882534	-1.626705	-1.159474	-1.068183	-1.577964	-1.741008	0.2248296	-0.985843	-0.09246597	-1.475971	-1.668147	-1.643174	0.2474	-0.7001804	0.02161244	-1.079382	-1.116491	-1.111919	-2.846318	-1.957729	-2.759057	-0.5124636	0.6978363	-0.9385747	0.7145559	0.3042404	0.6501967	-0.6033779	-1.590845	-0.5758055	1.177616	0.6832314	0.9687294	-0.3570505	-1.521156	-0.3821282	0.6425077	1.077088	0.5760362	0.281119	-0.7032526	0.04327556	1.278701	1.328396	1.43334	0.6762714	-0.7512986	0.7011091	1.161564	1.21999	1.308327	0.5181286	-0.9632946	0.7058973	0.2710154	-0.02369028	0.3165385	-0.8699464	-1.965954	-0.3418534	-0.9625124	-0.3623107	-1.130189	0.4900042	1.720419	0.5148563	-1.046205	-0.5933417	-1.055152	0.3337645	1.363203	0.5148107	-1.226213	-1.14105	-2.220829	-0.187766	1.013399	-0.8284863	1.156011	1.516403	1.369457	0.5000475	-0.6774377	0.4946588	0.7992077	0.5778105	1.000775	-0.1339332	-1.39648	-0.04278651	-0.2012163	0.4853286	0.3762627	0.0910624	0.2959627	0.8416712	0.7414173	0.03262366	0.5822513	-0.5531055	-1.249443	-0.2282965	0.4485668	0.003047697	0.4858256	-0.4726361	-1.533423	-0.1616473	1.029493	0.6773161	0.8936335	-0.3058939	-0.7574137	0.151632
166.015625	0.7347091	0.5244167	0.9001929	-0.5215366	-1.436075	-0.2443957	0.7943212	0.3090456	0.9790076	-0.4879119	-1.556219	-0.1497849	-0.902438	-1.56294	-1.164544	-0.9986151	-1.278924	-1.486695	0.2335538	-1.00121	-0.09637604	-1.477523	-1.649547	-1.636412	0.1593022	-0.737643	-0.03119219	-1.091954	-1.077427	-1.08971	-2.718248	-1.938475	-2.587262	-0.5103657	0.5444819	-1.061961	0.9770831	0.5207511	0.8014956	-0.3487573	-1.340441	-0.4148799	1.439185	0.9619982	1.145052	-0.02854408	-1.190387	-0.1529121	0.7643784	1.219347	0.751515	0.3505819	-0.5142941	0.2170842	1.478717	1.481155	1.596854	0.8382846	-0.6453695	0.7421622	1.342142	1.422732	1.445448	0.7121838	-0.8093575	0.8107221	0.437901	0.1578466	0.5188042	-0.7602991	-1.929295	-0.2054367	-0.8708437	-0.1616275	-0.9588913	0.6387496	1.965647	0.7049525	-0.9345451	-0.4063142	-0.9011174	0.5075099	1.505024	0.6508585	-1.224162	-1.2415	-2.297575	-0.1663672	0.8575352	-0.9747416	1.253334	1.614588	1.438677	0.5740471	-0.5452639	0.5801029	0.9458821	0.718411	1.14448	-0.06550067	-1.350562	0.030681	-0.1404645	0.5849953	0.4478164	0.2779826	0.4330585	0.9550043	1.025662	0.3820013	0.9251139	-0.4476388	-1.204638	-0.1339691	0.6001607	0.1721874	0.6130136	-0.3894758	-1.448227	-0.09877625	0.9027612	0.3730165	0.7221283	-0.5121912	-0.9489214	-0.07485777
167.96875	0.9519139	0.8184434	1.104347	-0.2405453	-1.094806	0.04068796	1.05761	0.6541443	1.188774	-0.1216526	-1.166309	0.1540414	-1.008178	-1.472877	-1.187079	-0.9150283	-0.9438374	-1.211429	0.2561182	-0.9943458	-0.07406002	-1.46134	-1.651706	-1.634724	0.07678821	-0.7692549	-0.07145963	-1.101221	-1.03783	-1.054678	-2.654974	-1.957704	-2.433814	-0.5897345	0.4175053	-1.135413	1.299482	0.7809319	0.9824588	-0.04315069	-1.040643	-0.2105808	1.706458	1.262738	1.334703	0.3237278	-0.8366901	0.09847329	0.8487567	1.282084	0.9025427	0.3875667	-0.367447	0.2687018	1.662707	1.650713	1.730218	0.99714	-0.4864432	0.8095107	1.503836	1.601737	1.564999	0.8854496	-0.6621901	0.9007908	0.5603794	0.3118716	0.640249	-0.58755	-1.798472	-0.06818443	-0.8131037	0.006728138	-0.8097732	0.7491218	2.182483	0.889823	-0.8160185	-0.2011141	-0.7429819	0.7085852	1.689839	0.7867323	-1.411157	-1.488495	-2.491108	-0.3301969	0.7474625	-1.110228	1.363251	1.736439	1.503343	0.668963	-0.41112	0.6714836	1.095965	0.8646718	1.293769	0.005901373	-1.273619	0.1126173	-0.1519676	0.6197003	0.3482283	0.4754989	0.5227852	0.9581334	1.243985	0.6251367	1.167858	-0.3704382	-1.185517	-0.1185511	0.7153316	0.30099	0.7060093	-0.3229169	-1.345729	-0.05697524	1.116085	0.6187165	0.9431625	-0.4402143	-0.9416229	0.02599136
169.921875	1.176746	1.10323	1.30142	0.06906842	-0.7363375	0.3042854	1.298339	0.9827356	1.383686	0.2447796	-0.7656595	0.4545776	-1.082773	-1.399496	-1.267299	-0.7782885	-0.6202743	-1.01216	0.2594616	-0.9695388	-0.04297452	-1.439595	-1.656237	-1.611865	0.01593886	-0.7929725	-0.09856851	-1.10146	-1.003852	-1.016524	-2.686347	-2.031636	-2.381572	-0.7337352	0.3521467	-1.12778	1.603253	1.062964	1.162402	0.2897292	-0.6978737	0.02498621	1.943452	1.555399	1.513689	0.6668039	-0.4800315	0.341856	0.9672006	1.379428	1.068353	0.478475	-0.2659234	0.2883294	1.785885	1.793174	1.78967	1.141624	-0.2757577	0.9091098	1.650104	1.764477	1.66916	1.048172	-0.5225179	0.9955832	0.5781293	0.3642606	0.6216384	-0.4046593	-1.593709	0.01867927	-0.7809806	0.1282355	-0.678896	0.8384427	2.338559	1.038174	-0.6942869	0.01589852	-0.566979	0.9243633	1.909595	0.9261464	-1.637006	-1.741261	-2.646158	-0.48683	0.7284977	-1.237658	1.48661	1.860229	1.578792	0.7745	-0.3004786	0.7372253	1.262465	1.043413	1.46644	0.09207153	-1.177083	0.2131871	-0.2230792	0.6407464	0.1597613	0.7091646	0.6193591	0.9255149	1.344753	0.6634924	1.212043	-0.3429273	-1.170073	-0.207616	0.819042	0.4298019	0.8068206	-0.255311	-1.220956	-0.004908113	1.200801	0.7294229	1.045459	-0.3795552	-0.9492158	0.1019393
171.875	1.409102	1.377363	1.474699	0.42566	-0.3667986	0.545295	1.52335	1.293127	1.566897	0.5954682	-0.3540549	0.7562701	-1.113251	-1.341066	-1.37603	-0.5758849	-0.3365114	-0.8945983	0.2260878	-0.9406165	-0.02483128	-1.424459	-1.642374	-1.557958	-0.02904774	-0.8172601	-0.1277545	-1.09551	-0.9773883	-0.9892175	-2.762909	-2.124031	-2.423342	-0.8773229	0.3366928	-1.067019	1.822926	1.322559	1.305146	0.6024493	-0.3547249	0.2502899	2.12056	1.803198	1.648842	0.9707183	-0.1459039	0.5454556	1.107425	1.551163	1.25358	0.631844	-0.1727321	0.3898931	1.836099	1.881833	1.780792	1.271889	-0.05735822	1.024017	1.78182	1.917295	1.757696	1.208994	-0.3860783	1.100954	0.4903676	0.3081953	0.485756	-0.2672659	-1.351469	0.04331616	-0.749267	0.2249389	-0.5489101	0.933218	2.451502	1.152517	-0.5842925	0.2296598	-0.378973	1.130941	2.143369	1.07819	-1.763465	-1.862959	-2.651661	-0.4505953	0.8288144	-1.319105	1.627466	1.990941	1.694432	0.8929634	-0.1973793	0.7881314	1.427247	1.241964	1.639053	0.1967645	-1.064059	0.330546	-0.320799	0.665238	-0.02394964	0.9475415	0.7775272	0.9371642	1.624069	1.013691	1.445439	-0.1611562	-0.9793079	-0.07991557	0.9616556	0.6365988	0.9755334	-0.1480824	-1.062198	0.1087004	1.021918	0.5093967	0.8862566	-0.4539623	-1.046323	0.04165413
173.828125	1.629286	1.630126	1.614108	0.8031101	0.005532787	0.7682397	1.732701	1.581541	1.732962	0.9163337	0.05399576	1.053258	-1.070609	-1.231899	-1.412102	-0.3090336	-0.08542944	-0.769301	0.1648608	-0.9271559	-0.03103658	-1.419866	-1.608265	-1.490172	-0.07309401	-0.8479173	-0.1713305	-1.089388	-0.9542285	-0.9787616	-2.833588	-2.205563	-2.488154	-0.9754182	0.3138829	-1.023046	1.952974	1.529089	1.398297	0.8633423	-0.05365215	0.4304755	2.240294	1.995266	1.731075	1.227047	0.1493914	0.7028306	1.271299	1.789902	1.47783	0.8065782	-0.04220406	0.6285971	1.840643	1.935767	1.752936	1.401737	0.1239007	1.135659	1.89666	2.056015	1.828227	1.363794	-0.2474987	1.203276	0.370081	0.220273	0.333332	-0.1879383	-1.112621	0.04060975	-0.6940604	0.3389809	-0.4077932	1.05481	2.571156	1.27014	-0.4968689	0.4290132	-0.2019669	1.315991	2.371584	1.248277	-1.771263	-1.834739	-2.537591	-0.2011638	1.033325	-1.306722	1.733526	2.06422	1.79313	0.9974227	-0.09221657	0.8181372	1.567701	1.433263	1.778895	0.3198577	-0.9300828	0.4566949	-0.3918151	0.6688262	-0.1303745	1.12103	0.9673765	1.013988	1.804327	1.281659	1.590695	0.03014125	-0.7433397	0.06977358	1.101993	0.8454437	1.14125	-0.01533829	-0.8958821	0.2424212	0.9678948	0.5487614	0.9027472	-0.4723581	-1.057727	0.1490545
175.78125	1.837001	1.868027	1.734719	1.164796	0.3699044	0.9867969	1.918848	1.848098	1.87081	1.207245	0.4416111	1.334204	-0.970927	-1.048635	-1.317645	-0.05211407	0.1262962	-0.5784869	0.1115586	-0.9225791	-0.05470308	-1.409119	-1.555666	-1.429571	-0.1194458	-0.8763418	-0.222414	-1.084844	-0.9264861	-0.9751684	-2.858966	-2.228275	-2.501519	-0.9956394	0.2812191	-1.024269	2.055205	1.694074	1.466562	1.080322	0.1926992	0.5666813	2.322824	2.144184	1.774453	1.446184	0.4097561	0.8340534	1.470582	2.042877	1.732508	0.9646144	0.1493716	0.9454627	1.847366	2.002694	1.758238	1.544178	0.2591717	1.236252	1.988031	2.164091	1.877392	1.490782	-0.107745	1.279587	0.3162059	0.2023807	0.2657484	-0.1237829	-0.9095579	0.05165303	-0.6173267	0.5013311	-0.2434798	1.189609	2.740677	1.443064	-0.4346366	0.6107177	-0.05792818	1.480358	2.587686	1.432577	-1.769322	-1.777831	-2.445091	0.08440705	1.282944	-1.19369	1.808652	2.114069	1.86261	1.098577	0.03434325	0.8651951	1.677696	1.603177	1.874482	0.4601032	-0.7716788	0.5834804	-0.443891	0.5929247	-0.1796144	1.186347	1.124292	1.119733	1.790769	1.342105	1.588343	0.1642948	-0.5501359	0.1590158	1.227968	1.034262	1.273425	0.1367851	-0.7261999	0.3791071	1.050552	0.7673377	1.029702	-0.4335141	-0.9752687	0.3477384
177.734375	2.004525	2.073188	1.83298	1.453604	0.7099296	1.195466	2.068791	2.094348	1.972558	1.474982	0.7953873	1.589199	-0.8586783	-0.8260369	-1.132402	0.1320067	0.3015106	-0.3447383	0.08834192	-0.9101493	-0.07826516	-1.376367	-1.492514	-1.383654	-0.1552829	-0.8873065	-0.2565347	-1.081632	-0.8944344	-0.9630564	-2.856514	-2.184402	-2.460295	-0.9469563	0.2866131	-1.045693	2.192316	1.850593	1.542978	1.28342	0.4068814	0.6912016	2.38239	2.266846	1.798796	1.640971	0.6509216	0.9642931	1.675759	2.21652	1.944783	1.083677	0.36178	1.186622	1.896088	2.118312	1.815486	1.701429	0.3705842	1.330636	2.054286	2.228922	1.907691	1.570691	0.02362469	1.319236	0.3778646	0.297821	0.3093226	-0.01710145	-0.7687421	0.09365724	-0.5353452	0.7148934	-0.06250234	1.328944	2.967351	1.696532	-0.3802454	0.7863503	0.04751347	1.651665	2.798861	1.620734	-1.892714	-1.855629	-2.504117	0.1814265	1.506922	-1.033108	1.836903	2.125914	1.857964	1.191361	0.1665247	0.9182796	1.758252	1.738178	1.927973	0.6073077	-0.6046106	0.6961793	-0.4830471	0.4644088	-0.1893372	1.189357	1.209936	1.222801	1.781404	1.484373	1.673516	0.3186097	-0.3599158	0.3115982	1.314887	1.169128	1.34343	0.2807904	-0.5623419	0.4911367	0.7460849	0.2434418	0.5819897	-0.6216316	-1.034958	0.1109494
179.6875	2.130053	2.250045	1.901675	1.670064	1.01857	1.390731	2.173299	2.315155	2.038547	1.718838	1.108576	1.811445	-0.7788635	-0.6325227	-0.9762601	0.2500596	0.4733163	-0.1431634	0.08736216	-0.8785	-0.08786141	-1.323677	-1.428662	-1.340479	-0.1598175	-0.8650178	-0.2478751	-1.073844	-0.8625176	-0.9288527	-2.8612	-2.101953	-2.425742	-0.8605762	0.3904973	-1.032692	2.379565	2.024089	1.649286	1.48613	0.6093726	0.8342614	2.419455	2.366982	1.815202	1.811886	0.881303	1.099844	1.84928	2.258463	2.035945	1.171346	0.5143235	1.226846	1.982371	2.271152	1.896173	1.855162	0.4981249	1.429126	2.096255	2.252213	1.923825	1.602614	0.1403188	1.335196	0.5289896	0.4725814	0.4073211	0.1703527	-0.6941771	0.1626481	-0.4707295	0.9421884	0.1132739	1.463145	3.209315	2.000155	-0.3185221	0.9609199	0.1305296	1.840653	3.006135	1.79889	-2.153968	-2.094602	-2.715491	0.0677141	1.689153	-0.8771598	1.849992	2.150964	1.819875	1.295512	0.3013691	0.9862285	1.822976	1.846251	1.961959	0.750578	-0.4534191	0.7905289	-0.5558293	0.3096803	-0.2223887	1.194491	1.256184	1.294503	1.944704	1.900614	1.982309	0.5426009	-0.1288097	0.6001688	1.344059	1.230664	1.340753	0.3906382	-0.4138635	0.5575251	0.998642	0.5464197	0.7886333	-0.4378675	-0.7907168	0.3117954
181.640625	2.190698	2.38327	1.92017	1.818908	1.278219	1.554357	2.234802	2.49843	2.074963	1.929535	1.380322	1.997698	-0.7534345	-0.5141817	-0.9397044	0.3589919	0.6899067	-0.01749163	0.09377254	-0.8236447	-0.07637621	-1.267661	-1.367913	-1.280451	-0.1271499	-0.808022	-0.1915322	-1.055088	-0.836795	-0.8725371	-2.869139	-2.01147	-2.448789	-0.7644917	0.5979603	-0.9596288	2.553195	2.186731	1.75893	1.662297	0.8016568	0.9874758	2.425453	2.431797	1.819952	1.945482	1.089901	1.222017	1.904693	2.138564	1.941979	1.210128	0.534283	1.045464	2.082064	2.416941	1.967094	1.98071	0.6461076	1.525739	2.12363	2.255124	1.934072	1.612021	0.2392261	1.35169	0.6899403	0.6569242	0.4764595	0.4212722	-0.643229	0.2615272	-0.4267575	1.143407	0.2562053	1.611342	3.42322	2.29686	-0.2499336	1.125084	0.2126497	2.028849	3.199641	1.958321	-2.447921	-2.368081	-2.947465	-0.09176915	1.867806	-0.7413054	1.836096	2.160792	1.759502	1.393252	0.4259625	1.039557	1.879964	1.939983	1.998038	0.874531	-0.3379677	0.8725954	-0.6097445	0.2483872	-0.2345578	1.264032	1.346605	1.374164	1.781005	1.69482	1.800606	0.5174181	-0.0981902	0.5170739	1.383768	1.339967	1.371028	0.4955403	-0.2564197	0.6412226	1.193553	0.7507674	0.969461	-0.2327967	-0.5612599	0.4509505
183.59375	2.180873	2.462886	1.878922	1.928152	1.483904	1.671498	2.268139	2.629086	2.088506	2.094284	1.609499	2.143029	-0.7664056	-0.4562628	-1.022282	0.5198074	0.9920681	0.06126866	0.1096942	-0.7512971	-0.04056031	-1.226495	-1.312227	-1.194973	-0.07492463	-0.7328851	-0.1089882	-1.023099	-0.820651	-0.8078291	-2.859405	-1.951921	-2.526268	-0.6913551	0.8193486	-0.8701149	2.625235	2.273725	1.817626	1.760924	0.9576256	1.102536	2.398529	2.446281	1.804131	2.02542	1.250743	1.302441	1.808008	1.903233	1.693859	1.190181	0.4386584	0.7610648	2.165514	2.511606	2.014495	2.059059	0.788633	1.601879	2.148123	2.264652	1.943166	1.63646	0.3285609	1.385878	0.8297733	0.8259101	0.5051709	0.6937302	-0.5698413	0.3904984	-0.3978025	1.294135	0.3533388	1.777982	3.587124	2.539876	-0.1907509	1.262109	0.302342	2.184855	3.368578	2.101297	-2.620252	-2.47428	-3.056201	-0.04651391	2.115628	-0.5828888	1.854416	2.258493	1.780453	1.505477	0.5712085	1.130225	1.92056	2.011348	2.032623	0.9588538	-0.2643337	0.9437889	-0.6395645	0.2389475	-0.257846	1.35089	1.525765	1.462932	1.98151	1.992215	1.979772	0.671401	0.0736993	0.7070273	1.429375	1.489381	1.438925	0.5907367	-0.1015085	0.7442384	0.9701216	0.3487326	0.7201541	-0.2363264	-0.5560847	0.2530744
185.546875	2.125836	2.491871	1.803941	2.015442	1.635922	1.74012	2.284134	2.69539	2.081265	2.200903	1.791631	2.239024	-0.7437409	-0.3740753	-1.108703	0.7627348	1.367832	0.1772196	0.1437845	-0.6876906	0.01019949	-1.21665	-1.271846	-1.106641	-0.03145506	-0.6648931	-0.03468283	-0.9833223	-0.8138174	-0.7546236	-2.812584	-1.934672	-2.59346	-0.6604746	0.9329079	-0.8397114	2.559259	2.241309	1.78517	1.757073	1.055663	1.134529	2.345145	2.406063	1.761959	2.044423	1.342702	1.32459	1.612357	1.648205	1.400744	1.128032	0.3309849	0.5408731	2.21981	2.546206	2.048029	2.089972	0.8970988	1.640766	2.18045	2.295539	1.951958	1.700788	0.4146126	1.430904	0.9586745	1.005316	0.5431662	0.9374393	-0.4204902	0.5572823	-0.3779489	1.405583	0.4233954	1.940838	3.718021	2.731756	-0.1659995	1.354969	0.388958	2.280083	3.508879	2.233855	-2.628653	-2.335938	-3.001833	0.2518746	2.455254	-0.3610039	1.836123	2.323098	1.786868	1.567482	0.7015247	1.198125	1.936824	2.055612	2.053589	0.9979326	-0.2183316	1.005411	-0.5547114	0.333143	-0.1992613	1.425428	1.774628	1.616449	1.989479	1.940267	1.883631	0.717606	0.1416891	0.7277977	1.428322	1.572681	1.467787	0.6497684	0.01660989	0.8143355	0.9275773	0.365306	0.7614943	-0.1069877	-0.4939778	0.2948636
187.5	2.055361	2.469501	1.724675	2.07356	1.743378	1.761026	2.274173	2.69147	2.04638	2.242647	1.922111	2.279047	-0.6547079	-0.2328531	-1.097712	1.027722	1.733192	0.3579468	0.2023721	-0.6509912	0.06354513	-1.233194	-1.25045	-1.045593	-0.009829254	-0.6228124	0.01031633	-0.9477292	-0.817203	-0.7279427	-2.733202	-1.930551	-2.580039	-0.6610161	0.8915353	-0.9034922	2.387704	2.093917	1.659298	1.66579	1.091484	1.073548	2.26681	2.317164	1.689252	2.008715	1.369371	1.294739	1.427821	1.468433	1.176972	1.079782	0.3400903	0.4928079	2.25419	2.545074	2.081565	2.088481	0.9587845	1.640564	2.21782	2.338259	1.954888	1.796322	0.5018855	1.467586	1.123032	1.230953	0.6575648	1.126051	-0.217096	0.7296741	-0.3728399	1.504072	0.4984927	2.052736	3.844446	2.907265	-0.184108	1.404683	0.4493401	2.326978	3.63112	2.36162	-2.539196	-2.033906	-2.862909	0.6626633	2.841786	-0.06842586	1.793977	2.357634	1.759617	1.570068	0.790905	1.235857	1.913764	2.044688	2.029813	0.9929989	-0.186291	1.036969	-0.4126518	0.4188745	-0.1055688	1.434855	1.997558	1.802916	2.051171	2.019119	1.908908	0.8364502	0.2326068	0.8514697	1.378874	1.559003	1.436657	0.6702892	0.08594549	0.8362132	0.7322533	0.220961	0.617264	-0.05906926	-0.5088002	0.2513521
189.453125	2.005846	2.414825	1.668006	2.09936	1.82362	1.750292	2.232478	2.633767	1.985441	2.233038	2.004284	2.270538	-0.4904024	-0.0418029	-0.9544517	1.256914	1.99295	0.5705078	0.2576215	-0.6572406	0.1026448	-1.264582	-1.250807	-1.033513	0.002970383	-0.6103002	0.02929101	-0.9307784	-0.8351233	-0.7322632	-2.651459	-1.898007	-2.470775	-0.6628292	0.7533795	-1.023908	2.20122	1.899978	1.491398	1.541966	1.084834	0.961089	2.166306	2.196201	1.593072	1.931561	1.351306	1.234503	1.368763	1.428911	1.093038	1.112001	0.5190219	0.6120073	2.284554	2.539747	2.110983	2.079108	0.9829552	1.613306	2.253525	2.372519	1.951522	1.88965	0.5836643	1.480464	1.309429	1.489386	0.8405131	1.247314	-0.0130481	0.8775259	-0.3958385	1.599554	0.5913746	2.074855	3.969894	3.087344	-0.2338068	1.425661	0.4679684	2.361912	3.747063	2.484902	-2.481454	-1.753868	-2.762127	0.9612423	3.19873	0.2584761	1.720203	2.32254	1.663039	1.505557	0.7981179	1.206825	1.860759	1.984504	1.959128	0.9664941	-0.1607446	1.025918	-0.302723	0.4430433	-0.0300298	1.393159	2.125678	1.97763	1.983384	1.960422	1.864638	0.9111676	0.2656645	0.9121415	1.389564	1.605592	1.464945	0.706787	0.1469413	0.8896802	0.7473047	0.4335868	0.6705734	0.1272645	-0.3731366	0.4116535
191.40625	1.965295	2.325603	1.61798	2.075478	1.878199	1.708701	2.154062	2.539025	1.904938	2.184422	2.039092	2.224955	-0.3093277	0.1160018	-0.7500893	1.404158	2.08932	0.7331632	0.2789013	-0.6877854	0.1237173	-1.28577	-1.258173	-1.057277	0.03443168	-0.6151907	0.04344109	-0.9392603	-0.8709216	-0.7590678	-2.57747	-1.799438	-2.304588	-0.6238545	0.6368779	-1.11422	2.055543	1.720151	1.33437	1.426885	1.055621	0.8486151	2.036546	2.052864	1.481045	1.821855	1.310622	1.16191	1.415668	1.483333	1.102485	1.212911	0.7893419	0.7889574	2.318985	2.541402	2.119935	2.07796	0.9868357	1.574184	2.279403	2.385137	1.948009	1.945937	0.6551452	1.476306	1.463121	1.717015	1.01947	1.306216	0.1027942	0.9701661	-0.4448908	1.678481	0.6782343	2.020239	4.066233	3.251856	-0.29328	1.431932	0.4495655	2.409717	3.852427	2.596002	-2.522134	-1.61344	-2.742752	1.057819	3.486299	0.585533	1.612839	2.19707	1.505066	1.386979	0.7178025	1.092729	1.798161	1.900053	1.860538	0.9426631	-0.1447385	0.9715044	-0.2263269	0.5180892	0.07842694	1.36901	2.174719	2.154145	1.788226	1.728032	1.704058	0.9015641	0.2391202	0.8550423	1.342456	1.519638	1.403517	0.6767691	0.1377906	0.8554736	0.5477804	0.2302207	0.3743691	0.1950769	-0.2580431	0.3494495
193.359375	1.914824	2.21794	1.562371	2.00859	1.898263	1.646763	2.050183	2.422305	1.817418	2.106455	2.024554	2.153622	-0.1951925	0.1631281	-0.5825351	1.45039	2.043156	0.8031684	0.2517425	-0.7146277	0.1349129	-1.283553	-1.262271	-1.089424	0.09994947	-0.6198886	0.0709732	-0.9669781	-0.9216932	-0.7935774	-2.497545	-1.650386	-2.149166	-0.5331984	0.6074227	-1.125066	1.965636	1.592208	1.235818	1.332808	1.007731	0.7697911	1.883999	1.895891	1.369827	1.683887	1.251749	1.082059	1.425426	1.503353	1.084641	1.293589	1.012958	0.8998848	2.348352	2.538002	2.097464	2.084286	0.9809737	1.531424	2.297662	2.38304	1.955958	1.95591	0.7127461	1.473882	1.506527	1.838412	1.104427	1.309649	0.1010571	1.020831	-0.4966879	1.718026	0.7064915	1.964444	4.109007	3.358006	-0.3405745	1.434157	0.4177875	2.469207	3.930815	2.687738	-2.631208	-1.584526	-2.732126	1.038163	3.72983	0.912801	1.502367	2.03397	1.363354	1.25406	0.6017663	0.9381244	1.731645	1.806302	1.747077	0.9276056	-0.1468159	0.8823797	-0.267514	0.5449781	0.09835526	1.315793	2.17245	2.237983	1.753324	1.724689	1.708537	0.9272391	0.2720939	0.875606	1.298705	1.42383	1.339902	0.6133161	0.09248547	0.7966346	0.5307864	0.2396794	0.2492864	0.3679695	0.02245339	0.4182808
195.3125	1.817051	2.089372	1.484436	1.893113	1.862763	1.562247	1.943975	2.294719	1.732659	2.007142	1.961346	2.062292	-0.1730649	0.1142788	-0.4897615	1.41666	1.940982	0.815894	0.2039825	-0.7127989	0.1557423	-1.261051	-1.264171	-1.110952	0.1870832	-0.6130167	0.1130173	-0.9970065	-0.9782067	-0.8219954	-2.368363	-1.4936	-2.038867	-0.4135711	0.6331022	-1.079825	1.898292	1.503024	1.200476	1.242083	0.9375443	0.7205241	1.728253	1.732027	1.277609	1.518645	1.159324	0.987316	1.255517	1.384601	0.9553784	1.252838	1.07723	0.8860944	2.366953	2.512639	2.058808	2.085388	0.9598313	1.476542	2.317781	2.386363	1.980346	1.942216	0.7606253	1.486374	1.432758	1.839184	1.076607	1.283245	0.02138514	1.056136	-0.5173045	1.713921	0.6483875	1.987285	4.102376	3.383572	-0.3699522	1.431909	0.4018895	2.507052	3.965563	2.754441	-2.716316	-1.529054	-2.631142	1.091183	4.000511	1.272231	1.407454	1.899916	1.294999	1.139577	0.5268932	0.8145255	1.657164	1.704276	1.628404	0.9062874	-0.1735521	0.774821	-0.2560197	0.6978604	0.1906782	1.250351	2.192313	2.309052	1.68841	1.598372	1.59425	0.8554209	0.2549789	0.7823341	1.23464	1.306181	1.261439	0.5134503	0.01546415	0.7121757	0.2554525	-0.2324827	-0.2128337	0.3632997	0.2197973	0.2187191
197.265625	1.675876	1.955462	1.396785	1.748987	1.773188	1.46566	1.838852	2.149622	1.641682	1.878817	1.851361	1.942617	-0.1769537	0.0825283	-0.4193177	1.364018	1.883594	0.8546603	0.1918762	-0.6768167	0.2034426	-1.237066	-1.279661	-1.127573	0.2603116	-0.5994604	0.1506725	-1.015097	-1.032403	-0.8419503	-2.172092	-1.378321	-1.960395	-0.3189236	0.6200023	-1.058964	1.800685	1.407169	1.189496	1.130065	0.848784	0.6717771	1.581235	1.560705	1.204209	1.331771	1.025891	0.8709046	0.9204124	1.137693	0.7446488	1.080375	0.9797119	0.7772956	2.371514	2.456814	2.027201	2.066557	0.9202101	1.401502	2.345895	2.406506	2.011149	1.93511	0.8016393	1.506153	1.286517	1.762013	0.9820311	1.25094	-0.006479417	1.111119	-0.4897897	1.693058	0.5280544	2.118528	4.091537	3.356755	-0.3955096	1.417832	0.4135002	2.488899	3.963807	2.796445	-2.740553	-1.359546	-2.413254	1.275576	4.33578	1.674715	1.323455	1.808167	1.277184	1.045358	0.5181764	0.7499951	1.572856	1.597962	1.517096	0.8615889	-0.2191837	0.6729977	-0.1347301	0.9151893	0.3683784	1.138338	2.220174	2.36779	1.704095	1.557834	1.535132	0.7715517	0.2262825	0.7152987	1.165331	1.205545	1.194751	0.4070399	-0.06574863	0.637265	0.2523526	-0.2488188	-0.3066566	0.4804181	0.5336958	0.2424793
199.21875	1.525717	1.829976	1.316525	1.596319	1.645534	1.361875	1.721017	1.980138	1.527528	1.71634	1.710998	1.789364	-0.166456	0.1237374	-0.3249882	1.290247	1.891148	0.9285179	0.2503092	-0.6347643	0.2718873	-1.239975	-1.333138	-1.168152	0.2909064	-0.5927507	0.1644171	-1.018003	-1.082225	-0.8612313	-1.947043	-1.332212	-1.873156	-0.3071251	0.4970024	-1.125155	1.674656	1.289381	1.172662	0.9958565	0.7531499	0.6045719	1.459719	1.390766	1.147502	1.135735	0.8574843	0.7383205	0.5595707	0.8657616	0.5416815	0.8749799	0.8232851	0.6462617	2.366389	2.375828	2.013394	2.021888	0.865485	1.305538	2.369186	2.429933	2.021809	1.946211	0.8414643	1.513746	1.163068	1.683161	0.9029728	1.250883	0.1048862	1.17737	-0.4332685	1.688521	0.4165604	2.297957	4.11913	3.331764	-0.4349598	1.384414	0.4386381	2.41265	3.949223	2.81454	-2.717219	-1.083975	-2.153933	1.538059	4.712234	2.091684	1.231913	1.744273	1.251887	0.9593403	0.5514082	0.7331475	1.474492	1.477309	1.411765	0.7834688	-0.2752753	0.5843936	0.130987	1.206124	0.6699202	1.033075	2.237958	2.462156	1.693511	1.499013	1.476862	0.6581362	0.1449138	0.6466395	1.108295	1.143516	1.152675	0.32177	-0.1302605	0.5941055	0.006810663	-0.601284	-0.6582448	0.4086735	0.6711037	0.0207026
201.171875	1.416784	1.734505	1.252129	1.474835	1.522016	1.261847	1.582328	1.796024	1.386549	1.533832	1.566581	1.614085	-0.1207701	0.2334116	-0.2006161	1.214683	1.937827	0.9938036	0.3613718	-0.6311571	0.3315369	-1.29079	-1.439452	-1.255512	0.2735676	-0.6095235	0.145631	-1.018704	-1.134293	-0.893868	-1.768515	-1.346298	-1.756996	-0.4012262	0.2822611	-1.268334	1.550316	1.161306	1.134407	0.8553205	0.6628602	0.5206161	1.347695	1.216888	1.083338	0.9400753	0.6833151	0.6043614	0.3673151	0.708858	0.4453439	0.7770891	0.7272227	0.5592018	2.346876	2.27738	1.995965	1.964209	0.8173555	1.206134	2.36761	2.428332	1.991385	1.962775	0.8766168	1.492681	1.106421	1.649831	0.8703693	1.303207	0.3736033	1.236782	-0.3844752	1.71744	0.3760423	2.436731	4.194242	3.346224	-0.4956295	1.330357	0.4432236	2.317702	3.948483	2.812312	-2.710639	-0.8218035	-1.971508	1.726915	5.036609	2.442088	1.088422	1.62794	1.136871	0.8451152	0.549579	0.6918223	1.367928	1.341197	1.311247	0.6784654	-0.337706	0.5036592	0.4290071	1.476882	0.9918686	0.9890751	2.209965	2.563173	1.584178	1.363121	1.392075	0.5061739	0.01183845	0.5596218	1.005013	1.004175	1.046821	0.2217598	-0.209779	0.5178723	-0.1833981	-0.7880766	-0.874652	0.332359	0.7541826	-0.1677461
203.125	1.354976	1.660466	1.184953	1.391214	1.42543	1.159125	1.426039	1.612796	1.235012	1.349146	1.437333	1.438546	-0.07923588	0.3272834	-0.09735984	1.148705	1.964104	0.9836618	0.4698135	-0.690828	0.3502792	-1.386415	-1.586895	-1.381757	0.2302186	-0.6540091	0.1025272	-1.033013	-1.192199	-0.9471565	-1.684086	-1.384784	-1.6255	-0.5707254	0.05701108	-1.413128	1.457087	1.037395	1.077109	0.7198457	0.5729316	0.4303309	1.232294	1.041232	1.001945	0.7512809	0.529422	0.4872389	0.3730032	0.6877103	0.4333023	0.8341888	0.7528859	0.5280798	2.296136	2.162219	1.939402	1.906379	0.7967575	1.123243	2.318784	2.376905	1.914967	1.956218	0.9074432	1.449246	1.126693	1.683569	0.8800302	1.418437	0.6952804	1.278298	-0.3801193	1.749455	0.4041848	2.467568	4.270828	3.377517	-0.577678	1.252155	0.3995149	2.235113	3.96219	2.79152	-2.725399	-0.6488881	-1.900737	1.795809	5.23025	2.669888	0.9197674	1.479463	0.9776999	0.7081227	0.4738569	0.6098481	1.248904	1.180401	1.200309	0.5572668	-0.4105909	0.4122427	0.6529665	1.712619	1.253355	1.050899	2.156713	2.651487	1.438496	1.246953	1.337669	0.3597993	-0.1062229	0.5041929	0.909999	0.8669224	0.9386891	0.1237971	-0.290361	0.445093	-0.1730423	-0.6087515	-0.8000124	0.3632174	0.8711448	-0.1700866
205.078125	1.312231	1.58413	1.092045	1.333687	1.353609	1.042396	1.268664	1.441764	1.097656	1.175889	1.323521	1.280723	-0.09178942	0.3325675	-0.06595559	1.10603	1.936665	0.8876603	0.5232405	-0.8007715	0.3149214	-1.499418	-1.74051	-1.509502	0.1813013	-0.7256638	0.04665134	-1.073159	-1.255419	-1.018479	-1.684576	-1.427383	-1.519581	-0.7567198	-0.1167724	-1.489299	1.398222	0.9220571	1.015437	0.5905345	0.4662724	0.3445171	1.09988	0.864158	0.9030718	0.5698016	0.4030271	0.394166	0.4566441	0.7240262	0.4200886	0.9679331	0.8677435	0.5324865	2.203432	2.031273	1.830423	1.855432	0.8032007	1.066155	2.225194	2.278239	1.814656	1.913763	0.93019	1.402843	1.189537	1.780679	0.9055899	1.582568	0.9511709	1.329873	-0.4363419	1.725148	0.4372704	2.382761	4.283736	3.362636	-0.6714858	1.151225	0.3051068	2.169783	3.964878	2.75447	-2.732141	-0.5701547	-1.87945	1.786144	5.274796	2.768212	0.7359444	1.291258	0.8082777	0.5494212	0.3290648	0.4838542	1.142812	1.033757	1.096653	0.4468018	-0.4926551	0.3144167	0.7549817	1.925406	1.411431	1.185786	2.125002	2.707114	1.269662	1.103648	1.262056	0.2024261	-0.1968198	0.4388096	0.8074564	0.7113511	0.8150272	0.002017227	-0.3890111	0.3558447	-0.003956523	-0.1666171	-0.4968952	0.4948283	1.061303	0.03480603
207.03125	1.22786	1.462408	0.9572977	1.257547	1.283033	0.8990268	1.141849	1.297987	0.9974496	1.030425	1.215628	1.151558	-0.1735752	0.2473967	-0.1077889	1.081439	1.859419	0.7623172	0.5054371	-0.9233212	0.2361266	-1.597239	-1.863812	-1.603816	0.1313802	-0.815719	-0.01679724	-1.136127	-1.313824	-1.093876	-1.694609	-1.455954	-1.466812	-0.8910502	-0.226359	-1.482162	1.35819	0.8097798	0.9660517	0.4639384	0.3301113	0.2661201	0.9609311	0.6980385	0.8067194	0.3997773	0.290305	0.3210034	0.4041579	0.6757357	0.3046073	1.019191	0.974702	0.5317649	2.073257	1.891053	1.689209	1.798978	0.8225815	1.028409	2.109996	2.159696	1.720526	1.8486	0.945154	1.371072	1.270746	1.932393	0.9481423	1.768787	1.077131	1.429429	-0.5327107	1.612132	0.4112193	2.234273	4.196805	3.256707	-0.7675034	1.033662	0.1911492	2.088307	3.923422	2.70427	-2.700693	-0.5306092	-1.81069	1.765613	5.22423	2.781021	0.5882692	1.120945	0.6927267	0.3981789	0.1652396	0.3608194	1.038897	0.8837367	0.980979	0.3457832	-0.586405	0.2003549	0.7149385	2.026734	1.391594	1.288851	2.136111	2.669849	1.102071	0.9061275	1.130634	0.02418303	-0.2694198	0.3420958	0.6649917	0.4985777	0.6474983	-0.1625124	-0.5163246	0.22787	-0.2980205	-0.4954368	-0.7725143	0.3783797	1.09626	-0.06917483
208.984375	1.078656	1.284694	0.7988834	1.136343	1.199462	0.7390431	1.040953	1.168316	0.9208626	0.9033493	1.099336	1.036591	-0.2705535	0.150608	-0.1560416	1.047926	1.743821	0.6736972	0.4399099	-1.02543	0.1373018	-1.661615	-1.93947	-1.660021	0.06608349	-0.9167278	-0.09114546	-1.209129	-1.359485	-1.15808	-1.653503	-1.478382	-1.465805	-0.9423634	-0.3064168	-1.443789	1.293615	0.6790136	0.9160519	0.3357896	0.1773416	0.1878846	0.8263986	0.5500938	0.7249723	0.2476481	0.1760192	0.2545829	0.1422974	0.4986403	0.1027492	0.9026956	0.9972622	0.5157023	1.930994	1.759058	1.556612	1.717992	0.8364259	0.998511	2.005806	2.056084	1.651219	1.791731	0.9539335	1.35378	1.366205	2.123792	1.029212	1.951302	1.117989	1.600536	-0.639765	1.42467	0.316151	2.071266	4.02778	3.069726	-0.8553818	0.9159494	0.1027537	1.959289	3.827917	2.647226	-2.634386	-0.4702863	-1.655041	1.766927	5.171518	2.776637	0.5107346	1.008019	0.639881	0.2832642	0.02955131	0.2755689	0.945787	0.7502356	0.8707312	0.2568954	-0.6811004	0.09236771	0.6444521	2.089439	1.305725	1.334568	2.223696	2.603066	1.138975	0.9698507	1.192672	-0.05724581	-0.263224	0.3924346	0.5854802	0.4054671	0.5735689	-0.2917248	-0.6079605	0.1635655	-0.5225506	-0.7061121	-0.9699748	0.3332689	1.249144	0.003053201
210.9375	0.8734019	1.060162	0.6394332	0.961464	1.102472	0.5772307	0.9473864	1.042619	0.8412708	0.7891663	0.9770806	0.9223984	-0.3133225	0.1370346	-0.1420642	0.9988357	1.627686	0.657151	0.3687512	-1.095955	0.03887524	-1.693505	-1.973648	-1.701873	-0.02681679	-1.018565	-0.1791746	-1.275677	-1.389644	-1.199796	-1.559693	-1.486008	-1.492875	-0.9110039	-0.3558547	-1.428622	1.176075	0.5241649	0.8402386	0.2150524	0.0483151	0.1064323	0.7125683	0.4269643	0.6627225	0.1212042	0.05710296	0.1850701	-0.2499431	0.2386328	-0.105774	0.6609429	0.932822	0.4886269	1.818202	1.652375	1.467215	1.600794	0.8213952	0.9587911	1.930196	1.984	1.600793	1.761398	0.9607306	1.337005	1.470991	2.315425	1.151094	2.103542	1.170871	1.81358	-0.7269212	1.223229	0.2111448	1.914397	3.823659	2.859269	-0.9298577	0.8128495	0.06768754	1.77767	3.695955	2.588341	-2.57092	-0.3816152	-1.464619	1.751864	5.178298	2.790119	0.4801424	0.9158176	0.5786753	0.2073005	-0.07817324	0.1975174	0.8597803	0.6300505	0.7726692	0.1727731	-0.7634159	0.004168013	0.5771598	2.08247	1.18109	1.329181	2.356988	2.528526	0.9881563	0.7000403	0.9996883	-0.2442626	-0.3716053	0.2691453	0.4871276	0.2918848	0.4818444	-0.4101388	-0.6861101	0.09078423	-0.8182201	-0.9999709	-1.267923	0.2730099	1.424395	0.06311802
212.890625	0.6524882	0.8227511	0.4916326	0.7605397	1.012948	0.4292117	0.8337334	0.9110837	0.7352377	0.6816659	0.8610542	0.8035309	-0.2826626	0.2286595	-0.05563308	0.9286943	1.51982	0.6805043	0.3072215	-1.162194	-0.05942578	-1.718385	-1.995399	-1.765477	-0.1423206	-1.112614	-0.2723393	-1.326879	-1.412502	-1.218489	-1.511634	-1.502116	-1.538473	-0.8485318	-0.353272	-1.456461	1.030387	0.3746194	0.7358007	0.1199105	-0.02676447	0.02543827	0.6156392	0.3179524	0.6027191	0.01885093	-0.05246109	0.109148	-0.5652715	0.02197881	-0.205292	0.4316531	0.8327843	0.4665586	1.754607	1.572925	1.419535	1.457538	0.7711622	0.8996127	1.880983	1.936654	1.550859	1.75217	0.964792	1.306031	1.563603	2.454978	1.274493	2.205582	1.299604	2.009367	-0.7842129	1.0657	0.1723627	1.747971	3.627464	2.686286	-0.9907324	0.7272307	0.07277232	1.575729	3.559638	2.527786	-2.565965	-0.3227294	-1.332227	1.62641	5.230535	2.799173	0.4733894	0.8316394	0.4868927	0.1616496	-0.1830599	0.09895355	0.7601334	0.4969151	0.6695811	0.07952432	-0.8274986	-0.07122154	0.5196656	2.027141	1.046528	1.335482	2.508147	2.485265	0.8326591	0.4717678	0.8360232	-0.3909051	-0.4856446	0.1788817	0.3806108	0.1628881	0.3728291	-0.4993494	-0.7386305	0.0151561	-0.8223524	-0.77746	-1.200477	0.3887295	1.701365	0.3442059
214.84375	0.4579338	0.6128405	0.3536629	0.5788623	0.9494146	0.3048114	0.6918762	0.7721472	0.6022183	0.5830798	0.7651953	0.6857327	-0.2504278	0.3458055	0.03021369	0.83189	1.41729	0.680877	0.2493543	-1.244736	-0.1596653	-1.75639	-2.023825	-1.854119	-0.2596672	-1.192725	-0.3572583	-1.3638	-1.437006	-1.22226	-1.600674	-1.529989	-1.601611	-0.7950548	-0.2563837	-1.481719	0.8929993	0.2534531	0.605065	0.06213354	-0.0436271	-0.05280447	0.5233511	0.2082628	0.5254419	-0.06977071	-0.1389119	0.03203016	-0.7037151	-0.09518623	-0.191327	0.3231496	0.7828472	0.4555344	1.727194	1.505662	1.387045	1.320208	0.6971697	0.8229873	1.835233	1.889867	1.484044	1.732551	0.9647772	1.260386	1.62239	2.505044	1.345793	2.245905	1.47379	2.129148	-0.8074601	0.9773035	0.2273677	1.573592	3.4529	2.57528	-1.03731	0.6509194	0.07890968	1.400201	3.436458	2.460983	-2.592782	-0.3171308	-1.290601	1.387337	5.257246	2.755614	0.4595207	0.7514395	0.3723875	0.1257387	-0.3036397	-0.02923286	0.6508113	0.3649316	0.5700076	-0.02132503	-0.8676029	-0.1328448	0.4656196	1.99064	0.9441465	1.393147	2.652436	2.508717	0.7370046	0.4354863	0.7982956	-0.4395256	-0.5355728	0.1902054	0.289287	0.05262552	0.2726165	-0.5534104	-0.7603094	-0.04388171	-0.7290297	-0.3831649	-1.014597	0.5521967	1.93118	0.6057031
216.796875	0.2998576	0.4426607	0.2078284	0.4476402	0.9135616	0.2010659	0.5368663	0.6294239	0.4633055	0.4946817	0.6922302	0.5794527	-0.2861457	0.3975666	0.01529244	0.7474027	1.317905	0.6281362	0.1624226	-1.354619	-0.257516	-1.822784	-2.069574	-1.94142	-0.3595164	-1.260234	-0.4265092	-1.394527	-1.466289	-1.223278	-1.827556	-1.556729	-1.677362	-0.7599499	-0.06946641	-1.44069	0.8106744	0.1843037	0.4799461	0.04764712	-0.03193011	-0.1209834	0.4192738	0.08549175	0.4191384	-0.156524	-0.1994885	-0.03814915	-0.7086377	-0.1235751	-0.1329127	0.3477027	0.8376234	0.4664629	1.701609	1.429137	1.342568	1.220267	0.6184294	0.732856	1.768669	1.821089	1.39832	1.672633	0.9557167	1.210461	1.638783	2.472858	1.345718	2.209745	1.59819	2.161692	-0.8077307	0.9290498	0.3310012	1.404516	3.283413	2.502683	-1.080768	0.5592353	0.04056519	1.265611	3.32012	2.374689	-2.594077	-0.3639592	-1.295813	1.073614	5.16912	2.605757	0.3959919	0.633683	0.2385617	0.05635463	-0.4434092	-0.1812626	0.5268345	0.2255543	0.4558619	-0.1309361	-0.8893954	-0.1992391	0.3501562	1.904213	0.8132043	1.45039	2.759633	2.538723	0.450144	0.1610361	0.5389419	-0.5506602	-0.6138359	0.04893863	0.1891696	-0.06778531	0.1651578	-0.6060579	-0.7741814	-0.09972006	-0.7126691	-0.1380088	-0.9249353	0.6547511	2.051623	0.7065801
218.75	0.1472702	0.2879681	0.04006069	0.3533809	0.8921658	0.1101643	0.3997191	0.4917933	0.3439499	0.4193446	0.6344908	0.489151	-0.4220094	0.3191593	-0.1555886	0.6781873	1.199756	0.5188807	0.02748042	-1.467218	-0.3349663	-1.906922	-2.116533	-1.982872	-0.4409913	-1.324854	-0.489308	-1.427589	-1.493471	-1.231413	-2.092786	-1.563339	-1.750935	-0.7274813	0.1387454	-1.314241	0.7789677	0.1465317	0.3732262	0.06025231	-0.03116748	-0.1809703	0.3013289	-0.04476792	0.2932749	-0.2418763	-0.2436438	-0.09367204	-0.7337664	-0.1277317	-0.1263473	0.4274261	0.9932312	0.5061138	1.642313	1.335432	1.276582	1.17462	0.5673997	0.6491387	1.671748	1.723252	1.30619	1.567733	0.9318653	1.168103	1.62806	2.393195	1.305961	2.085443	1.594738	2.137353	-0.8035321	0.8708439	0.4052333	1.255253	3.097948	2.428802	-1.127223	0.4407131	-0.05166128	1.156486	3.191154	2.259808	-2.516212	-0.4257483	-1.267573	0.7613966	4.934466	2.341314	0.3131382	0.5239561	0.1390115	-0.03476248	-0.5676867	-0.2963971	0.4067757	0.09939164	0.3354636	-0.235614	-0.8952991	-0.2693923	0.214644	1.839025	0.7207075	1.492235	2.852436	2.589343	0.2866422	0.1002385	0.4093297	-0.570303	-0.5832143	-0.001170624	0.09412045	-0.163079	0.08340691	-0.6614617	-0.7797652	-0.129948	-0.5802379	0.2452709	-0.6840692	0.8051966	2.227148	0.8946083
220.703125	0.002550931	0.1494377	-0.1248684	0.2941255	0.8828206	0.04797325	0.2853055	0.352315	0.2427746	0.3429985	0.5805834	0.402765	-0.5620473	0.1635109	-0.4150794	0.6614998	1.057276	0.3910057	-0.148504	-1.548273	-0.3787	-1.982755	-2.13942	-1.957606	-0.5217559	-1.400265	-0.5649784	-1.467356	-1.509272	-1.249837	-2.279398	-1.557495	-1.795952	-0.6930671	0.2599244	-1.163848	0.7591185	0.1059436	0.282804	0.07608096	-0.05981642	-0.2322686	0.1791578	-0.164055	0.1691869	-0.3118573	-0.2756446	-0.128894	-0.8874667	-0.1475087	-0.2040458	0.481143	1.201789	0.5835939	1.550311	1.241337	1.20303	1.180309	0.5574396	0.589698	1.552679	1.604772	1.221893	1.440703	0.8911055	1.133441	1.601213	2.292363	1.269689	1.879647	1.479161	2.10265	-0.8077353	0.7815627	0.4079545	1.130177	2.895544	2.336949	-1.176477	0.3047781	-0.1665645	1.040978	3.038104	2.115565	-2.371208	-0.4772497	-1.176509	0.504311	4.600792	2.00219	0.2358141	0.4301761	0.08176722	-0.1187578	-0.6504071	-0.3496879	0.2941937	-0.0225721	0.2032523	-0.3279481	-0.8897825	-0.345834	0.08779316	1.774368	0.6713913	1.520069	2.943866	2.627747	0.1921722	0.1060614	0.3196496	-0.55983	-0.505118	-0.0263962	-0.03955357	-0.3059133	-0.02700274	-0.7422611	-0.7973199	-0.1763324	-0.8438296	-0.09055925	-0.9612134	0.7099661	2.288058	0.7656311
222.65625	-0.1597949	-0.0006739955	-0.2763427	0.2278891	0.8818404	0.01145015	0.183509	0.2089814	0.1436424	0.2596654	0.530055	0.3120147	-0.5937173	0.01869573	-0.6396722	0.704038	0.8940247	0.2719195	-0.3339775	-1.582865	-0.3983864	-2.0216	-2.119754	-1.885245	-0.6173832	-1.490186	-0.6655482	-1.509929	-1.507095	-1.273405	-2.333204	-1.545542	-1.808116	-0.6610621	0.2580466	-1.076847	0.6855929	0.02090273	0.1773611	0.06617463	-0.1043544	-0.2776605	0.06180279	-0.2602282	0.06088134	-0.3524096	-0.2883761	-0.1454572	-1.140913	-0.1788264	-0.3162498	0.4703552	1.374029	0.6804636	1.452187	1.170376	1.138174	1.213539	0.5770384	0.5637571	1.426454	1.481667	1.148953	1.325985	0.8442256	1.100243	1.553801	2.172442	1.250666	1.629717	1.341445	2.079748	-0.8341985	0.6697723	0.3558306	1.000412	2.690788	2.234733	-1.217685	0.1798789	-0.2548107	0.9036953	2.867165	1.952585	-2.222068	-0.5051004	-1.052148	0.3315057	4.284131	1.677536	0.2086102	0.3905733	0.08765397	-0.1417688	-0.6812646	-0.3396559	0.1977963	-0.129782	0.07719646	-0.3936085	-0.8675901	-0.4125587	-0.03933294	1.679551	0.61318	1.575644	3.053743	2.634896	0.07993113	0.00474017	0.16408	-0.5747539	-0.458318	-0.1066781	-0.08779576	-0.3116019	-0.03335793	-0.7593465	-0.7631529	-0.1458913	-0.6571586	0.2403077	-0.6843874	0.8464741	2.598894	1.080826
224.609375	-0.323776	-0.1487474	-0.3978715	0.1543937	0.9009469	0.002943472	0.06974826	0.05811442	0.02506193	0.1693449	0.4889443	0.216543	-0.4691761	-0.03917379	-0.7069943	0.7865365	0.7392818	0.1911175	-0.4823901	-1.579743	-0.4250858	-2.002819	-2.053702	-1.807563	-0.7259446	-1.584803	-0.7821029	-1.548032	-1.491052	-1.292481	-2.333234	-1.580641	-1.825461	-0.6687601	0.1648731	-1.119315	0.5189991	-0.1256572	0.02544181	0.01760258	-0.1298858	-0.3172489	-0.05095678	-0.3400313	-0.03615688	-0.3630889	-0.2692835	-0.1523517	-1.366942	-0.2078847	-0.3980576	0.4083231	1.436852	0.7523249	1.379825	1.134579	1.086252	1.24848	0.5946385	0.5604241	1.313063	1.369305	1.085672	1.248358	0.8013152	1.058972	1.449659	2.017625	1.207783	1.389591	1.301093	2.065104	-0.8753034	0.575606	0.3007541	0.860136	2.512379	2.145339	-1.242654	0.08496535	-0.292642	0.7511011	2.693972	1.782896	-2.146543	-0.5239105	-0.94425	0.2129455	4.071826	1.445586	0.2057877	0.3584381	0.1137549	-0.1030095	-0.6857615	-0.3284175	0.1017461	-0.2396448	-0.04632734	-0.4353681	-0.8314747	-0.4692	-0.1576937	1.523016	0.4741435	1.696265	3.166933	2.57663	0.1368444	0.1183981	0.2003176	-0.4929087	-0.3696135	-0.05270036	-0.2020467	-0.4495946	-0.1525934	-0.7930826	-0.7483168	-0.1973714	-0.9228622	-0.2312085	-0.9882941	0.6631915	2.625464	0.9551339
226.5625	-0.4905497	-0.2938036	-0.5052642	0.07414193	0.9343568	-0.001188784	-0.07020073	-0.09838971	-0.1165894	0.07982484	0.4603332	0.1280718	-0.2740134	-0.02571725	-0.6091301	0.8384712	0.6161509	0.1470695	-0.5561137	-1.562761	-0.4888977	-1.925732	-1.953518	-1.758871	-0.8224738	-1.659376	-0.8858096	-1.571554	-1.468292	-1.298484	-2.40916	-1.701977	-1.91538	-0.7404591	0.07287046	-1.271734	0.3020837	-0.2919906	-0.1539992	-0.04967221	-0.1140793	-0.3409877	-0.1676981	-0.4287194	-0.1413531	-0.3638845	-0.2217914	-0.1666576	-1.447433	-0.2460448	-0.4256894	0.3172946	1.360217	0.7492288	1.339088	1.11655	1.036211	1.26351	0.5758245	0.5501218	1.220018	1.273756	1.026612	1.203297	0.7718527	1.009016	1.30163	1.849768	1.119269	1.212486	1.380725	2.030713	-0.9188702	0.5238289	0.280894	0.7174138	2.382421	2.082183	-1.245191	0.02420297	-0.2925739	0.6117015	2.534908	1.620226	-2.159355	-0.5342538	-0.8676457	0.1161584	3.98348	1.345445	0.2322092	0.3708003	0.1902005	-0.02025328	-0.6768506	-0.3192194	0.002865551	-0.3388348	-0.1535604	-0.4569727	-0.7837398	-0.5072367	-0.2579566	1.323113	0.2222043	1.861225	3.255735	2.454471	-0.0177786	-0.1510743	-0.03899808	-0.5255632	-0.413028	-0.2090867	-0.2754965	-0.5499646	-0.260212	-0.781808	-0.7075031	-0.2415217	-0.6919336	0.08971927	-0.6612623	0.7255211	2.715344	1.194593
228.515625	-0.6547651	-0.4249958	-0.6209899	0.01331063	0.9713387	-0.01954734	-0.2362602	-0.2611099	-0.2714604	-0.003364578	0.4350084	0.05506071	-0.1637251	-0.02745132	-0.4610141	0.7836669	0.534479	0.1141239	-0.557592	-1.560792	-0.5962228	-1.820012	-1.846599	-1.745504	-0.8837556	-1.697254	-0.9513946	-1.578076	-1.448455	-1.293958	-2.629655	-1.907593	-2.113581	-0.8606133	0.05304826	-1.444524	0.115929	-0.4197722	-0.3129272	-0.0976931	-0.05803748	-0.3399154	-0.300985	-0.5528477	-0.2764612	-0.3812239	-0.1713639	-0.2059444	-1.433537	-0.3708672	-0.4919796	0.1987534	1.195388	0.642822	1.313156	1.086251	0.9776381	1.250344	0.5093257	0.5009984	1.145584	1.192804	0.9707524	1.167624	0.7552136	0.9578531	1.154458	1.724681	1.002041	1.118295	1.533417	1.964223	-0.9578813	0.4988447	0.2863224	0.5871533	2.300097	2.033649	-1.233696	-0.02426752	-0.2979268	0.5076467	2.395994	1.468398	-2.223043	-0.5494182	-0.8126717	-0.009943193	3.945423	1.329782	0.2324591	0.3777038	0.2567139	0.0352107	-0.6675881	-0.3273882	-0.112705	-0.4411887	-0.2591534	-0.4783065	-0.7380012	-0.5383795	-0.3477501	1.041813	-0.153759	1.977101	3.287324	2.249471	-0.01687437	-0.1676034	-0.09272283	-0.4515132	-0.386558	-0.2340419	-0.3638553	-0.6875943	-0.406617	-0.7709023	-0.677247	-0.313025	-0.5893732	0.2245442	-0.4863991	0.7061341	2.584442	1.223719
230.46875	-0.8273302	-0.544099	-0.7674031	-0.01485121	0.9990239	-0.05760542	-0.4141994	-0.4295816	-0.4236428	-0.0788864	0.4000247	-0.004055796	-0.2409833	-0.1334202	-0.4239829	0.5995308	0.4908011	0.04771159	-0.5178753	-1.576338	-0.7147297	-1.723566	-1.754839	-1.745839	-0.9048911	-1.69706	-0.9738936	-1.569926	-1.433343	-1.28895	-2.942448	-2.129169	-2.390233	-0.9699965	0.1214659	-1.53168	0.01195165	-0.4805334	-0.4135431	-0.10351	0.009659431	-0.3194	-0.4442445	-0.7119265	-0.4386769	-0.4265447	-0.153873	-0.2764125	-1.387853	-0.5665628	-0.623831	0.06366812	1.000651	0.4680768	1.264245	1.017827	0.9037626	1.204759	0.4281854	0.410498	1.08448	1.120428	0.9218884	1.117095	0.7351687	0.9094101	1.083293	1.700983	0.9250261	1.080626	1.660626	1.876172	-0.988667	0.4663225	0.2784443	0.4832861	2.243946	1.978068	-1.221686	-0.08669835	-0.3457557	0.4447786	2.276539	1.323558	-2.279651	-0.5911885	-0.7812408	-0.1962418	3.854405	1.298842	0.2002608	0.3756043	0.288726	0.02674728	-0.6529507	-0.3265096	-0.2274697	-0.5297613	-0.3519199	-0.5074384	-0.7030262	-0.5597951	-0.4002447	0.7464092	-0.5319108	1.997453	3.273422	2.022447	-0.1367377	-0.3635634	-0.2955053	-0.4505783	-0.4002748	-0.3674555	-0.4614157	-0.8266071	-0.5469475	-0.7695795	-0.6637402	-0.3796938	-0.6262892	0.1822792	-0.4812696	0.6513082	2.336295	1.072228
232.421875	-1.012873	-0.6531296	-0.9451057	-0.01284386	1.013165	-0.1019589	-0.5937833	-0.6088706	-0.569335	-0.1573786	0.3446445	-0.06751846	-0.4935785	-0.3857473	-0.6047103	0.3333668	0.4728182	-0.09879749	-0.4861921	-1.600208	-0.7987699	-1.669779	-1.693481	-1.739648	-0.9063553	-1.677388	-0.9710712	-1.555214	-1.420955	-1.295916	-3.234057	-2.287029	-2.663433	-1.015911	0.2341637	-1.496848	-0.006846225	-0.4816414	-0.4438291	-0.07397795	0.05311855	-0.2957803	-0.5854624	-0.8824828	-0.6089045	-0.4887252	-0.1846306	-0.3685659	-1.378825	-0.7659218	-0.807863	-0.05071186	0.8510057	0.2990272	1.18422	0.9205204	0.8273013	1.138698	0.3693523	0.3041122	1.027937	1.05071	0.8802912	1.04395	0.6970715	0.8635904	1.144966	1.782252	0.9510474	1.05873	1.673055	1.772773	-1.01123	0.4010313	0.2284199	0.4004075	2.182744	1.898883	-1.218835	-0.170779	-0.436277	0.4143908	2.176505	1.182749	-2.310964	-0.7071105	-0.8215116	-0.4508536	3.64751	1.143991	0.1459527	0.3516448	0.260015	-0.03055435	-0.6197243	-0.3072322	-0.3418404	-0.630804	-0.4496256	-0.5561458	-0.6872904	-0.5863136	-0.4130996	0.5185348	-0.7788533	1.951253	3.265773	1.857167	-0.2341537	-0.4912128	-0.4448251	-0.4546849	-0.3786308	-0.4515456	-0.5669273	-0.9516549	-0.6580951	-0.7770151	-0.6654326	-0.4258693	-0.6128066	0.2672561	-0.4122214	0.6968944	2.186653	0.9791617
234.375	-1.205374	-0.7568698	-1.133	-0.004072744	1.017535	-0.1371144	-0.76641	-0.7965717	-0.7120364	-0.2458907	0.2728373	-0.152369	-0.765744	-0.7155985	-0.9424025	0.1006513	0.4624733	-0.3198686	-0.4873539	-1.612135	-0.8153479	-1.661996	-1.663285	-1.722422	-0.9144984	-1.659416	-0.9663143	-1.54057	-1.406383	-1.318102	-3.443984	-2.362412	-2.866297	-1.001915	0.3280555	-1.395163	-0.02490547	-0.4911157	-0.4600829	-0.05780638	0.05054121	-0.3011376	-0.7112943	-1.033273	-0.762032	-0.5446595	-0.2462538	-0.4627365	-1.429883	-0.898588	-0.9893563	-0.1159803	0.764331	0.1820997	1.08622	0.8288526	0.7634975	1.068582	0.360306	0.2303649	0.9703636	0.9829201	0.8414371	0.9625998	0.63938	0.8155786	1.295548	1.896541	1.058704	1.022794	1.581859	1.67587	-1.031879	0.3010758	0.1388148	0.3134703	2.090358	1.791223	-1.225962	-0.2620498	-0.5389511	0.4039432	2.099383	1.046205	-2.318985	-0.9068894	-0.9833114	-0.695754	3.359434	0.8352656	0.08395488	0.294283	0.1711447	-0.08324762	-0.5631703	-0.2863158	-0.4450771	-0.7471742	-0.5469268	-0.6154773	-0.6831898	-0.6172429	-0.4213866	0.4087584	-0.8523049	1.920536	3.309188	1.807498	-0.2755202	-0.4980379	-0.4753033	-0.4518683	-0.3172119	-0.4366785	-0.6761942	-1.065978	-0.7471507	-0.7830687	-0.6735463	-0.4593315	-0.8041055	0.0239707	-0.6156551	0.676357	2.059435	0.7559533
236.328125	-1.387452	-0.8600417	-1.298616	-0.01633754	1.016418	-0.1612933	-0.9281185	-0.9843301	-0.854211	-0.3457074	0.1955577	-0.2628664	-0.915809	-1.015255	-1.278574	-0.01032768	0.4528038	-0.5580276	-0.51074	-1.601365	-0.7698349	-1.678511	-1.657449	-1.707278	-0.936946	-1.649488	-0.9696497	-1.527431	-1.385531	-1.346202	-3.594042	-2.399333	-2.998958	-0.9776274	0.3782343	-1.327391	-0.1255711	-0.5717596	-0.5287992	-0.103492	0.002199036	-0.3579166	-0.8125257	-1.144937	-0.8804879	-0.5804732	-0.306788	-0.5429265	-1.429733	-0.8886444	-1.058582	-0.1171237	0.6864924	0.1214071	0.9920924	0.7736541	0.7195421	1.005532	0.3959343	0.2265319	0.9117646	0.921438	0.8004501	0.8965787	0.5744743	0.764609	1.445109	1.955436	1.170607	0.9898651	1.443657	1.593238	-1.062449	0.1817754	0.03692975	0.196477	1.963418	1.660625	-1.23462	-0.3353946	-0.6172805	0.4057541	2.045688	0.9176385	-2.325716	-1.158663	-1.266342	-0.8406448	3.087821	0.4389617	0.005482883	0.163488	0.03474729	-0.1022531	-0.4988574	-0.3087967	-0.5315768	-0.8627664	-0.6320391	-0.6624617	-0.6711834	-0.6419883	-0.4724959	0.3988046	-0.8314279	1.949588	3.391502	1.855729	-0.3297318	-0.5157939	-0.4754613	-0.4790218	-0.2712694	-0.3955949	-0.7816889	-1.174839	-0.8317261	-0.7784079	-0.6735538	-0.4919596	-0.8753946	-0.05258569	-0.6768723	0.7241514	2.027538	0.7042866
238.28125	-1.527753	-0.9596824	-1.412016	-0.05551315	1.007859	-0.1899104	-1.073828	-1.158405	-0.9909977	-0.4473456	0.1219217	-0.3854007	-0.9311734	-1.221733	-1.474263	-0.03017084	0.4261177	-0.7474404	-0.5121019	-1.559484	-0.6925374	-1.683012	-1.662158	-1.702125	-0.9584524	-1.641493	-0.9724326	-1.51657	-1.363157	-1.368092	-3.754862	-2.490849	-3.118913	-1.00935	0.3836886	-1.364956	-0.3273691	-0.7348556	-0.6743906	-0.2198609	-0.07319491	-0.4614294	-0.8953056	-1.229086	-0.9716284	-0.605064	-0.345562	-0.6096014	-1.356831	-0.8113414	-1.031627	-0.1064035	0.5573286	0.0543009	0.9190869	0.7616729	0.6950363	0.9570589	0.4415846	0.2920678	0.8533679	0.8701958	0.7554012	0.8580319	0.5236682	0.7175739	1.494717	1.916964	1.202159	0.9865094	1.34154	1.542519	-1.107895	0.06543367	-0.05127314	0.05500935	1.82691	1.518909	-1.244557	-0.3853932	-0.661836	0.4047556	2.007452	0.7964769	-2.345874	-1.399549	-1.598408	-0.8483442	2.914308	0.06841222	-0.06623222	0.009043935	-0.07716931	-0.07291535	-0.4268158	-0.3586391	-0.6244678	-0.9978911	-0.7279966	-0.6910736	-0.6492231	-0.674794	-0.5721043	0.426491	-0.8330333	2.008832	3.456598	1.928401	-0.4921635	-0.7311753	-0.6014814	-0.5825033	-0.3044027	-0.460916	-0.8523973	-1.240308	-0.8956712	-0.7483532	-0.6486704	-0.509764	-1.09477	-0.3887133	-0.9079823	0.649927	1.875491	0.5794106
240.234375	-1.612452	-1.060209	-1.472345	-0.1044245	0.9847167	-0.2466888	-1.196656	-1.304995	-1.108707	-0.5367395	0.05177062	-0.4966833	-0.9028567	-1.338191	-1.512109	-0.05464371	0.3598232	-0.8588864	-0.4586874	-1.491888	-0.6196792	-1.656385	-1.668733	-1.705349	-0.9520133	-1.622482	-0.9584768	-1.507992	-1.346466	-1.377637	-3.947112	-2.682926	-3.285043	-1.115759	0.3633728	-1.494977	-0.554553	-0.9196408	-0.843733	-0.3621508	-0.1526852	-0.5765433	-0.9774414	-1.318487	-1.059684	-0.6450539	-0.3740048	-0.6796553	-1.263079	-0.7981373	-1.003335	-0.1579777	0.3515249	-0.08013792	0.8594206	0.7645439	0.677269	0.9163052	0.4688001	0.3905485	0.7954421	0.82872	0.7100543	0.8377002	0.4992342	0.6872127	1.418975	1.80452	1.136652	1.019188	1.304441	1.528464	-1.170174	-0.03522356	-0.1143168	-0.08554521	1.722879	1.38328	-1.258265	-0.4267735	-0.6935837	0.3919474	1.971152	0.6769806	-2.394312	-1.576885	-1.888156	-0.7760714	2.865519	-0.1782793	-0.1238441	-0.1189944	-0.1323592	-0.02367955	-0.3465509	-0.3945967	-0.7185847	-1.118	-0.8252314	-0.6857519	-0.613929	-0.7032241	-0.7131273	0.3756025	-0.9696225	2.010686	3.429495	1.914818	-0.5941623	-0.8826887	-0.6886809	-0.6511107	-0.3344495	-0.5233071	-0.9638177	-1.382629	-1.029527	-0.7505918	-0.6433468	-0.5774375	-1.141201	-0.4058072	-0.8867871	0.6533859	1.729512	0.6506913
242.1875	-1.635392	-1.150463	-1.495138	-0.1246268	0.9479313	-0.332091	-1.304277	-1.429054	-1.205596	-0.6139507	-0.02387498	-0.5878521	-0.936334	-1.414317	-1.489715	-0.1636115	0.2463107	-0.92307	-0.3564743	-1.41011	-0.5654303	-1.607875	-1.677644	-1.704551	-0.9052355	-1.589196	-0.9212939	-1.503667	-1.342964	-1.381196	-4.11377	-2.936522	-3.490718	-1.259208	0.3253139	-1.637589	-0.7033753	-1.041842	-0.9493747	-0.4641443	-0.2139405	-0.6596561	-1.074898	-1.440889	-1.16562	-0.7215769	-0.4224739	-0.7710625	-1.208046	-0.9005386	-1.03733	-0.2917501	0.1094	-0.2718939	0.8060201	0.752191	0.6592015	0.8766358	0.4683942	0.471991	0.7395694	0.792973	0.6720304	0.8147473	0.4940034	0.6805399	1.254112	1.668432	1.015234	1.054623	1.31331	1.545323	-1.239813	-0.1267783	-0.1620481	-0.1958736	1.667917	1.254865	-1.281462	-0.4853317	-0.7447564	0.3636057	1.924915	0.5512189	-2.490087	-1.695852	-2.099524	-0.7446831	2.890301	-0.292959	-0.1968296	-0.2428064	-0.194958	-0.001233052	-0.2699746	-0.4076538	-0.8137261	-1.215811	-0.9279601	-0.6518009	-0.578982	-0.7286598	-0.8463954	0.2092992	-1.2035	1.917462	3.302518	1.775186	-0.5550417	-0.8226563	-0.6537831	-0.6297323	-0.2991736	-0.5120692	-1.042522	-1.470171	-1.121953	-0.7502318	-0.6369768	-0.6161475	-1.421643	-0.7396581	-1.15004	0.5399863	1.462381	0.4943866
244.140625	-1.640664	-1.241991	-1.523017	-0.1171475	0.8977791	-0.4366	-1.41208	-1.547905	-1.291735	-0.6924649	-0.1158249	-0.6681367	-1.103389	-1.542447	-1.557976	-0.3919871	0.08620935	-1.023155	-0.2429254	-1.324091	-0.5176683	-1.562839	-1.693346	-1.694019	-0.8298761	-1.548466	-0.8673276	-1.502453	-1.353803	-1.389267	-4.178502	-3.145891	-3.670936	-1.375289	0.2824854	-1.710717	-0.727598	-1.065896	-0.9449635	-0.4942501	-0.2465496	-0.6927102	-1.181827	-1.588195	-1.280905	-0.8301074	-0.5121575	-0.8831407	-1.267494	-1.102776	-1.16433	-0.4733959	-0.0860946	-0.4635259	0.752117	0.7095601	0.635677	0.8294095	0.4596662	0.5064051	0.6845422	0.7579231	0.6444376	0.771336	0.4923795	0.6962447	1.049977	1.511133	0.885814	1.012591	1.313733	1.559981	-1.288588	-0.2117053	-0.2056576	-0.2475017	1.645689	1.125795	-1.315558	-0.5759405	-0.8282362	0.3213013	1.864918	0.4168205	-2.652661	-1.807542	-2.272944	-0.8488763	2.927291	-0.3398839	-0.2773423	-0.342424	-0.2950473	0.002557272	-0.1943495	-0.3865067	-0.8982438	-1.287804	-1.024528	-0.6029571	-0.5601162	-0.7505991	-0.9295745	0.005878921	-1.401774	1.795116	3.142231	1.574204	-0.584139	-0.8615711	-0.7345852	-0.6383522	-0.2756379	-0.5752994	-1.141061	-1.582239	-1.219577	-0.7814512	-0.6678122	-0.6673827	-1.607424	-0.8797581	-1.339201	0.5298176	1.30319	0.3402026
246.09375	-1.662381	-1.331638	-1.575565	-0.1066055	0.8332593	-0.5350927	-1.528224	-1.674803	-1.377225	-0.7879965	-0.2265833	-0.753906	-1.358593	-1.748485	-1.767701	-0.6702215	-0.08862895	-1.192267	-0.156713	-1.245489	-0.4576371	-1.544471	-1.724449	-1.687392	-0.7496173	-1.504686	-0.8078611	-1.49559	-1.370366	-1.403486	-4.158206	-3.262788	-3.77171	-1.456182	0.2222724	-1.716084	-0.6762444	-1.033359	-0.8677165	-0.4792983	-0.2564298	-0.6961135	-1.282292	-1.729322	-1.380011	-0.9455811	-0.6331316	-0.9972439	-1.412458	-1.283917	-1.300447	-0.6184906	-0.1733034	-0.5724371	0.7029328	0.6521444	0.6089227	0.778332	0.4631782	0.4967739	0.6299706	0.7197693	0.6232105	0.7054979	0.4799098	0.7201334	0.8563562	1.299331	0.7722242	0.8556836	1.248701	1.516422	-1.292581	-0.2950647	-0.2593033	-0.2360823	1.611	0.9766229	-1.353684	-0.689755	-0.9286909	0.2734547	1.794337	0.2793149	-2.850769	-1.942206	-2.471878	-1.045915	2.948277	-0.4000178	-0.3410379	-0.3850797	-0.4173002	0.02905628	-0.113315	-0.3395634	-0.970334	-1.345142	-1.106061	-0.5556837	-0.5613006	-0.7721227	-0.9503308	-0.1288763	-1.443903	1.744836	3.018847	1.415524	-0.7259511	-1.036329	-0.9192774	-0.7055638	-0.2803164	-0.6866369	-1.235603	-1.686439	-1.29571	-0.8242254	-0.7255358	-0.7195997	-1.830154	-1.114937	-1.654438	0.5200333	1.203624	0.04399377
248.046875	-1.719155	-1.418319	-1.646714	-0.1427759	0.7441466	-0.6160496	-1.648215	-1.810043	-1.46298	-0.9087036	-0.3517438	-0.8555349	-1.617873	-2.000785	-2.049716	-0.9164148	-0.231993	-1.390856	-0.1091803	-1.189695	-0.3806855	-1.56066	-1.780776	-1.710618	-0.681172	-1.454571	-0.7484878	-1.471707	-1.382278	-1.415134	-4.152102	-3.322991	-3.807262	-1.548145	0.1401467	-1.730045	-0.6285565	-1.015391	-0.7948172	-0.4792983	-0.2741818	-0.7117749	-1.351815	-1.827245	-1.432657	-1.041273	-0.7568713	-1.090445	-1.576954	-1.367966	-1.360465	-0.6849779	-0.1711173	-0.5828857	0.6525338	0.6046056	0.5753544	0.7322217	0.4945231	0.4759167	0.5782174	0.6769984	0.6002552	0.6313539	0.4528992	0.7320132	0.6794777	1.00851	0.6584902	0.5990411	1.122015	1.39218	-1.25725	-0.3860564	-0.3395159	-0.1920272	1.529782	0.7901537	-1.378318	-0.7962575	-1.015918	0.2401073	1.719204	0.1500072	-3.025289	-2.100841	-2.712993	-1.237413	2.955378	-0.5233049	-0.4213875	-0.4355015	-0.5711879	0.07230832	-0.04171192	-0.3265686	-1.038661	-1.413289	-1.174939	-0.5265976	-0.5812899	-0.8053703	-0.951865	-0.145079	-1.325747	1.794355	2.945512	1.376542	-0.7932217	-1.039006	-0.9298939	-0.7288481	-0.2534461	-0.6468047	-1.279548	-1.718923	-1.310432	-0.8453045	-0.780246	-0.7446459	-1.829639	-1.085229	-1.767442	0.6164187	1.224593	-0.1170668
250	-1.787223	-1.488119	-1.696631	-0.2493403	0.6159229	-0.6822028	-1.749761	-1.934147	-1.536021	-1.041371	-0.4830416	-0.9662084	-1.796522	-2.217905	-2.270542	-1.064732	-0.310728	-1.537374	-0.07695103	-1.167611	-0.3014778	-1.602403	-1.864926	-1.78387	-0.6226994	-1.390262	-0.6872174	-1.426289	-1.384844	-1.413927	-4.22632	-3.387799	-3.833267	-1.689129	0.04890437	-1.822624	-0.6412694	-1.068416	-0.7954808	-0.5406682	-0.3333229	-0.7753646	-1.378332	-1.869751	-1.43116	-1.110137	-0.8636473	-1.155637	-1.720569	-1.381742	-1.333893	-0.6995355	-0.157611	-0.5527174	0.5816938	0.5735878	0.5259983	0.6948956	0.5498148	0.4751854	0.5257884	0.6257207	0.5661907	0.5612544	0.4201699	0.7203421	0.5516104	0.7089233	0.5556133	0.3379576	0.9717219	1.21362	-1.221521	-0.497366	-0.4639258	-0.1631028	1.406477	0.5651624	-1.382458	-0.8745078	-1.07034	0.2264277	1.642698	0.03490923	-3.070289	-2.206321	-2.927098	-1.283453	2.961619	-0.6832682	-0.5317774	-0.5289185	-0.7211774	0.09869049	0.003466742	-0.3699905	-1.101225	-1.485724	-1.221892	-0.5164307	-0.6094155	-0.8475338	-1.025832	-0.1713639	-1.224173	1.834803	2.853274	1.397796	-0.9253819	-1.138067	-0.9487501	-0.8072135	-0.3012756	-0.6180643	-1.37199	-1.848775	-1.401766	-0.902747	-0.867562	-0.8370624	-2.097489	-1.590797	-2.227974	0.4914513	1.063547	-0.4906002
251.953125	-1.806869	-1.509319	-1.682497	-0.3830844	0.4583876	-0.7368925	-1.819362	-2.032073	-1.585685	-1.17175	-0.6195269	-1.075414	-1.917699	-2.375925	-2.37034	-1.157588	-0.338927	-1.599576	-0.02804618	-1.179916	-0.2421621	-1.655217	-1.968678	-1.902803	-0.5617093	-1.313139	-0.6212359	-1.370862	-1.385214	-1.402121	-4.354295	-3.511115	-3.887677	-1.881465	-0.06255604	-2.006145	-0.6940396	-1.176874	-0.8579252	-0.6625671	-0.4608626	-0.8869954	-1.367427	-1.877218	-1.395556	-1.168284	-0.9607626	-1.207854	-1.830688	-1.408226	-1.275858	-0.72659	-0.2170935	-0.5647201	0.4731122	0.5435857	0.4538843	0.6688515	0.6074379	0.5017653	0.4708847	0.560978	0.520245	0.496404	0.3830165	0.6822983	0.5081772	0.5314538	0.5001653	0.186598	0.8612356	1.056833	-1.2452	-0.641977	-0.6368381	-0.2034999	1.286816	0.3258687	-1.370967	-0.9239768	-1.098201	0.2298176	1.567938	-0.06738836	-2.953458	-2.208854	-3.03127	-1.174604	2.954878	-0.8242709	-0.6305156	-0.6102375	-0.7872297	0.08704485	0.02720452	-0.4169198	-1.174762	-1.585018	-1.278297	-0.5332274	-0.6485151	-0.9117563	-1.146187	-0.2630906	-1.231188	1.759316	2.693148	1.405564	-0.9580267	-1.112324	-0.8263967	-0.8570713	-0.368188	-0.5225366	-1.472355	-2.006018	-1.51789	-0.9759187	-0.9646295	-0.9504173	-2.319905	-2.046679	-2.58922	0.3502142	0.8561205	-0.7231469
253.90625	-1.774098	-1.496402	-1.613274	-0.5102249	0.2830296	-0.8028781	-1.851156	-2.093557	-1.607902	-1.281695	-0.7615672	-1.172205	-2.036538	-2.497021	-2.38782	-1.254984	-0.3699163	-1.624665	0.04831026	-1.215704	-0.2125707	-1.70977	-2.075986	-2.042049	-0.4915329	-1.240414	-0.5547206	-1.329372	-1.396568	-1.396383	-4.397175	-3.630205	-3.938744	-2.047006	-0.1759566	-2.194679	-0.7358748	-1.288609	-0.9219178	-0.8070192	-0.6464385	-1.01676	-1.33027	-1.877815	-1.351986	-1.236347	-1.074168	-1.267972	-1.925449	-1.514596	-1.272464	-0.8042002	-0.3617522	-0.6593096	0.3280636	0.4903735	0.3609743	0.6498128	0.6474422	0.5401206	0.4050249	0.4784021	0.465031	0.4243728	0.3401693	0.6294411	0.5825695	0.5769295	0.532031	0.2109017	0.8084487	0.9861552	-1.353504	-0.8071724	-0.8334391	-0.3197021	1.222829	0.1141711	-1.350691	-0.953474	-1.122029	0.257732	1.506096	-0.1584222	-2.726369	-2.105686	-2.986131	-0.9962394	2.899095	-0.8967521	-0.7534815	-0.755851	-0.8459488	-0.009518601	0.009083812	-0.4784875	-1.240198	-1.683519	-1.335396	-0.5669999	-0.7015154	-0.9840864	-1.332925	-0.5390258	-1.447561	1.492775	2.461721	1.275596	-1.120003	-1.359086	-0.9279043	-1.00741	-0.5440904	-0.6183794	-1.506423	-2.059598	-1.553913	-1.023055	-1.039928	-1.003126	-2.590245	-2.522279	-2.945705	0.180794	0.6085081	-0.9154534
255.859375	-1.674753	-1.437886	-1.508711	-0.5662847	0.1238444	-0.8713863	-1.859968	-2.129558	-1.613436	-1.37198	-0.9125081	-1.258921	-2.20503	-2.639173	-2.429767	-1.383423	-0.4501395	-1.693196	0.1419666	-1.244455	-0.1966993	-1.753877	-2.163187	-2.162304	-0.417793	-1.193926	-0.495694	-1.322415	-1.428369	-1.41576	-4.252749	-3.654649	-3.90679	-2.112129	-0.2830016	-2.294736	-0.7153528	-1.343484	-0.9157491	-0.9277291	-0.8473161	-1.119798	-1.277895	-1.886734	-1.313653	-1.322263	-1.221274	-1.344117	-2.018076	-1.693184	-1.358625	-0.9219918	-0.5347285	-0.8106012	0.1851407	0.4103771	0.2682175	0.6357933	0.6506644	0.5605492	0.32858	0.3830806	0.4091349	0.3372443	0.2825444	0.574853	0.7391785	0.8031543	0.6252756	0.3931906	0.7949932	1.001744	-1.511624	-0.9579591	-1.00595	-0.4613139	1.230234	-0.03684665	-1.338397	-0.9842419	-1.162835	0.2986064	1.465364	-0.2420009	-2.524909	-1.973435	-2.844725	-0.8693395	2.779305	-0.8970277	-0.846575	-0.8964826	-0.8861701	-0.1427612	-0.0332166	-0.5154498	-1.286012	-1.76635	-1.38506	-0.6123878	-0.7752604	-1.052609	-1.572132	-0.981151	-1.854146	1.123455	2.257982	0.97614	-1.112276	-1.374335	-0.913448	-1.05997	-0.6510625	-0.6357843	-1.577389	-2.172876	-1.631432	-1.103517	-1.149062	-1.086291	-2.615717	-2.50976	-2.963308	0.17953	0.5087408	-0.9053612
257.8125	-1.568207	-1.379164	-1.425712	-0.5758628	-0.01504258	-0.9511499	-1.858542	-2.15543	-1.610667	-1.454478	-1.073221	-1.341559	-2.44474	-2.86405	-2.559896	-1.555584	-0.6136922	-1.858381	0.2331996	-1.23502	-0.1661901	-1.773972	-2.213317	-2.237269	-0.3552935	-1.187503	-0.4489015	-1.354829	-1.483368	-1.46773	-3.977532	-3.558549	-3.765686	-2.081776	-0.3782192	-2.290906	-0.6461304	-1.336314	-0.8331528	-1.01158	-1.014304	-1.170949	-1.22858	-1.905669	-1.285484	-1.416285	-1.388147	-1.427196	-2.10957	-1.895817	-1.504956	-1.055194	-0.6732436	-0.9697356	0.09375962	0.3240157	0.2038385	0.6219232	0.612762	0.5447258	0.2481136	0.2881673	0.357998	0.2438106	0.2115173	0.5269206	0.9021487	1.046352	0.707356	0.6388852	0.7543008	1.032179	-1.635699	-1.049149	-1.106843	-0.5414376	1.275818	-0.1210133	-1.337353	-1.019433	-1.222511	0.3508872	1.451096	-0.3136787	-2.495463	-1.93302	-2.703519	-0.8952068	2.618137	-0.8675979	-0.9053574	-1.017083	-0.9368547	-0.2707666	-0.09454381	-0.5447842	-1.316236	-1.837002	-1.423755	-0.6667281	-0.8696414	-1.113561	-1.810206	-1.414356	-2.299375	0.8470538	2.189713	0.6093889	-1.133167	-1.448891	-1.009225	-1.106816	-0.7505916	-0.712742	-1.588756	-2.186584	-1.631856	-1.154496	-1.246533	-1.119629	-2.60463	-2.388762	-2.948031	0.1941066	0.4535544	-0.9733398
259.765625	-1.481857	-1.339324	-1.37159	-0.5903752	-0.1506596	-1.034865	-1.846714	-2.176817	-1.59548	-1.536769	-1.234916	-1.417752	-2.679144	-3.124708	-2.727134	-1.702674	-0.8291157	-2.053928	0.3097883	-1.174635	-0.1015651	-1.760221	-2.227643	-2.265471	-0.3093685	-1.208662	-0.4088916	-1.40846	-1.553291	-1.539381	-3.762822	-3.425634	-3.577981	-2.04702	-0.4653082	-2.262981	-0.5777802	-1.303033	-0.7275337	-1.073966	-1.124389	-1.175541	-1.171927	-1.903921	-1.241002	-1.494895	-1.546385	-1.493372	-2.210957	-2.095401	-1.663595	-1.197558	-0.7552575	-1.109059	0.07681638	0.2593267	0.1839438	0.6022899	0.5470211	0.4984466	0.1756851	0.2076703	0.312305	0.1643056	0.140604	0.4841829	0.9642916	1.121001	0.6833903	0.8380691	0.6657079	0.9947854	-1.658165	-1.062874	-1.119818	-0.5129051	1.302926	-0.1614935	-1.345522	-1.05469	-1.28655	0.403044	1.454524	-0.3703662	-2.654352	-2.033624	-2.628334	-1.026835	2.481801	-0.8518859	-0.918436	-1.066967	-0.9680424	-0.3601346	-0.1556943	-0.5691173	-1.34082	-1.900313	-1.445128	-0.7250659	-0.9713415	-1.164528	-2.094156	-1.793682	-2.735187	0.7439249	2.258442	0.2723809	-1.126288	-1.460879	-1.077037	-1.112615	-0.8184258	-0.7494029	-1.63014	-2.251317	-1.672923	-1.226896	-1.370227	-1.19512	-2.927829	-2.828227	-3.368538	-0.04715847	0.2191277	-1.45409
261.71875	-1.400816	-1.311567	-1.30941	-0.6528029	-0.3147233	-1.111331	-1.815765	-2.189392	-1.554615	-1.619758	-1.386767	-1.478178	-2.873761	-3.370481	-2.852744	-1.81559	-1.040676	-2.186264	0.3669415	-1.082944	-0.01023327	-1.719841	-2.229205	-2.270557	-0.2716608	-1.228794	-0.3640387	-1.455855	-1.626465	-1.607694	-3.79739	-3.405421	-3.470334	-2.121943	-0.5606434	-2.320693	-0.5371603	-1.277033	-0.6555012	-1.133762	-1.196711	-1.161202	-1.116234	-1.874756	-1.177478	-1.548542	-1.669049	-1.532769	-2.318681	-2.288507	-1.786765	-1.369724	-0.838331	-1.239599	0.1085293	0.2251697	0.1987492	0.5606207	0.4746879	0.4431007	0.1224097	0.1496202	0.2705351	0.1163797	0.08617824	0.4409936	0.8872584	0.9741369	0.5358166	0.9183069	0.5540716	0.8657528	-1.564015	-1.009426	-1.070951	-0.3809673	1.27872	-0.1874256	-1.361895	-1.088735	-1.341325	0.4361508	1.456137	-0.4151067	-2.915055	-2.26768	-2.634126	-1.189652	2.404893	-0.8890796	-0.9358926	-1.098845	-1.002102	-0.4435148	-0.2162203	-0.6226825	-1.363797	-1.952904	-1.44528	-0.7802743	-1.064549	-1.204962	-2.297871	-1.890086	-2.961985	0.8370604	2.402492	0.149982	-1.173928	-1.542104	-1.154398	-1.151566	-0.9184531	-0.8098994	-1.644141	-2.276792	-1.682475	-1.289275	-1.487231	-1.260384	-2.888149	-2.722664	-3.321037	-0.1552969	0.09296465	-1.618255
263.671875	-1.293959	-1.272019	-1.190927	-0.7634817	-0.519138	-1.163495	-1.768482	-2.191548	-1.485973	-1.697641	-1.516473	-1.516767	-2.973844	-3.512181	-2.870391	-1.868642	-1.188992	-2.184249	0.4110387	-0.9902434	0.0882066	-1.672915	-2.244149	-2.277836	-0.2299654	-1.225374	-0.3092832	-1.48018	-1.694169	-1.655337	-4.102343	-3.573851	-3.524581	-2.332011	-0.6625357	-2.497575	-0.5256577	-1.269263	-0.6419466	-1.194466	-1.267406	-1.158983	-1.055402	-1.817869	-1.091814	-1.583958	-1.760241	-1.549835	-2.452024	-2.493546	-1.88744	-1.568777	-0.9649843	-1.374113	0.1331944	0.2062477	0.2190691	0.4858418	0.4126706	0.3989491	0.08370072	0.1071435	0.2266548	0.09296359	0.05838855	0.3958316	0.7459034	0.7242244	0.345066	0.901509	0.4434607	0.677778	-1.423648	-0.94425	-1.016526	-0.2392859	1.207749	-0.2220818	-1.384275	-1.12545	-1.385926	0.4433441	1.438289	-0.4563288	-3.138336	-2.553522	-2.681742	-1.317906	2.377344	-0.9668055	-0.9623117	-1.10293	-1.008441	-0.5359502	-0.2584907	-0.6757743	-1.39928	-2.016731	-1.449238	-0.8417628	-1.147427	-1.249322	-2.4681	-1.921913	-3.086502	0.9007521	2.435055	0.153562	-1.201522	-1.581401	-1.123217	-1.217405	-1.036632	-0.8446147	-1.683045	-2.352481	-1.722242	-1.376186	-1.62075	-1.353793	-3.39753	-3.58071	-3.937492	-0.6444044	-0.3422541	-2.201309
265.625	-1.146423	-1.201737	-1.006962	-0.8804849	-0.7469499	-1.181927	-1.712668	-2.180255	-1.401413	-1.757419	-1.61555	-1.534988	-3.053685	-3.582232	-2.838781	-1.93129	-1.267026	-2.097555	0.442079	-0.9307176	0.176305	-1.651499	-2.296657	-2.304561	-0.1805536	-1.196282	-0.2502748	-1.484126	-1.750564	-1.678762	-4.529809	-3.868346	-3.713822	-2.589957	-0.7440201	-2.707287	-0.51028	-1.25747	-0.653661	-1.242191	-1.358835	-1.182984	-0.9878323	-1.748147	-0.9932044	-1.617387	-1.839585	-1.556965	-2.58023	-2.661855	-1.965613	-1.733009	-1.124873	-1.483378	0.1147532	0.1800227	0.2199253	0.3870427	0.3588444	0.3676362	0.04549542	0.06716067	0.1783172	0.06853836	0.04642028	0.3534196	0.6258184	0.5358713	0.1945979	0.8471503	0.3697197	0.5045796	-1.307127	-0.9022563	-1.002211	-0.1449759	1.127814	-0.2619199	-1.410276	-1.169182	-1.428148	0.4310748	1.398503	-0.4988533	-3.236197	-2.805178	-2.746763	-1.378647	2.338292	-1.049729	-0.9985597	-1.099879	-0.9982287	-0.6280066	-0.2706464	-0.7044509	-1.429112	-2.075224	-1.454757	-0.9130172	-1.228657	-1.295477	-2.582681	-1.998033	-3.146688	0.7714867	2.28261	0.1913795	-1.163075	-1.513893	-0.959179	-1.296861	-1.142695	-0.8357588	-1.664061	-2.34831	-1.6809	-1.444823	-1.73828	-1.390945	-3.163656	-3.271257	-3.605813	-0.7015422	-0.4326204	-2.014167
267.578125	-0.9697823	-1.091193	-0.794127	-0.9434999	-0.9518847	-1.161826	-1.66301	-2.160512	-1.324305	-1.795566	-1.687323	-1.546068	-3.190113	-3.644093	-2.858708	-2.044808	-1.296505	-2.013002	0.4828236	-0.8904593	0.2626821	-1.657346	-2.372903	-2.337631	-0.135945	-1.160921	-0.2024255	-1.485642	-1.792328	-1.685866	-4.898175	-4.144796	-3.926193	-2.77127	-0.7743347	-2.817593	-0.4610173	-1.213099	-0.6345062	-1.263161	-1.459637	-1.221812	-0.9061312	-1.675794	-0.8879031	-1.656847	-1.922302	-1.559844	-2.645557	-2.713326	-2.005278	-1.775079	-1.242108	-1.516109	0.05831565	0.1396359	0.1982507	0.2882277	0.2998967	0.3387858	-0.008917801	0.01827295	0.1250784	0.02023806	0.0304423	0.3213117	0.5604381	0.4782592	0.09963276	0.8148617	0.3299151	0.3814996	-1.268328	-0.9107473	-1.049665	-0.1227677	1.071042	-0.2971856	-1.436319	-1.218797	-1.478287	0.4183393	1.349399	-0.5411849	-3.239349	-2.987212	-2.828822	-1.398209	2.236131	-1.09424	-1.044533	-1.131605	-1.007353	-0.6911901	-0.2569582	-0.7089871	-1.44645	-2.132885	-1.467091	-1.004368	-1.324597	-1.348557	-2.587772	-2.088449	-3.113415	0.4606882	2.018394	0.2129247	-1.291177	-1.73107	-1.019598	-1.506669	-1.326036	-1.006636	-1.619828	-2.322948	-1.607497	-1.512324	-1.857456	-1.404914	-3.305065	-3.616258	-3.779748	-0.9646593	-0.6656458	-2.147389
269.53125	-0.8187535	-0.9787371	-0.6249338	-0.9554623	-1.110958	-1.133742	-1.619838	-2.131851	-1.267094	-1.814347	-1.741834	-1.560859	-3.409525	-3.741724	-2.977054	-2.204066	-1.31626	-1.98298	0.5598438	-0.836326	0.3671166	-1.669253	-2.441956	-2.3505	-0.1116641	-1.139591	-0.1757956	-1.499071	-1.81647	-1.685289	-5.127017	-4.289727	-4.058879	-2.813074	-0.740029	-2.760694	-0.3874652	-1.139962	-0.563018	-1.260904	-1.532098	-1.24992	-0.8047628	-1.596956	-0.7765538	-1.69125	-2.000392	-1.550228	-2.602996	-2.618781	-1.987316	-1.671816	-1.258065	-1.462964	0.0139078	0.1013185	0.1785065	0.2236794	0.2167225	0.2938035	-0.08618359	-0.04213808	0.06881627	-0.05228687	-0.003857692	0.3015108	0.4818225	0.4718961	-0.01098025	0.8098749	0.317163	0.2985291	-1.287036	-0.9485811	-1.134391	-0.1174251	1.048261	-0.310494	-1.458213	-1.263263	-1.532964	0.4168905	1.307068	-0.5731505	-3.252338	-3.123538	-2.95528	-1.397771	2.072517	-1.08714	-1.048798	-1.146134	-1.000421	-0.6806081	-0.2257209	-0.6703126	-1.440777	-2.177219	-1.471466	-1.109404	-1.438498	-1.402735	-2.57937	-2.22591	-3.080023	0.09098343	1.784578	0.1729178	-1.334966	-1.831609	-1.04714	-1.652118	-1.453341	-1.125724	-1.591524	-2.342752	-1.565681	-1.597244	-1.992936	-1.445042	-3.439036	-3.959524	-3.977855	-1.22653	-0.8619912	-2.325991
271.484375	-0.7045943	-0.8758528	-0.5235822	-0.9327582	-1.215983	-1.114223	-1.564867	-2.08623	-1.216976	-1.822099	-1.794866	-1.576956	-3.688202	-3.873825	-3.169049	-2.371885	-1.351579	-1.989866	0.6847403	-0.7489728	0.4934452	-1.660636	-2.477108	-2.32809	-0.1108628	-1.134034	-0.1676327	-1.521738	-1.820646	-1.678418	-5.260274	-4.301889	-4.097321	-2.761734	-0.6646388	-2.594133	-0.3022841	-1.046595	-0.4403742	-1.24851	-1.558198	-1.238721	-0.6829934	-1.499649	-0.6571719	-1.698501	-2.050243	-1.515311	-2.509506	-2.490109	-1.957898	-1.526044	-1.201562	-1.405333	0.01865645	0.08293092	0.183569	0.2014888	0.1131498	0.2287589	-0.1809405	-0.1091531	0.009126595	-0.1232482	-0.0459169	0.2894817	0.3088779	0.3777812	-0.2061913	0.7924212	0.3092358	0.2049351	-1.310696	-0.9811175	-1.213801	-0.06856041	1.046032	-0.2967609	-1.472186	-1.28723	-1.578687	0.4283572	1.283586	-0.5812246	-3.342851	-3.240547	-3.128215	-1.360216	1.919523	-1.039224	-0.9887894	-1.104434	-0.9434996	-0.612367	-0.2047152	-0.5933622	-1.43047	-2.224282	-1.478513	-1.216591	-1.562516	-1.46391	-2.627507	-2.325623	-3.051188	-0.1513442	1.698705	0.1413313	-1.248435	-1.758249	-1.003961	-1.673072	-1.51334	-1.152264	-1.514191	-2.289763	-1.482506	-1.651995	-2.099593	-1.458111	-3.079504	-3.445327	-3.525079	-1.238284	-0.8194962	-2.089932
273.4375	-0.5978464	-0.7733895	-0.449196	-0.9114087	-1.292753	-1.106063	-1.472076	-2.011609	-1.142776	-1.822464	-1.853816	-1.578115	-3.941175	-3.974673	-3.346158	-2.498537	-1.406312	-1.984377	0.8370851	-0.6432967	0.6150289	-1.622643	-2.470819	-2.277552	-0.1204649	-1.129746	-0.1625971	-1.537552	-1.808306	-1.664148	-5.365563	-4.266079	-4.101691	-2.711635	-0.5904283	-2.442538	-0.2183829	-0.945843	-0.2907866	-1.239839	-1.553924	-1.178257	-0.5446047	-1.375776	-0.5269709	-1.665423	-2.060156	-1.453571	-2.437875	-2.475818	-1.976478	-1.481115	-1.168849	-1.447536	0.06506237	0.08116093	0.2133387	0.1992903	0.01288131	0.1546101	-0.2721425	-0.1735996	-0.04993613	-0.1615272	-0.07885323	0.2742479	0.006152968	0.1280431	-0.4898365	0.7111241	0.3085392	0.08714877	-1.310508	-0.9909805	-1.257286	0.02299877	1.049638	-0.2630867	-1.486831	-1.294549	-1.603599	0.4253779	1.27051	-0.5645496	-3.494499	-3.343866	-3.313459	-1.268372	1.862212	-0.9760308	-0.8861523	-1.020063	-0.8315355	-0.5637902	-0.2336727	-0.5093859	-1.414945	-2.25856	-1.476864	-1.297911	-1.671875	-1.5228	-2.73056	-2.264299	-2.957412	-0.1542378	1.777383	0.233611	-1.057839	-1.55751	-0.885765	-1.5943	-1.543696	-1.10671	-1.472492	-2.287733	-1.458216	-1.720197	-2.203478	-1.512854	-3.383121	-3.91509	-3.785324	-1.692839	-1.09942	-2.41543
275.390625	-0.4663569	-0.6565137	-0.3418448	-0.9130373	-1.364968	-1.090867	-1.333564	-1.906304	-1.020506	-1.815687	-1.91371	-1.547965	-4.048417	-3.936481	-3.42067	-2.498347	-1.434554	-1.919847	0.9563146	-0.572609	0.6860515	-1.58084	-2.443599	-2.229928	-0.1256264	-1.113564	-0.1476381	-1.533265	-1.788883	-1.643265	-5.458828	-4.28688	-4.146142	-2.727793	-0.5608423	-2.406934	-0.1309038	-0.8346618	-0.1305858	-1.236481	-1.559664	-1.083755	-0.4025428	-1.233647	-0.3889062	-1.600399	-2.039272	-1.377316	-2.443143	-2.650094	-2.087285	-1.611083	-1.243181	-1.628417	0.1093888	0.0746358	0.2430174	0.1812462	-0.05704821	0.08797526	-0.3450248	-0.230611	-0.1061165	-0.1611942	-0.08746718	0.2501342	-0.3422239	-0.1944956	-0.7690123	0.5563406	0.3112565	-0.02481006	-1.285471	-0.9705412	-1.259096	0.126479	1.062415	-0.2157323	-1.508699	-1.298812	-1.608171	0.3911818	1.252824	-0.5299745	-3.612649	-3.400846	-3.443947	-1.127013	1.913335	-0.9162958	-0.7991251	-0.9434816	-0.7015314	-0.6075584	-0.3344468	-0.4530967	-1.399826	-2.278176	-1.471861	-1.342029	-1.750823	-1.576389	-2.830868	-2.030606	-2.764008	0.02190332	1.923833	0.4650199	-0.9592779	-1.532355	-0.8663852	-1.575082	-1.652745	-1.160302	-1.463195	-2.323593	-1.47336	-1.79809	-2.298531	-1.587195	-3.401175	-3.784646	-3.539379	-1.978814	-1.216348	-2.340374
277.34375	-0.2934749	-0.5053231	-0.1637645	-0.9127455	-1.430469	-1.030004	-1.169024	-1.784988	-0.8570848	-1.79945	-1.95924	-1.486601	-4.009643	-3.77044	-3.39412	-2.394581	-1.426413	-1.839929	0.9886705	-0.5745019	0.6786163	-1.567363	-2.417037	-2.210234	-0.1174636	-1.080828	-0.1188248	-1.505777	-1.768098	-1.617373	-5.464755	-4.355074	-4.241304	-2.758498	-0.5489511	-2.46494	-0.03531379	-0.7117716	0.02907642	-1.231131	-1.595717	-0.9871475	-0.2814425	-1.102704	-0.2586707	-1.533032	-2.010195	-1.30666	-2.503946	-2.917412	-2.261137	-1.828258	-1.386436	-1.851974	0.1109922	0.04519952	0.2449276	0.1270982	-0.08974304	0.03670682	-0.391244	-0.2755873	-0.1519418	-0.1453853	-0.08135567	0.2197238	-0.591226	-0.4355619	-0.9322044	0.3746897	0.2944399	-0.09087656	-1.276655	-0.9481996	-1.251172	0.1831237	1.090149	-0.1698765	-1.537742	-1.315981	-1.603228	0.3290333	1.216588	-0.4893651	-3.626269	-3.383526	-3.473611	-0.9938915	2.004923	-0.8535936	-0.7236524	-0.8511987	-0.5422582	-0.7181273	-0.4729882	-0.4107195	-1.374394	-2.275421	-1.454401	-1.358961	-1.804253	-1.61879	-2.904267	-1.832166	-2.568327	0.1597502	1.97469	0.6707238	-0.9080024	-1.56537	-0.8262761	-1.625562	-1.804224	-1.245356	-1.406136	-2.270732	-1.415221	-1.841496	-2.354053	-1.592366	-3.625506	-3.921377	-3.498117	-2.323645	-1.370932	-2.333148
279.296875	-0.1198622	-0.3438647	0.04842653	-0.8902284	-1.473842	-0.9124393	-1.015517	-1.668807	-0.6841918	-1.775943	-1.975989	-1.409053	-3.913108	-3.581329	-3.333305	-2.269416	-1.396695	-1.812173	0.9221683	-0.6471699	0.6067398	-1.596191	-2.402981	-2.220848	-0.1099228	-1.051175	-0.08817345	-1.47236	-1.752256	-1.591177	-5.344873	-4.40763	-4.348129	-2.71212	-0.5056257	-2.523125	0.0749132	-0.5820882	0.1868547	-1.216636	-1.644498	-0.9144031	-0.1877659	-1.001248	-0.1435062	-1.488784	-1.990855	-1.249756	-2.524748	-3.073038	-2.390232	-1.956239	-1.48074	-1.958081	0.06235617	0.0004683434	0.2107862	0.04887276	-0.09176115	0.002899541	-0.4209586	-0.3101904	-0.1849508	-0.1521198	-0.08193211	0.1926571	-0.6654549	-0.5115464	-0.9539255	0.2203939	0.2451633	-0.09569078	-1.306893	-0.9444271	-1.268474	0.1876388	1.134347	-0.1306542	-1.565763	-1.351074	-1.602661	0.2625573	1.158322	-0.4530679	-3.55119	-3.31149	-3.415747	-0.939936	2.030254	-0.7738901	-0.7094495	-0.8425276	-0.4446411	-0.8605362	-0.6338655	-0.4275924	-1.335874	-2.255948	-1.417085	-1.377691	-1.849346	-1.645851	-2.890131	-1.758569	-2.435591	0.1235362	1.872274	0.720543	-0.806897	-1.45838	-0.6260813	-1.688963	-1.920499	-1.237544	-1.368453	-2.252956	-1.367568	-1.895281	-2.411163	-1.587838	-3.998457	-4.319827	-3.721144	-2.662941	-1.523231	-2.419193
281.25	-0.002548895	-0.2136517	0.2237704	-0.8376712	-1.473435	-0.7571636	-0.9016832	-1.571186	-0.5425438	-1.745385	-1.957208	-1.335033	-3.864328	-3.486609	-3.288463	-2.201022	-1.381649	-1.847908	0.8073635	-0.7407578	0.5168244	-1.6445	-2.390811	-2.24088	-0.1205458	-1.043333	-0.07258481	-1.45184	-1.739082	-1.564129	-5.155834	-4.38295	-4.425466	-2.539022	-0.3931683	-2.499734	0.1854207	-0.4691668	0.3283599	-1.193497	-1.660517	-0.8694416	-0.1298684	-0.9405126	-0.0600106	-1.472762	-1.972128	-1.200598	-2.435187	-2.970624	-2.369243	-1.874882	-1.424527	-1.850756	-0.005181215	-0.0257231	0.1601537	-0.01436175	-0.07502399	-0.01383754	-0.4481346	-0.3373827	-0.2053858	-0.2029561	-0.1091092	0.1750621	-0.6019533	-0.4698388	-0.9021505	0.1164603	0.167009	-0.08351424	-1.376934	-0.9746094	-1.325258	0.1600383	1.177978	-0.09676179	-1.580281	-1.392306	-1.61156	0.219798	1.085813	-0.425227	-3.466923	-3.240196	-3.334359	-0.986798	1.932621	-0.6715576	-0.6865121	-0.8386056	-0.3557267	-0.9457732	-0.7733119	-0.4601438	-1.278718	-2.208776	-1.34077	-1.414771	-1.894441	-1.642831	-2.842951	-1.897747	-2.472306	-0.1117804	1.650026	0.5390278	-0.8234947	-1.487351	-0.5228553	-1.827728	-2.057879	-1.277159	-1.292128	-2.184149	-1.269077	-1.924013	-2.441566	-1.534382	-3.688141	-3.689589	-3.246133	-2.528383	-1.325578	-1.946352
283.203125	0.02301018	-0.1581174	0.3055226	-0.7814801	-1.429223	-0.620177	-0.8168059	-1.475002	-0.43933	-1.69893	-1.908739	-1.264741	-3.901896	-3.531955	-3.256583	-2.224679	-1.420163	-1.899744	0.7113644	-0.8077872	0.4505637	-1.679057	-2.369439	-2.245456	-0.1571687	-1.0639	-0.08208788	-1.453714	-1.724707	-1.535088	-5.020461	-4.287078	-4.473883	-2.289376	-0.2302079	-2.403499	0.2899269	-0.3873266	0.4456795	-1.162316	-1.611267	-0.8293135	-0.08687753	-0.8959229	-0.001735279	-1.459305	-1.931651	-1.139567	-2.22974	-2.644248	-2.166001	-1.636106	-1.256779	-1.596365	-0.04610918	-0.005422698	0.1275803	-0.03376183	-0.05687726	-0.01817296	-0.4826399	-0.3630708	-0.2186552	-0.2866987	-0.1607687	0.1653174	-0.5023678	-0.4354538	-0.8690999	0.05164479	0.07332595	-0.1284194	-1.458579	-1.028007	-1.394517	0.1257991	1.196613	-0.05375304	-1.575813	-1.422007	-1.623427	0.2093177	1.011237	-0.4063581	-3.455817	-3.230013	-3.310734	-1.087617	1.766026	-0.564339	-0.6576833	-0.8713772	-0.3058055	-0.9867061	-0.9029483	-0.5228917	-1.220545	-2.156981	-1.242647	-1.474688	-1.938174	-1.614994	-2.801339	-2.114944	-2.61851	-0.3947169	1.428597	0.25845	-0.9103799	-1.620079	-0.5357609	-1.974425	-2.193175	-1.344054	-1.242397	-2.163471	-1.213477	-1.956979	-2.461912	-1.501163	-3.890995	-4.000389	-3.540655	-2.686848	-1.41109	-2.041737
285.15625	-0.02261609	-0.1807734	0.2998476	-0.7537113	-1.352726	-0.545099	-0.7354426	-1.358936	-0.3572589	-1.630618	-1.844908	-1.18446	-3.971518	-3.648908	-3.202145	-2.29379	-1.500805	-1.906778	0.6721745	-0.831799	0.4186958	-1.680401	-2.337331	-2.225833	-0.2076852	-1.097727	-0.1126761	-1.469357	-1.702599	-1.503377	-5.003338	-4.168145	-4.506163	-2.067778	-0.08293468	-2.304635	0.3949582	-0.3257186	0.5441453	-1.116185	-1.504733	-0.7633901	-0.04629925	-0.8412436	0.03846623	-1.416161	-1.849725	-1.053243	-2.025528	-2.318915	-1.894197	-1.429806	-1.121317	-1.386107	-0.04932119	0.05123761	0.1262509	-0.01390211	-0.04160855	-0.007536202	-0.5184397	-0.3909734	-0.2277759	-0.3669096	-0.2201329	0.154132	-0.4758647	-0.5092602	-0.9110003	-0.01712734	-0.004917171	-0.2581128	-1.523598	-1.080145	-1.432501	0.08773232	1.17846	0.01470627	-1.563273	-1.435872	-1.629895	0.2097404	0.9435904	-0.3974138	-3.529816	-3.299782	-3.380028	-1.15547	1.639961	-0.4903045	-0.5656862	-0.8439819	-0.2171527	-0.9992235	-1.010349	-0.5585877	-1.159909	-2.085759	-1.127101	-1.528987	-1.955681	-1.554906	-2.836377	-2.291916	-2.777894	-0.5664106	1.299992	0.05938961	-0.7935342	-1.462535	-0.3861373	-1.952041	-2.208916	-1.238081	-1.16589	-2.085367	-1.134684	-1.949486	-2.430881	-1.441616	-3.840802	-3.93935	-3.516998	-2.724734	-1.455661	-1.97041
287.109375	-0.05165061	-0.2156558	0.2841506	-0.7382287	-1.251737	-0.5197815	-0.6364747	-1.212909	-0.2683203	-1.538318	-1.77517	-1.076656	-3.989877	-3.730627	-3.124087	-2.3301	-1.577484	-1.870698	0.6617872	-0.8431999	0.3967149	-1.664821	-2.310031	-2.196645	-0.2521046	-1.124214	-0.1508022	-1.48222	-1.6696	-1.47253	-5.059618	-4.082109	-4.53015	-1.964716	-0.0218265	-2.2759	0.5203459	-0.2463077	0.6474811	-1.042278	-1.387825	-0.6595104	0.01227593	-0.748191	0.08840279	-1.325539	-1.732069	-0.9393067	-1.903859	-2.17592	-1.684967	-1.399964	-1.142567	-1.360756	-0.04005205	0.09694099	0.1389823	0.009466473	-0.03304037	0.01201197	-0.5462706	-0.4233955	-0.2360368	-0.4146282	-0.2639597	0.1364494	-0.5267517	-0.6777602	-0.9983038	-0.1013609	-0.07184634	-0.4456669	-1.557362	-1.102451	-1.403156	0.03557758	1.134493	0.1167961	-1.564583	-1.44739	-1.629564	0.187224	0.8889241	-0.3979672	-3.604507	-3.386008	-3.500456	-1.082586	1.636936	-0.4689868	-0.4561785	-0.7910466	-0.1198086	-1.039989	-1.099449	-0.5701805	-1.089956	-1.979303	-1.001584	-1.54995	-1.927119	-1.461549	-2.893387	-2.282346	-2.77738	-0.5314338	1.304414	0.09151988	-0.7295098	-1.450788	-0.3963716	-1.935162	-2.234637	-1.223779	-1.131356	-2.045791	-1.108908	-1.93476	-2.375333	-1.406669	-3.926979	-4.099176	-3.558105	-2.879719	-1.631796	-2.037735
289.0625	-0.01464366	-0.2114492	0.3155588	-0.7125601	-1.128082	-0.5005286	-0.5250755	-1.054024	-0.1623153	-1.431563	-1.699793	-0.9399854	-3.874076	-3.672598	-3.026922	-2.254479	-1.586326	-1.826927	0.6266921	-0.868529	0.36147	-1.654053	-2.292539	-2.166971	-0.2807579	-1.134816	-0.1854036	-1.480763	-1.625107	-1.448213	-5.059115	-4.032444	-4.525217	-1.983051	-0.05540569	-2.324684	0.6687108	-0.1245417	0.7628382	-0.9293638	-1.292126	-0.5330369	0.08314264	-0.6220222	0.1604028	-1.202164	-1.599669	-0.8103885	-1.838234	-2.196997	-1.581264	-1.511907	-1.299246	-1.487307	-0.05039401	0.08629858	0.136277	0.004033223	-0.04199728	0.02368778	-0.5600803	-0.4571218	-0.2439182	-0.4253915	-0.2835889	0.1165475	-0.6175094	-0.8675352	-1.093231	-0.1925822	-0.1391769	-0.6096424	-1.565422	-1.084568	-1.320459	-0.01812211	1.094473	0.2389656	-1.591254	-1.471783	-1.627216	0.1299037	0.8495181	-0.4032406	-3.624393	-3.448073	-3.604922	-0.8870823	1.725175	-0.5132574	-0.3915907	-0.75439	-0.06075333	-1.107376	-1.143303	-0.5605376	-1.021217	-1.862714	-0.895939	-1.540516	-1.858508	-1.358248	-2.957249	-2.232204	-2.668391	-0.3900566	1.360368	0.2443306	-0.5394232	-1.255763	-0.2834192	-1.847095	-2.178297	-1.130951	-1.058386	-1.910664	-1.024276	-1.868383	-2.268409	-1.311831	-3.661414	-3.689121	-3.076582	-2.836654	-1.652287	-1.788276
291.015625	0.07419972	-0.1586878	0.3941284	-0.6581433	-0.9876404	-0.4422166	-0.4222923	-0.9099733	-0.05336151	-1.321517	-1.606709	-0.7884808	-3.690928	-3.531926	-2.973556	-2.108621	-1.501654	-1.839597	0.5343974	-0.9079738	0.3088304	-1.655243	-2.273427	-2.133657	-0.3045407	-1.140518	-0.2172277	-1.466709	-1.570953	-1.431396	-4.90997	-3.990031	-4.469202	-2.056809	-0.1331115	-2.408416	0.830016	0.03502087	0.8823731	-0.785129	-1.21908	-0.4160236	0.153984	-0.4897375	0.2515519	-1.081214	-1.476653	-0.6847645	-1.767069	-2.230788	-1.555526	-1.596992	-1.425397	-1.601761	-0.1015416	0.01169877	0.09579235	-0.03279231	-0.05821294	0.01551131	-0.5637028	-0.4858415	-0.2513847	-0.4170049	-0.2887266	0.1042495	-0.7045974	-1.017092	-1.18087	-0.2663344	-0.2185526	-0.6772437	-1.569803	-1.048795	-1.238487	-0.04767191	1.076641	0.3455521	-1.638648	-1.515957	-1.630709	0.05128596	0.8227689	-0.4076462	-3.583026	-3.471438	-3.631312	-0.6532742	1.796536	-0.6022092	-0.367045	-0.6766896	-0.006819755	-1.126368	-1.101523	-0.4896073	-0.9377548	-1.721091	-0.7889821	-1.505796	-1.76529	-1.245277	-2.889037	-2.155192	-2.464494	-0.2372824	1.413249	0.3962772	-0.4291274	-1.157496	-0.2354098	-1.815853	-2.123088	-1.106749	-0.9906862	-1.76507	-0.9299503	-1.790053	-2.1523	-1.195827	-3.610061	-3.683788	-2.878034	-2.912792	-1.732343	-1.762632
292.96875	0.1614225	-0.08542158	0.4774195	-0.5725102	-0.8406405	-0.3316405	-0.3582434	-0.8115636	0.02832173	-1.228387	-1.493708	-0.6514126	-3.549405	-3.433932	-2.979168	-1.994468	-1.363214	-1.904122	0.3997739	-0.9423509	0.2506745	-1.653265	-2.232083	-2.083825	-0.344709	-1.159325	-0.2561499	-1.449316	-1.509401	-1.415414	-4.663374	-3.955921	-4.393635	-2.123115	-0.1995814	-2.493347	0.9462458	0.1650348	0.9513729	-0.6456092	-1.131301	-0.3386167	0.2004405	-0.392885	0.3306766	-0.9949456	-1.369232	-0.5781667	-1.580983	-2.078048	-1.470709	-1.502427	-1.392167	-1.549082	-0.1737123	-0.08083377	0.03050458	-0.06979896	-0.06643339	-0.01656025	-0.5742109	-0.5072552	-0.2622972	-0.4164184	-0.2913741	0.1087009	-0.7919292	-1.121105	-1.279389	-0.3116793	-0.2831253	-0.6226782	-1.593582	-1.035711	-1.20766	-0.0411047	1.073836	0.4034124	-1.686483	-1.570485	-1.642702	-0.01554672	0.8005321	-0.4088944	-3.562466	-3.522061	-3.603721	-0.5116661	1.755493	-0.7254339	-0.4056788	-0.6044886	0.008486594	-1.072118	-0.9841408	-0.3810719	-0.8541121	-1.583875	-0.6845389	-1.467158	-1.672763	-1.139253	-2.738844	-2.249778	-2.393471	-0.1981801	1.393496	0.3400714	-0.388443	-1.109933	-0.2109331	-1.813607	-2.062151	-1.104483	-1.013652	-1.768686	-0.9395998	-1.762771	-2.082924	-1.147275	-3.665268	-3.929677	-2.93874	-3.028624	-1.7994	-1.873581
294.921875	0.1933228	-0.03681748	0.5172116	-0.4804398	-0.7095312	-0.2013177	-0.3336648	-0.7554348	0.06850197	-1.151564	-1.363873	-0.5427554	-3.532817	-3.49531	-3.015261	-2.004409	-1.250791	-1.965872	0.2729622	-0.9521149	0.1927827	-1.623027	-2.149073	-2.010084	-0.4170437	-1.200518	-0.3139121	-1.436612	-1.442944	-1.389498	-4.452368	-3.942225	-4.361568	-2.143945	-0.2207537	-2.567985	0.9923061	0.2167721	0.9475094	-0.5472544	-1.002379	-0.2984323	0.2152085	-0.3524812	0.3661773	-0.9457589	-1.265212	-0.4947891	-1.320705	-1.746018	-1.28766	-1.241302	-1.191838	-1.334189	-0.2262268	-0.1295322	-0.02364743	-0.07241428	-0.05412495	-0.0632953	-0.6021039	-0.523084	-0.2781164	-0.4332862	-0.2996132	0.1257857	-0.9038019	-1.211941	-1.390708	-0.3546713	-0.3044238	-0.4870956	-1.640763	-1.071871	-1.238588	-0.01255535	1.057061	0.4038104	-1.71293	-1.616554	-1.658267	-0.04399706	0.7706009	-0.4105329	-3.643613	-3.666748	-3.584775	-0.5406727	1.609106	-0.8742292	-0.4700189	-0.5262151	0.01583256	-0.9614373	-0.8326667	-0.2387132	-0.7684028	-1.443827	-0.5636566	-1.420711	-1.58569	-1.034072	-2.528188	-2.433074	-2.455348	-0.2442237	1.327133	0.1092158	-0.2745349	-0.9065495	-0.06157501	-1.729201	-1.942687	-0.9940155	-0.9941041	-1.715697	-0.8995192	-1.707099	-1.994755	-1.058946	-3.494602	-3.853149	-2.860946	-2.975841	-1.721835	-1.807444
296.875	0.150401	-0.04458134	0.4980949	-0.4204059	-0.6129705	-0.1093421	-0.328944	-0.7181316	0.07717147	-1.080388	-1.234904	-0.4608535	-3.597795	-3.686867	-3.002668	-2.117517	-1.206611	-1.939947	0.1863901	-0.9475692	0.1221832	-1.560108	-2.027569	-1.926169	-0.5192116	-1.256809	-0.392786	-1.428286	-1.373708	-1.346502	-4.393262	-3.971286	-4.4239	-2.122426	-0.2152787	-2.643372	0.9747372	0.1862545	0.8849683	-0.5001097	-0.8309529	-0.2627007	0.212393	-0.353411	0.35116	-0.9060415	-1.147603	-0.4262598	-1.092533	-1.402458	-1.049805	-0.983313	-0.9810055	-1.111494	-0.2292161	-0.102515	-0.03473273	-0.03465188	-0.02273795	-0.1007369	-0.6459503	-0.5373878	-0.2984036	-0.4580153	-0.3061982	0.143104	-1.040236	-1.289591	-1.479327	-0.4022539	-0.2454674	-0.3256251	-1.715598	-1.169343	-1.301349	-0.02924255	0.994525	0.3643934	-1.719552	-1.648654	-1.673325	-0.04339065	0.7259752	-0.4195515	-3.839154	-3.926841	-3.640754	-0.7208946	1.440933	-1.060729	-0.5186164	-0.4370019	0.04288627	-0.8524442	-0.6933764	-0.07515041	-0.6966966	-1.322622	-0.4471443	-1.362777	-1.50194	-0.9399989	-2.389254	-2.638732	-2.610006	-0.3173652	1.26918	-0.1727807	-0.2058275	-0.8032717	0.002337402	-1.629437	-1.845749	-0.9180999	-0.9824216	-1.688624	-0.8832534	-1.642903	-1.896809	-0.9842555	-3.365986	-3.822953	-2.89939	-2.90439	-1.667923	-1.765566
298.828125	0.1000086	-0.06212816	0.4729471	-0.3770115	-0.5354643	-0.06426763	-0.3217849	-0.6753178	0.07860132	-1.002398	-1.123723	-0.3918693	-3.640106	-3.882648	-2.90166	-2.233442	-1.215044	-1.813666	0.1209857	-0.9699667	0.01936211	-1.492498	-1.900244	-1.862821	-0.6316191	-1.309415	-0.4822629	-1.417182	-1.301434	-1.287454	-4.498351	-4.040397	-4.574638	-2.079186	-0.2146405	-2.708552	0.930456	0.1256977	0.8105397	-0.4736394	-0.6354781	-0.1899065	0.2128063	-0.3606324	0.3056008	-0.8423825	-1.008228	-0.359919	-1.024132	-1.253334	-0.8826036	-0.8922727	-0.8960114	-1.034351	-0.1886514	-0.02334948	-0.004285125	0.01465669	0.007601758	-0.1119409	-0.6923668	-0.5546096	-0.3200804	-0.4757603	-0.3009931	0.146849	-1.172289	-1.325038	-1.501686	-0.4598579	-0.1070922	-0.1818063	-1.796536	-1.295399	-1.350238	-0.1176836	0.8822428	0.3228678	-1.722026	-1.671201	-1.685512	-0.03880467	0.672022	-0.435466	-4.069164	-4.238649	-3.780671	-0.9366902	1.336805	-1.289163	-0.5415267	-0.3672051	0.07864166	-0.8004164	-0.5947587	0.0764567	-0.6401608	-1.216718	-0.348173	-1.285718	-1.405241	-0.8543817	-2.390028	-2.779261	-2.73297	-0.3640563	1.268623	-0.3664653	-0.1708322	-0.8216871	-0.03904929	-1.530172	-1.778432	-0.8983104	-0.9240142	-1.58967	-0.825138	-1.528656	-1.751009	-0.8722883	-3.244774	-3.754861	-2.933232	-2.777629	-1.65104	-1.715715
300.78125	0.08225074	-0.06359711	0.4740773	-0.3419094	-0.4525184	-0.05379291	-0.3029683	-0.6184674	0.0904638	-0.9122133	-1.032291	-0.3223369	-3.539323	-3.904947	-2.715239	-2.204206	-1.188308	-1.622954	0.04224055	-1.033351	-0.1117308	-1.444856	-1.790295	-1.836337	-0.7289318	-1.340412	-0.5634789	-1.394608	-1.222256	-1.218326	-4.677571	-4.120034	-4.744946	-2.034718	-0.2300289	-2.734351	0.9027314	0.1055341	0.768329	-0.4156089	-0.4330045	-0.06031175	0.2305928	-0.3405286	0.2663651	-0.7426541	-0.8571261	-0.2863152	-1.118083	-1.336686	-0.8528766	-0.9786443	-0.9425845	-1.112956	-0.1297235	0.05301097	0.04445172	0.03863426	-0.001723293	-0.1014268	-0.722623	-0.5732847	-0.3385936	-0.4748159	-0.2824268	0.1327615	-1.245029	-1.294903	-1.445498	-0.5034338	0.05715882	-0.07429455	-1.868827	-1.412121	-1.37471	-0.2531457	0.7552786	0.3074318	-1.741479	-1.694069	-1.694941	-0.05601736	0.6275312	-0.4451364	-4.268034	-4.542415	-3.963664	-1.126015	1.289242	-1.552906	-0.5270829	-0.2856163	0.1349991	-0.7795619	-0.4975163	0.2207524	-0.5928466	-1.112431	-0.2717703	-1.194111	-1.288191	-0.7696653	-2.467869	-2.767021	-2.694305	-0.3604552	1.357408	-0.4029348	0.0918472	-0.5189708	0.1642024	-1.304759	-1.61773	-0.7011229	-0.8816841	-1.512504	-0.7937092	-1.406358	-1.591699	-0.773998	-3.020477	-3.485887	-2.770872	-2.542226	-1.614614	-1.576683
302.734375	0.124659	-0.0186058	0.5161139	-0.2808052	-0.3282523	-0.02560441	-0.2845063	-0.5636343	0.1067962	-0.818952	-0.9497644	-0.2539604	-3.347022	-3.743489	-2.546038	-2.028337	-1.060044	-1.466609	-0.06752118	-1.116546	-0.2395742	-1.421463	-1.704244	-1.834147	-0.799399	-1.349563	-0.6239025	-1.361077	-1.135746	-1.149081	-4.815286	-4.170265	-4.857864	-1.996484	-0.2264546	-2.696573	0.9224607	0.1680353	0.7766286	-0.2888575	-0.226456	0.1121347	0.2501994	-0.2966792	0.2462813	-0.6281393	-0.7126238	-0.210373	-1.269841	-1.513902	-0.9298923	-1.105078	-0.9928316	-1.216595	-0.08617397	0.08438299	0.08001296	0.02051854	-0.05916002	-0.08691736	-0.7348164	-0.5913495	-0.3565081	-0.4591581	-0.2522143	0.1119704	-1.219439	-1.20304	-1.340235	-0.4973156	0.1767965	0.008528753	-1.917517	-1.485553	-1.39529	-0.3525712	0.66545	0.3265311	-1.776922	-1.71244	-1.699751	-0.08492891	0.6148412	-0.4273475	-4.397203	-4.784529	-4.133406	-1.234903	1.237373	-1.803323	-0.5268129	-0.2343284	0.1518746	-0.748971	-0.3712794	0.3249236	-0.5615373	-1.022897	-0.2290771	-1.109533	-1.156957	-0.6891365	-2.612476	-2.794052	-2.629998	-0.4025117	1.467827	-0.4289247	0.1568756	-0.5286421	0.1535279	-1.221277	-1.552089	-0.6761858	-0.8199311	-1.390038	-0.7251911	-1.271727	-1.419356	-0.6523573	-2.818117	-3.279555	-2.599891	-2.295324	-1.583203	-1.498555
304.6875	0.2013028	0.05948688	0.5701787	-0.1869155	-0.1596137	0.04894418	-0.284474	-0.5326231	0.1082311	-0.7388158	-0.8590522	-0.1959431	-3.182871	-3.500646	-2.47425	-1.798772	-0.8273148	-1.395962	-0.1791731	-1.166768	-0.3284283	-1.392854	-1.619291	-1.817896	-0.8484645	-1.350312	-0.6643077	-1.32464	-1.046471	-1.086939	-4.844289	-4.164195	-4.883791	-1.958621	-0.1536007	-2.610309	0.9805934	0.2889484	0.8117565	-0.1080236	-0.01726046	0.2842192	0.2414742	-0.2653218	0.2276358	-0.5399283	-0.5964164	-0.1519796	-1.36659	-1.607009	-1.026605	-1.118102	-0.9108361	-1.202437	-0.06964809	0.07114051	0.08966699	-0.0156781	-0.1339844	-0.08894133	-0.7377927	-0.6061797	-0.3770122	-0.4408089	-0.220478	0.09961722	-1.151351	-1.117213	-1.263141	-0.4465753	0.2429816	0.1038901	-1.943307	-1.505623	-1.435727	-0.3464865	0.6578941	0.3730402	-1.812158	-1.716169	-1.696731	-0.1005748	0.6391298	-0.3739822	-4.517309	-5.000521	-4.277318	-1.313798	1.128392	-1.995065	-0.5404096	-0.1699976	0.1511427	-0.6537623	-0.1979444	0.4074353	-0.5427664	-0.9470606	-0.2074136	-1.039854	-1.021396	-0.609038	-2.699541	-2.844094	-2.580008	-0.4888545	1.579941	-0.4915504	0.2118517	-0.4920314	0.2017812	-1.149141	-1.483331	-0.6259923	-0.832404	-1.37093	-0.7238044	-1.193349	-1.294269	-0.5925959	-2.874425	-3.542576	-2.76204	-2.202588	-1.627044	-1.696415
306.640625	0.2612456	0.1367013	0.5996865	-0.07552887	0.02613821	0.1597829	-0.3073127	-0.5341216	0.0809437	-0.6793545	-0.7533602	-0.1562805	-3.151752	-3.319965	-2.515284	-1.635577	-0.5538836	-1.389814	-0.2545314	-1.162899	-0.3780373	-1.3331	-1.514801	-1.764572	-0.8891631	-1.353371	-0.6961848	-1.292053	-0.960866	-1.032474	-4.777779	-4.112253	-4.851895	-1.908883	-0.0006894037	-2.529468	1.027705	0.3896203	0.8223172	0.06483684	0.1817597	0.4086923	0.1807593	-0.2874984	0.1762743	-0.50603	-0.5174758	-0.1314686	-1.339094	-1.522524	-1.048861	-0.9745827	-0.6873266	-1.034179	-0.0732102	0.04586406	0.08411568	-0.03478816	-0.1731223	-0.1096952	-0.7465036	-0.6146797	-0.401177	-0.4271559	-0.1913575	0.1061633	-1.106218	-1.085483	-1.249884	-0.3814944	0.2620159	0.2287164	-1.944852	-1.473241	-1.485098	-0.2196883	0.7369651	0.4363033	-1.827313	-1.699899	-1.687523	-0.08129164	0.6817504	-0.3025257	-4.697661	-5.228292	-4.414715	-1.404025	1.015879	-2.084561	-0.5942776	-0.1266302	0.1234466	-0.5236938	-0.02528012	0.4564402	-0.5268875	-0.8756053	-0.185266	-0.9718094	-0.883086	-0.5236156	-2.692865	-2.922318	-2.590551	-0.5979403	1.676531	-0.5974759	0.2409139	-0.4214834	0.2875257	-1.077968	-1.415304	-0.5532722	-0.8435475	-1.329817	-0.6931745	-1.126509	-1.185242	-0.5277866	-2.672291	-3.385172	-2.609513	-1.971838	-1.488038	-1.656392
308.59375	0.2669685	0.1791853	0.5880079	0.01580902	0.1771786	0.2591032	-0.3477798	-0.5642187	0.02559776	-0.6400409	-0.6389092	-0.1358351	-3.267609	-3.290537	-2.611987	-1.612208	-0.3479817	-1.400686	-0.2791436	-1.12595	-0.425594	-1.242576	-1.386403	-1.6801	-0.9328477	-1.362094	-0.7321697	-1.265063	-0.8862835	-0.9840282	-4.668569	-4.033604	-4.813466	-1.828146	0.1954072	-2.489041	1.04116	0.4263823	0.7984887	0.1735197	0.3395534	0.4715669	0.07039265	-0.376236	0.07338118	-0.521678	-0.468401	-0.1538674	-1.262985	-1.354662	-1.013112	-0.7808549	-0.4384988	-0.8148139	-0.06690519	0.04601578	0.08884699	-0.00847063	-0.1526655	-0.1392894	-0.7657272	-0.6142716	-0.4225283	-0.4217025	-0.1678153	0.126918	-1.134155	-1.11204	-1.287743	-0.3361739	0.2529697	0.3735508	-1.919558	-1.39647	-1.496823	-0.03163114	0.8639791	0.5077896	-1.81729	-1.674194	-1.678638	-0.03478613	0.7095705	-0.249351	-4.958823	-5.479743	-4.570898	-1.513878	1.007698	-2.077004	-0.6610113	-0.09024426	0.1178825	-0.41694	0.08775958	0.4927898	-0.52607	-0.835536	-0.1782445	-0.8964961	-0.7467954	-0.4499474	-2.672101	-3.030395	-2.668157	-0.7110572	1.758428	-0.6983215	0.1939865	-0.4335409	0.2944775	-1.030971	-1.37302	-0.5194203	-0.8781282	-1.313293	-0.6825255	-1.070726	-1.094029	-0.4856063	-2.406676	-3.064706	-2.365861	-1.714335	-1.276225	-1.499392
310.546875	0.2352996	0.1922165	0.5628072	0.07154245	0.263011	0.3114507	-0.3851518	-0.6022579	-0.03671277	-0.6057823	-0.5311986	-0.1257122	-3.418751	-3.353874	-2.663192	-1.669052	-0.2669172	-1.373011	-0.2839333	-1.110668	-0.5105819	-1.156591	-1.258628	-1.600706	-0.9854515	-1.376474	-0.7815984	-1.242497	-0.8261649	-0.9426289	-4.578126	-3.958879	-4.80158	-1.718346	0.3660383	-2.479975	1.016539	0.4075714	0.7569317	0.2096287	0.442186	0.4969988	-0.05264156	-0.4965332	-0.05783415	-0.5516865	-0.4310392	-0.1988657	-1.220425	-1.239741	-0.9804966	-0.6585307	-0.2809669	-0.6620981	-0.03654299	0.08191027	0.1148801	0.0564035	-0.08684476	-0.154937	-0.7864716	-0.6007491	-0.4307071	-0.4193028	-0.1516118	0.1471579	-1.238654	-1.167924	-1.341747	-0.3536038	0.2244314	0.4895446	-1.8596	-1.2861	-1.432593	0.1432979	0.9790475	0.5762208	-1.79663	-1.661841	-1.681934	0.008076217	0.6984169	-0.2465555	-5.245837	-5.711489	-4.731023	-1.613231	1.173455	-2.013481	-0.7280167	-0.08655047	0.1345284	-0.3901773	0.1117881	0.5166126	-0.5328275	-0.8112724	-0.1795661	-0.801083	-0.6064637	-0.3834279	-2.665731	-3.104775	-2.718418	-0.7935959	1.844201	-0.7300211	0.1891486	-0.3775399	0.3195277	-0.9511704	-1.296735	-0.432505	-0.894188	-1.263366	-0.6627789	-0.9894554	-0.9905638	-0.430413	-2.173846	-2.714803	-2.119096	-1.493401	-1.080624	-1.293018
312.5	0.2014769	0.1800761	0.5518686	0.08249594	0.2804455	0.3003365	-0.4174242	-0.6415026	-0.0917517	-0.5756701	-0.4483643	-0.1235008	-3.46852	-3.378836	-2.602465	-1.687273	-0.2884144	-1.29505	-0.3161933	-1.153889	-0.636394	-1.118506	-1.165163	-1.562203	-1.044087	-1.39614	-0.8454835	-1.222756	-0.7761573	-0.9116502	-4.549707	-3.925592	-4.805312	-1.619734	0.4482343	-2.462371	0.9764717	0.3848411	0.7300857	0.2136444	0.5033704	0.5249326	-0.1579404	-0.6036833	-0.181033	-0.5636059	-0.3876123	-0.2373873	-1.27809	-1.274314	-1.02851	-0.6578593	-0.2287064	-0.6203803	0.009113883	0.1363382	0.1518739	0.1278461	-0.01819316	-0.1389577	-0.7984308	-0.5758862	-0.4228393	-0.4166049	-0.14233	0.1555152	-1.372581	-1.225519	-1.386771	-0.4483368	0.1599038	0.5161859	-1.768452	-1.166988	-1.3015	0.2516072	1.030535	0.6203652	-1.787748	-1.681221	-1.702494	0.01383272	0.6481503	-0.298421	-5.480681	-5.869261	-4.849535	-1.680677	1.466653	-1.94808	-0.7571787	-0.07627568	0.1899042	-0.4238898	0.09318778	0.5558211	-0.5499957	-0.794433	-0.191675	-0.6964456	-0.4613597	-0.3193114	-2.666069	-3.103963	-2.665583	-0.8485715	1.92667	-0.6904969	0.2889912	-0.1694132	0.4337634	-0.820944	-1.153755	-0.238303	-0.8636959	-1.15014	-0.6167765	-0.8700631	-0.8629808	-0.3437255	-2.102313	-2.588952	-2.02381	-1.402153	-0.9937809	-1.178348
314.453125	0.2067493	0.1590922	0.5780972	0.05851272	0.2498931	0.2481876	-0.4440509	-0.6743569	-0.1332862	-0.5452453	-0.3915546	-0.1269036	-3.380966	-3.289778	-2.463875	-1.600325	-0.330341	-1.202235	-0.3892875	-1.238379	-0.7578619	-1.141886	-1.121484	-1.569168	-1.103385	-1.427348	-0.9195843	-1.208125	-0.7297	-0.8969987	-4.59837	-3.954338	-4.813869	-1.582696	0.44805	-2.408921	0.9376181	0.3938269	0.7259224	0.2352125	0.560836	0.5772272	-0.2412608	-0.6753236	-0.2734157	-0.5526981	-0.3356091	-0.2533925	-1.374551	-1.40566	-1.133898	-0.715327	-0.2037686	-0.6307757	0.04524978	0.1847586	0.1786549	0.1730255	0.01890242	-0.09225199	-0.795607	-0.546871	-0.4056563	-0.4089175	-0.1406688	0.1515025	-1.484295	-1.301153	-1.424684	-0.627739	0.0481566	0.4063906	-1.66683	-1.071409	-1.165674	0.2968494	1.011478	0.6196235	-1.799783	-1.7289	-1.733659	-0.02398143	0.5791267	-0.3791613	-5.596251	-5.911069	-4.900259	-1.669414	1.774137	-1.902683	-0.7633723	-0.06872213	0.2221543	-0.4656985	0.1034698	0.5977413	-0.5848379	-0.7802852	-0.2153141	-0.6054126	-0.3176131	-0.2506331	-2.652638	-3.096862	-2.575819	-0.8991587	1.964948	-0.6707235	0.177782	-0.3099498	0.2808727	-0.8371487	-1.097542	-0.2114512	-0.8593081	-1.103883	-0.6323341	-0.7786816	-0.7621517	-0.2993312	-2.281085	-2.904546	-2.21897	-1.502656	-1.055947	-1.291526
316.40625	0.2404862	0.1205399	0.6208688	0.006101098	0.2008134	0.1801107	-0.4824681	-0.7109553	-0.1737871	-0.5284194	-0.3591152	-0.1439428	-3.187861	-3.076543	-2.304221	-1.413437	-0.2963292	-1.112932	-0.4786283	-1.321843	-0.8240934	-1.20752	-1.120932	-1.5986	-1.157258	-1.473094	-0.9988157	-1.201297	-0.6809621	-0.9003329	-4.713639	-4.049233	-4.834933	-1.628941	0.4197759	-2.34053	0.9035638	0.4180875	0.7217746	0.284968	0.6374422	0.6350709	-0.3168478	-0.7222247	-0.3357062	-0.5436211	-0.2954782	-0.2573201	-1.48159	-1.577117	-1.270907	-0.7637195	-0.1195469	-0.6294978	0.04885475	0.2171374	0.1803117	0.1858344	0.03313433	-0.02731533	-0.786439	-0.5274948	-0.3945622	-0.3963821	-0.1402462	0.1473933	-1.540556	-1.416943	-1.457432	-0.8775157	-0.1022766	0.1744891	-1.592192	-1.033543	-1.09181	0.2987936	0.9484675	0.5618652	-1.831414	-1.790982	-1.764674	-0.09474576	0.5108972	-0.4566073	-5.629936	-5.875423	-4.902737	-1.632341	1.999502	-1.86521	-0.7661167	-0.06103656	0.1918976	-0.4586084	0.1904444	0.6275044	-0.6369659	-0.7630239	-0.2426521	-0.5413957	-0.1846086	-0.1725436	-2.642916	-3.209822	-2.595397	-0.9718895	1.918953	-0.7563404	0.2343424	-0.1567283	0.3743723	-0.7642118	-0.9604732	-0.01465219	-0.8803321	-1.124093	-0.6919804	-0.7357179	-0.7056094	-0.3030641	-1.935041	-2.430137	-1.762733	-1.322662	-0.8794993	-0.9667912
318.359375	0.2760468	0.07553	0.6589386	-0.05562577	0.1567094	0.1256265	-0.5418401	-0.7590669	-0.2268579	-0.5329347	-0.3456172	-0.178269	-3.008682	-2.843257	-2.20434	-1.239371	-0.1519096	-1.044592	-0.5338455	-1.361564	-0.8196189	-1.271041	-1.132597	-1.615764	-1.198911	-1.526249	-1.074332	-1.200393	-0.6317535	-0.9164572	-4.848375	-4.163107	-4.897134	-1.704085	0.4465767	-2.300604	0.8508968	0.3927954	0.6753756	0.3210361	0.716465	0.6495807	-0.4145362	-0.7848324	-0.397432	-0.5707933	-0.2945133	-0.2809839	-1.563684	-1.739231	-1.383161	-0.7915695	0.006519991	-0.6096871	0.02170513	0.2372395	0.162483	0.1860306	0.05227432	0.03186552	-0.7839575	-0.5274999	-0.4015159	-0.3760228	-0.130005	0.1577538	-1.549869	-1.559875	-1.478042	-1.141483	-0.2399833	-0.08966604	-1.562848	-1.051057	-1.100084	0.294582	0.8904819	0.4634826	-1.863003	-1.843447	-1.785611	-0.1659521	0.4500203	-0.5107695	-5.622157	-5.786343	-4.906279	-1.562371	2.170806	-1.788597	-0.7817028	-0.05038044	0.1063554	-0.3862534	0.3447571	0.6374721	-0.6943437	-0.7434593	-0.2645524	-0.4992779	-0.07302213	-0.09249519	-2.605821	-3.368788	-2.708997	-1.01166	1.831292	-0.8642992	0.1701571	-0.1785972	0.3638733	-0.7642863	-0.8953876	0.06196406	-0.8631804	-1.095055	-0.6912791	-0.7067538	-0.665511	-0.294731	-2.07866	-2.807944	-1.944779	-1.426678	-0.9207876	-1.126448
320.3125	0.2804452	0.04356477	0.6776204	-0.1052697	0.1257954	0.09764852	-0.6212559	-0.8231298	-0.296325	-0.5597815	-0.3463401	-0.2254237	-2.896883	-2.658995	-2.168669	-1.148365	0.07485463	-0.9693487	-0.5322871	-1.357346	-0.7817737	-1.299397	-1.127563	-1.606472	-1.222343	-1.567078	-1.136831	-1.19645	-0.5864193	-0.9334697	-4.933165	-4.213931	-5.006655	-1.697517	0.5839284	-2.298935	0.7693661	0.2770048	0.5742134	0.296511	0.7557386	0.5864542	-0.5344923	-0.8826461	-0.4736691	-0.644084	-0.3474963	-0.3469971	-1.667306	-1.929386	-1.487826	-0.8540686	0.09766224	-0.6245145	-0.02073955	0.2507571	0.1398174	0.2011748	0.1044877	0.07332084	-0.7930698	-0.5453409	-0.4251544	-0.3457703	-0.1036044	0.1841346	-1.539138	-1.670711	-1.469417	-1.357303	-0.3294995	-0.28195	-1.573182	-1.094695	-1.154254	0.2978862	0.86659	0.3538657	-1.88416	-1.880503	-1.798952	-0.2243885	0.3854803	-0.5493446	-5.61814	-5.662589	-4.928157	-1.486297	2.375293	-1.647304	-0.8109314	-0.04834781	0.01553504	-0.2834736	0.5028667	0.6269492	-0.7472533	-0.7391361	-0.2889997	-0.4670091	0.008073586	-0.03334256	-2.579705	-3.48701	-2.856733	-0.9893637	1.784265	-0.8706039	0.09041792	-0.2181399	0.3523156	-0.7709037	-0.8556069	0.08816981	-0.8115332	-1.010177	-0.6299531	-0.6714535	-0.6270721	-0.2686385	-1.940588	-2.716206	-1.814996	-1.309233	-0.8053237	-1.037599
322.265625	0.2313227	0.03280257	0.6701331	-0.1403142	0.1069067	0.0893628	-0.7004759	-0.8935313	-0.368364	-0.592513	-0.3516697	-0.2692311	-2.851638	-2.548796	-2.155532	-1.144965	0.3047344	-0.8657998	-0.4979072	-1.341691	-0.7680801	-1.288751	-1.095725	-1.583799	-1.225725	-1.578664	-1.17787	-1.180838	-0.5512216	-0.9413521	-4.928996	-4.14906	-5.135055	-1.533295	0.821821	-2.297322	0.6725879	0.103241	0.4536374	0.2079445	0.7269471	0.4629844	-0.6539345	-1.003276	-0.5593948	-0.7404559	-0.4377446	-0.4492933	-1.852923	-2.200585	-1.643582	-1.001931	0.09670813	-0.719488	-0.05756551	0.2535074	0.1242696	0.2433731	0.1811921	0.09426069	-0.8076251	-0.5678657	-0.4528111	-0.3077962	-0.06694903	0.2109244	-1.515724	-1.672707	-1.420785	-1.450931	-0.384185	-0.34427	-1.5859	-1.119409	-1.19619	0.3190092	0.8693562	0.259353	-1.887754	-1.904322	-1.811419	-0.2640963	0.3074727	-0.5907042	-5.602741	-5.482704	-4.936956	-1.391278	2.67521	-1.461084	-0.8520908	-0.07348692	-0.02625014	-0.215933	0.5934714	0.6081259	-0.7879853	-0.7660595	-0.3287149	-0.4362541	0.05651272	-0.01611775	-2.583173	-3.491912	-2.939179	-0.9365583	1.82482	-0.7289479	0.1015395	-0.117406	0.4374905	-0.7281207	-0.7794424	0.1621218	-0.8750194	-1.106423	-0.702764	-0.6917654	-0.6370035	-0.3436297	-1.896403	-2.723202	-1.834998	-1.182901	-0.7155303	-1.004386
324.21875	0.1537183	0.05397392	0.6534566	-0.1570809	0.1026446	0.1002896	-0.7652728	-0.9634801	-0.4279999	-0.6218519	-0.355845	-0.3001083	-2.840618	-2.499772	-2.131597	-1.161036	0.4574496	-0.7444578	-0.4829316	-1.351237	-0.8099284	-1.262839	-1.049743	-1.57485	-1.212474	-1.557952	-1.195522	-1.150978	-0.5256894	-0.9375597	-4.838469	-3.968044	-5.217233	-1.231703	1.09896	-2.228185	0.5709075	-0.05608098	0.3578913	0.09565841	0.6445557	0.3354104	-0.7432598	-1.111972	-0.6351372	-0.8218535	-0.5260643	-0.5553362	-2.082859	-2.517277	-1.853682	-1.208838	0.0179367	-0.8743375	-0.0920279	0.2281357	0.1086958	0.2925611	0.2545285	0.1018228	-0.8160757	-0.579414	-0.4712273	-0.2697701	-0.035785	0.2155817	-1.485014	-1.541638	-1.352006	-1.408405	-0.4190963	-0.2827291	-1.573649	-1.108149	-1.191896	0.3410907	0.8593878	0.185285	-1.876609	-1.921264	-1.824089	-0.2906012	0.2200927	-0.6438797	-5.524836	-5.22593	-4.8623	-1.267041	3.012969	-1.288547	-0.8699768	-0.1062094	0.0207828	-0.2137576	0.6027748	0.6055075	-0.8115139	-0.8119212	-0.3820993	-0.4041868	0.08126044	-0.03629236	-2.59988	-3.393913	-2.910949	-0.9327008	1.923187	-0.5239018	0.1167165	-0.02239292	0.4908251	-0.6912343	-0.6899558	0.232871	-0.8403319	-1.036139	-0.6589086	-0.6275659	-0.5807975	-0.3120639	-1.781131	-2.547585	-1.782254	-0.980187	-0.5740997	-0.860544
326.171875	0.08145429	0.08855438	0.6365053	-0.1712019	0.1099689	0.1215246	-0.8042578	-1.018637	-0.465007	-0.635453	-0.3497739	-0.3135431	-2.872367	-2.527847	-2.118644	-1.155029	0.4858547	-0.6665456	-0.5191172	-1.390309	-0.8881313	-1.247047	-1.006359	-1.593139	-1.193007	-1.522815	-1.195122	-1.117009	-0.5069052	-0.9300362	-4.705952	-3.733673	-5.197519	-0.9088995	1.336061	-2.060989	0.4832324	-0.1299051	0.323224	0.01464925	0.5545452	0.264286	-0.78838	-1.182528	-0.6860749	-0.8664601	-0.5805519	-0.6322899	-2.296758	-2.811614	-2.088034	-1.413669	-0.08041682	-1.041927	-0.1289003	0.1705198	0.0872798	0.3194387	0.2931494	0.1043872	-0.8102624	-0.5732031	-0.4750569	-0.2410565	-0.02869491	0.1850481	-1.415523	-1.322814	-1.278418	-1.252867	-0.4611147	-0.175305	-1.541266	-1.085757	-1.152862	0.3310381	0.7958176	0.1183918	-1.855037	-1.932703	-1.828774	-0.3080675	0.1387212	-0.7006845	-5.363461	-4.92671	-4.677876	-1.142922	3.253377	-1.193914	-0.8880031	-0.1753664	0.08628284	-0.2913273	0.5610908	0.606306	-0.8292459	-0.8619438	-0.4467066	-0.3781461	0.09556328	-0.07505006	-2.592905	-3.281678	-2.811537	-1.051246	1.971603	-0.4174305	0.01672105	-0.1155871	0.3763235	-0.7299405	-0.639678	0.2257184	-0.8606475	-1.060526	-0.699506	-0.5835183	-0.5407259	-0.3116084	-1.927461	-2.743493	-2.04237	-0.9466221	-0.5324788	-0.9164417
328.125	0.02270596	0.09911849	0.6106673	-0.2021933	0.121751	0.1382291	-0.8235393	-1.051546	-0.4827347	-0.6335279	-0.3323975	-0.3163241	-2.914548	-2.611089	-2.138003	-1.076884	0.43133	-0.6615883	-0.603392	-1.446481	-0.9603155	-1.260595	-0.9810269	-1.633936	-1.179453	-1.497841	-1.188095	-1.094691	-0.4900072	-0.9296284	-4.57115	-3.511027	-5.071237	-0.6763053	1.492283	-1.822453	0.4024653	-0.1248689	0.3296602	-0.0178426	0.5001073	0.2615408	-0.8103274	-1.226634	-0.7240417	-0.8866293	-0.5985855	-0.6748406	-2.422887	-3.004058	-2.266145	-1.561427	-0.1550088	-1.181656	-0.1577792	0.1011247	0.06978211	0.3083436	0.2832204	0.1015069	-0.7941218	-0.5546963	-0.4691631	-0.2292506	-0.04817543	0.1317556	-1.320787	-1.117795	-1.221056	-1.071685	-0.4680375	-0.08334212	-1.510564	-1.081797	-1.113065	0.2811292	0.6809588	0.05606364	-1.827843	-1.937724	-1.8163	-0.3202007	0.07644816	-0.7467257	-5.145764	-4.662402	-4.434363	-1.05592	3.297081	-1.203191	-0.889432	-0.2236459	0.1373152	-0.3971792	0.5368344	0.6216539	-0.8667076	-0.9274759	-0.5298229	-0.3741516	0.09926102	-0.1240889	-2.580448	-3.307286	-2.778066	-1.300038	1.878626	-0.5306604	-0.05762877	-0.1639884	0.3023933	-0.7634386	-0.5884055	0.2607912	-0.8541457	-1.05308	-0.717301	-0.537909	-0.5017121	-0.2780287	-1.937728	-2.677792	-2.064332	-0.8856942	-0.4109597	-0.8428527
330.078125	-0.0264453	0.07501076	0.5759014	-0.2488416	0.1293977	0.1457132	-0.8479408	-1.073735	-0.5003227	-0.6352299	-0.3205868	-0.32676	-2.959903	-2.755042	-2.208748	-0.9768325	0.3518569	-0.7453945	-0.6970678	-1.49578	-0.9949253	-1.300333	-0.9700282	-1.671714	-1.178176	-1.497236	-1.181536	-1.095017	-0.4755073	-0.9408866	-4.441639	-3.329183	-4.889273	-0.5607368	1.568393	-1.588825	0.3286005	-0.1037515	0.332417	-0.02674807	0.4855959	0.2848134	-0.8410252	-1.276315	-0.7702202	-0.9150091	-0.6093075	-0.7054424	-2.466296	-3.087902	-2.334999	-1.659763	-0.2142006	-1.295407	-0.160651	0.05596617	0.07249465	0.2734055	0.2515838	0.100198	-0.7803613	-0.535847	-0.4637949	-0.2330433	-0.07531867	0.08718313	-1.219616	-0.9981465	-1.172454	-0.9301784	-0.3970701	-0.02694832	-1.509528	-1.115727	-1.096462	0.191435	0.5524127	0.003195166	-1.796525	-1.93564	-1.7866	-0.3290269	0.03103268	-0.7770051	-4.918839	-4.488937	-4.223166	-1.020246	3.164084	-1.292316	-0.8910544	-0.2493529	0.128678	-0.4850594	0.5616425	0.6286944	-0.911953	-0.9758	-0.5965355	-0.3829323	0.09661874	-0.156905	-2.550913	-3.424568	-2.815562	-1.554932	1.680544	-0.7665399	-0.1563071	-0.2642879	0.2296527	-0.8330536	-0.5973163	0.2494048	-0.8557824	-1.068895	-0.7395355	-0.5316368	-0.5015765	-0.2577968	-1.918762	-2.552576	-1.961228	-0.8712852	-0.2931789	-0.7670682
332.03125	-0.07669478	0.03481122	0.5368378	-0.2824958	0.1295189	0.1461215	-0.8818192	-1.086372	-0.5230902	-0.6411402	-0.3279918	-0.3472468	-2.963611	-2.913108	-2.286527	-0.9041827	0.3158193	-0.862993	-0.7593559	-1.524967	-0.9929027	-1.348241	-0.9586792	-1.683539	-1.182811	-1.511142	-1.173457	-1.113603	-0.465366	-0.956297	-4.298818	-3.169111	-4.727118	-0.4907117	1.599232	-1.423864	0.2771102	-0.1265501	0.2960187	-0.04083921	0.4894699	0.2772637	-0.9018281	-1.353971	-0.8354624	-0.9756935	-0.646544	-0.7514253	-2.44989	-3.084841	-2.274137	-1.730259	-0.2739314	-1.383086	-0.11194	0.06861645	0.1135919	0.2523458	0.2279713	0.1053169	-0.7744695	-0.5223995	-0.4615991	-0.2389916	-0.08838723	0.07801927	-1.152746	-0.9847009	-1.129716	-0.8494522	-0.2296837	0.0183239	-1.526301	-1.156582	-1.098322	0.1137069	0.4693758	-0.02024309	-1.763738	-1.929257	-1.753148	-0.3395713	-0.007680975	-0.7993119	-4.714909	-4.393836	-4.106817	-1.005708	2.988709	-1.408728	-0.8992516	-0.2524558	0.07533848	-0.5196794	0.6274709	0.6181377	-0.9628643	-1.025328	-0.6473317	-0.4083685	0.07135336	-0.1845823	-2.543385	-3.535022	-2.877188	-1.689265	1.506027	-0.9307592	-0.1744853	-0.2728662	0.2873353	-0.8893098	-0.637425	0.2369647	-0.9365131	-1.211884	-0.8369871	-0.6060874	-0.574742	-0.3220548	-2.063053	-2.714756	-1.998378	-1.008389	-0.3180262	-0.8786106
333.984375	-0.1295662	0.01040422	0.5013663	-0.267688	0.130247	0.1500094	-0.9224333	-1.097726	-0.5502973	-0.6539558	-0.3633114	-0.3738124	-2.874271	-3.008806	-2.299132	-0.8655111	0.348151	-0.9291683	-0.7572844	-1.518275	-0.9702552	-1.370856	-0.9262201	-1.659416	-1.176901	-1.514634	-1.154724	-1.133585	-0.4604621	-0.9617474	-4.135594	-3.010557	-4.631716	-0.386013	1.60652	-1.349407	0.2716991	-0.1990379	0.2245262	-0.06423526	0.4828319	0.211735	-0.9777782	-1.441418	-0.90162	-1.059503	-0.7186945	-0.8148365	-2.428028	-3.042177	-2.13975	-1.781496	-0.316066	-1.424344	-0.01355695	0.1439816	0.188143	0.2752391	0.2328021	0.1246106	-0.7764796	-0.5128125	-0.4610137	-0.2360671	-0.0741503	0.107877	-1.162017	-1.044377	-1.113682	-0.8026842	0.002478068	0.09114543	-1.535547	-1.164562	-1.09525	0.0825142	0.4645841	-0.004886092	-1.737541	-1.926473	-1.734423	-0.3628986	-0.04622054	-0.8281448	-4.54929	-4.328576	-4.074254	-1.002258	2.884707	-1.527198	-0.9124075	-0.2526782	0.01695289	-0.496577	0.6905738	0.5835254	-1.000629	-1.072054	-0.6713583	-0.4461777	0.01640435	-0.2112072	-2.555938	-3.500994	-2.862619	-1.642429	1.483532	-0.8670766	-0.2154262	-0.3676012	0.3170876	-0.9892651	-0.7315426	0.1269682	-0.9348086	-1.203174	-0.8043372	-0.6433113	-0.6245661	-0.3187551	-2.329788	-3.139099	-2.202655	-1.258349	-0.5024104	-1.148159
335.9375	-0.1610087	0.01810913	0.4818206	-0.196238	0.138787	0.1644958	-0.9620396	-1.115851	-0.5758655	-0.6767412	-0.4220269	-0.3985643	-2.719062	-3.009348	-2.222968	-0.8489682	0.4168183	-0.8935518	-0.6847506	-1.465349	-0.9418785	-1.339385	-0.8595713	-1.609826	-1.146797	-1.489995	-1.120683	-1.138641	-0.4579752	-0.9503665	-3.960527	-2.84374	-4.589153	-0.2297759	1.601546	-1.337281	0.3198413	-0.2664788	0.1580578	-0.07004921	0.4588794	0.1166952	-1.042592	-1.500787	-0.9431288	-1.134124	-0.7999046	-0.8715594	-2.41274	-2.972948	-2.003534	-1.781119	-0.2920729	-1.381631	0.1058097	0.2534046	0.271696	0.3466257	0.2553787	0.1532968	-0.7760024	-0.500042	-0.4566685	-0.2174887	-0.04376002	0.1508904	-1.233847	-1.115998	-1.140459	-0.7431871	0.2099118	0.1845674	-1.51248	-1.117326	-1.066666	0.1023727	0.5204561	0.0400516	-1.713792	-1.918489	-1.730025	-0.3902613	-0.07647495	-0.8625859	-4.384112	-4.203	-4.03662	-0.9694208	2.890171	-1.62572	-0.8966764	-0.2255284	0.01538816	-0.4234307	0.7261632	0.5502413	-1.014247	-1.111266	-0.6721717	-0.4918486	-0.06386828	-0.2411876	-2.546834	-3.275131	-2.715239	-1.47095	1.621857	-0.5951135	-0.2359513	-0.4508813	0.3519467	-1.082833	-0.7964313	0.018194	-0.958434	-1.211745	-0.7834612	-0.6846612	-0.673866	-0.3301538	-2.245573	-3.061596	-2.055507	-1.324972	-0.6054014	-1.140885
337.890625	-0.1686394	0.03177271	0.4688945	-0.108717	0.1633319	0.1876627	-0.9856791	-1.136264	-0.5893945	-0.7073043	-0.4871848	-0.4136595	-2.612416	-2.976517	-2.131332	-0.8565366	0.4547958	-0.7995843	-0.554856	-1.365666	-0.9097958	-1.244393	-0.7619365	-1.557106	-1.094194	-1.443474	-1.078739	-1.12729	-0.4544111	-0.93194	-3.832611	-2.73405	-4.561478	-0.1157521	1.553516	-1.370324	0.3958881	-0.2707637	0.1364153	-0.03850388	0.4247423	0.04601992	-1.070375	-1.500916	-0.9424087	-1.168464	-0.8537714	-0.8918356	-2.354453	-2.849775	-1.882017	-1.71014	-0.2183502	-1.257168	0.1786564	0.3446195	0.3202175	0.4241976	0.2936757	0.1867753	-0.7660641	-0.4806909	-0.4469421	-0.1905309	-0.02110009	0.1742099	-1.321876	-1.152706	-1.208824	-0.6390535	0.3316946	0.2731161	-1.463772	-1.038417	-1.01405	0.1304832	0.5815804	0.08807328	-1.687109	-1.893668	-1.722908	-0.4091523	-0.08452613	-0.8899392	-4.226542	-4.016191	-3.937432	-0.9502122	2.942169	-1.705045	-0.8686603	-0.2039968	0.04031252	-0.3510907	0.7182347	0.5129068	-1.022537	-1.150731	-0.6750346	-0.5451841	-0.1560355	-0.2788269	-2.47092	-2.973722	-2.501462	-1.305828	1.776976	-0.3184229	-0.1341922	-0.3122149	0.4980228	-1.068692	-0.7217773	0.07338285	-1.025783	-1.274963	-0.8146499	-0.7323385	-0.7185026	-0.3632419	-2.317366	-3.277446	-2.206493	-1.49697	-0.8099863	-1.304201
339.84375	-0.1432729	0.02757363	0.4581146	-0.04344626	0.2030302	0.2122101	-0.991353	-1.153412	-0.5888109	-0.7477626	-0.5451243	-0.4206566	-2.633524	-2.971415	-2.100496	-0.8961508	0.4214188	-0.716926	-0.3940435	-1.23399	-0.8765346	-1.100583	-0.6431664	-1.520635	-1.035028	-1.398353	-1.043278	-1.111589	-0.4480512	-0.9256805	-3.790511	-2.736719	-4.52134	-0.1386369	1.449629	-1.441136	0.4529133	-0.2047823	0.1642581	0.0156344	0.3847623	0.02999673	-1.056489	-1.445741	-0.9033415	-1.159095	-0.866336	-0.8681906	-2.227592	-2.668153	-1.763299	-1.593944	-0.1605268	-1.110336	0.1719484	0.38095	0.3176429	0.4615409	0.3364863	0.2098939	-0.7435992	-0.4564247	-0.4310274	-0.1699446	-0.02580322	0.1626229	-1.377236	-1.143491	-1.286781	-0.5093557	0.3608503	0.3272787	-1.423911	-0.9786267	-0.9515767	0.104381	0.592949	0.1162273	-1.649425	-1.843341	-1.693343	-0.4056451	-0.06629522	-0.8965355	-4.103197	-3.821118	-3.784109	-0.9901087	2.967523	-1.74739	-0.850548	-0.1992076	0.04639209	-0.3244104	0.6754679	0.4731498	-1.023631	-1.160014	-0.6709536	-0.5891851	-0.2388084	-0.307858	-2.377096	-2.833277	-2.393139	-1.265046	1.78102	-0.2654778	-0.1895888	-0.3790935	0.4168976	-1.097637	-0.6348985	0.06818699	-1.075132	-1.311062	-0.8364085	-0.7592726	-0.7395732	-0.3678452	-2.050159	-2.909454	-1.979344	-1.461563	-0.8289004	-1.18338
341.796875	-0.1187503	-0.01857652	0.4317333	-0.03546959	0.2434531	0.2197347	-0.988712	-1.164484	-0.5798309	-0.8002546	-0.59429	-0.4280869	-2.787647	-3.040192	-2.167745	-0.9971664	0.3225995	-0.7105531	-0.2537872	-1.121154	-0.8624697	-0.955304	-0.5282876	-1.512984	-0.9927292	-1.37966	-1.0278	-1.107951	-0.4417693	-0.9461089	-3.804635	-2.82922	-4.469836	-0.2861302	1.328459	-1.531932	0.4474467	-0.1244048	0.2017326	0.05096921	0.3384356	0.05174512	-1.026354	-1.380349	-0.8571271	-1.132439	-0.8535848	-0.8260784	-2.055478	-2.464969	-1.618303	-1.506851	-0.2027762	-1.021662	0.1102146	0.3713852	0.2857483	0.4489282	0.3737753	0.2157554	-0.7125341	-0.4286759	-0.4082232	-0.1651497	-0.05414702	0.1335916	-1.378895	-1.107621	-1.33173	-0.389555	0.3390997	0.3441652	-1.427334	-0.9776881	-0.9077213	0.002194986	0.5471174	0.1178264	-1.59703	-1.773973	-1.639292	-0.3767861	-0.03688985	-0.883476	-4.039143	-3.677638	-3.647949	-1.086853	2.954542	-1.726846	-0.825004	-0.1533178	0.05830717	-0.3395492	0.628198	0.468793	-1.045917	-1.172937	-0.6901252	-0.631049	-0.3125865	-0.3435926	-2.290398	-2.893322	-2.423771	-1.321883	1.592399	-0.4487556	-0.2066482	-0.339736	0.3777004	-1.068399	-0.4961722	0.146029	-1.01806	-1.190183	-0.7413874	-0.731133	-0.7173805	-0.2772918	-2.004393	-2.839787	-1.97007	-1.562645	-0.9339214	-1.280557
343.75	-0.1302321	-0.09929556	0.3814301	-0.07488391	0.2672699	0.1934667	-0.9891924	-1.170443	-0.5679089	-0.859108	-0.6428023	-0.4424971	-2.941506	-3.130481	-2.25969	-1.144125	0.2049378	-0.7582327	-0.1767065	-1.066486	-0.8889403	-0.8488465	-0.4295861	-1.5251	-0.9831982	-1.397645	-1.035191	-1.125012	-0.4436153	-0.9923707	-3.812445	-2.93582	-4.437751	-0.4451163	1.252729	-1.611975	0.3900705	-0.08718085	0.2106458	0.04202532	0.2856754	0.06741357	-0.9934132	-1.336245	-0.8178689	-1.11612	-0.849407	-0.7963721	-1.938277	-2.329254	-1.480815	-1.501168	-0.3198143	-1.020217	0.05634771	0.3629725	0.2666995	0.4205264	0.401157	0.217483	-0.6789005	-0.3951908	-0.3764964	-0.173029	-0.08346274	0.1219163	-1.368585	-1.091034	-1.340409	-0.3148383	0.3265795	0.3464236	-1.479815	-1.034551	-0.9048531	-0.144532	0.4841943	0.1028943	-1.536811	-1.707713	-1.581668	-0.3389634	-0.02117723	-0.8684039	-4.049191	-3.624792	-3.593759	-1.227917	2.931763	-1.655087	-0.8067538	-0.09084786	0.06887347	-0.3863392	0.5784124	0.4910091	-1.077215	-1.191873	-0.7226567	-0.6715941	-0.3874009	-0.388802	-2.269023	-3.081238	-2.544838	-1.370794	1.33559	-0.7043542	-0.1976449	-0.2559468	0.3937474	-1.02569	-0.393122	0.2278579	-1.081197	-1.287788	-0.8058862	-0.7952427	-0.7774082	-0.3118531	-1.821911	-2.508904	-1.674761	-1.607051	-1.001748	-1.263435
345.703125	-0.167148	-0.1640286	0.3219197	-0.1024307	0.274198	0.1402528	-0.9926227	-1.171552	-0.5534415	-0.9076965	-0.6960049	-0.462126	-2.958335	-3.166659	-2.268607	-1.2851	0.1203234	-0.7828581	-0.184835	-1.081097	-0.9615201	-0.7966484	-0.348931	-1.537501	-0.9941136	-1.429783	-1.051566	-1.149446	-0.4517457	-1.042467	-3.784265	-3.004691	-4.452979	-0.511538	1.241709	-1.656894	0.3289865	-0.1044476	0.184372	0.005369677	0.2444282	0.05293275	-0.9715031	-1.325514	-0.7945634	-1.121935	-0.8711105	-0.7947093	-1.910701	-2.29305	-1.376603	-1.562444	-0.4244732	-1.061805	0.07102322	0.4060898	0.293708	0.4298151	0.4053403	0.2329709	-0.6495301	-0.3532239	-0.3384614	-0.1788636	-0.08843326	0.1513475	-1.405185	-1.142182	-1.349173	-0.3042486	0.3345743	0.3439957	-1.550505	-1.106865	-0.950001	-0.2675876	0.4666989	0.09050553	-1.477448	-1.662426	-1.547883	-0.3066227	-0.03274078	-0.8692447	-4.086558	-3.61683	-3.608461	-1.350206	2.932103	-1.574362	-0.8018649	-0.05126298	0.08449505	-0.4378941	0.5231104	0.5232281	-1.095925	-1.217871	-0.7512798	-0.7150314	-0.4783223	-0.4440013	-2.315758	-3.215293	-2.607232	-1.312517	1.185137	-0.8083727	-0.2498534	-0.3075173	0.363408	-1.044415	-0.4102795	0.2021084	-1.099377	-1.320208	-0.8117946	-0.8492326	-0.8386692	-0.3217378	-1.966981	-2.752031	-1.727777	-1.876137	-1.280576	-1.550086
347.65625	-0.2062564	-0.1881261	0.2660982	-0.08122471	0.2689348	0.06937601	-0.9936599	-1.168927	-0.5318699	-0.9345552	-0.7508904	-0.4774952	-2.79502	-3.114002	-2.140241	-1.361942	0.07522167	-0.7238566	-0.2649737	-1.13484	-1.059299	-0.7800643	-0.2759148	-1.529741	-1.00638	-1.456256	-1.062418	-1.168715	-0.4677298	-1.077414	-3.71189	-2.992522	-4.496227	-0.4495435	1.292212	-1.639066	0.3147788	-0.1332538	0.1563717	-0.01637933	0.2388228	0.026035	-0.9512609	-1.320907	-0.7733546	-1.135464	-0.9094824	-0.8054976	-1.958123	-2.343473	-1.352915	-1.616887	-0.4123635	-1.077837	0.1559321	0.5152907	0.3608176	0.5069694	0.3864557	0.2789993	-0.6302319	-0.3083845	-0.3041731	-0.1697302	-0.06583104	0.2112226	-1.515495	-1.267309	-1.400799	-0.3532526	0.3513331	0.3415873	-1.597573	-1.145909	-1.020275	-0.3274181	0.5240253	0.09388573	-1.42964	-1.640826	-1.547433	-0.2902379	-0.060376	-0.887885	-4.091118	-3.585696	-3.62457	-1.411291	2.946398	-1.543887	-0.783673	-0.03123899	0.1256573	-0.4574846	0.4676591	0.5562643	-1.084281	-1.234497	-0.7557701	-0.7564351	-0.5868146	-0.4974159	-2.399432	-3.180607	-2.522596	-1.13932	1.219272	-0.6741048	-0.2875551	-0.3791007	0.371973	-1.075408	-0.4943386	0.1562366	-1.057993	-1.246346	-0.7341434	-0.8673956	-0.8725036	-0.2819872	-1.949758	-2.810083	-1.612838	-2.055971	-1.50484	-1.680278
349.609375	-0.2065375	-0.1670936	0.2295358	-0.005422444	0.2648418	0.006365813	-0.9876067	-1.165319	-0.5022027	-0.9435342	-0.8011299	-0.4836906	-2.522515	-2.989506	-1.915728	-1.328378	0.04345718	-0.5881464	-0.3740647	-1.176852	-1.144749	-0.7612244	-0.1956976	-1.492112	-0.9962114	-1.461228	-1.057352	-1.174483	-0.4872929	-1.091625	-3.664561	-2.965063	-4.52686	-0.3655377	1.319245	-1.595726	0.3416402	-0.1296514	0.156488	0.0006428564	0.2787017	0.02680445	-0.9245834	-1.2942	-0.7444617	-1.136927	-0.9403968	-0.8027111	-2.020683	-2.42999	-1.432767	-1.59942	-0.2808856	-1.052527	0.2652933	0.6570898	0.4378841	0.6286718	0.3444532	0.3454385	-0.6282967	-0.2763249	-0.2902285	-0.1466052	-0.02964659	0.2680463	-1.621103	-1.396037	-1.466704	-0.425755	0.3255922	0.3206852	-1.592301	-1.124851	-1.071422	-0.3326638	0.6322665	0.1143538	-1.390533	-1.623707	-1.562331	-0.2789362	-0.08133897	-0.9107702	-4.037638	-3.498755	-3.577334	-1.438103	2.924396	-1.585714	-0.7715285	-0.05462341	0.1501031	-0.4488417	0.4166524	0.5630109	-1.055333	-1.245914	-0.743391	-0.7898443	-0.7019717	-0.5449224	-2.47065	-3.015009	-2.321486	-0.9400573	1.35048	-0.419072	-0.2467268	-0.3439426	0.4640599	-1.052587	-0.5429292	0.1969507	-1.095382	-1.284875	-0.7469392	-0.9193691	-0.9255409	-0.3063406	-1.691282	-2.53532	-1.326398	-2.030845	-1.548803	-1.586176
351.5625	-0.1678871	-0.1377191	0.2078078	0.08297805	0.2712522	-0.03091143	-0.9758003	-1.163822	-0.4692524	-0.9519898	-0.8397589	-0.4826453	-2.335624	-2.898578	-1.735017	-1.260062	-0.02120635	-0.4774479	-0.4649702	-1.169902	-1.189587	-0.710389	-0.0972949	-1.426908	-0.9570815	-1.449099	-1.036072	-1.173318	-0.5089236	-1.09726	-3.658237	-2.949896	-4.480483	-0.358335	1.270891	-1.568162	0.3631593	-0.08724872	0.1853932	0.04132061	0.3435909	0.07776512	-0.8980213	-1.245314	-0.7148448	-1.121161	-0.9467658	-0.7758445	-2.050461	-2.512776	-1.593756	-1.521822	-0.1579033	-1.048218	0.327755	0.7663224	0.4851637	0.7284232	0.3010812	0.4121058	-0.6417577	-0.2710585	-0.3036122	-0.1214038	-0.004991605	0.2893181	-1.615152	-1.431299	-1.476317	-0.4779188	0.2424697	0.2810934	-1.54383	-1.060744	-1.057076	-0.3451321	0.7244745	0.1402702	-1.359529	-1.596081	-1.562587	-0.2735376	-0.08297891	-0.924895	-3.942521	-3.372282	-3.463848	-1.484441	2.825965	-1.652339	-0.7603913	-0.070754	0.1536096	-0.4165959	0.3885443	0.5544438	-1.025998	-1.238225	-0.7144889	-0.8021976	-0.8013376	-0.5732689	-2.519371	-2.895396	-2.170489	-0.8344542	1.397213	-0.2857729	-0.1435138	-0.2060202	0.582494	-0.9648848	-0.4990017	0.3308821	-1.069651	-1.210081	-0.6853833	-0.9175621	-0.926719	-0.2661416	-1.627914	-2.574347	-1.412347	-2.016901	-1.56717	-1.674608
353.515625	-0.1181563	-0.1292368	0.1911456	0.1417789	0.2919162	-0.02991165	-0.9670515	-1.170745	-0.4440386	-0.9808124	-0.8680921	-0.485231	-2.315005	-2.879379	-1.677236	-1.23898	-0.1367743	-0.4809582	-0.5220637	-1.127726	-1.198761	-0.6368811	0.007326147	-1.354665	-0.9020413	-1.433295	-1.005882	-1.178414	-0.53133	-1.10986	-3.680455	-2.963248	-4.339952	-0.4664937	1.132883	-1.589762	0.3266973	-0.04466345	0.2064976	0.06899561	0.3976473	0.1592363	-0.8754768	-1.194359	-0.6918312	-1.100632	-0.9371859	-0.7393214	-2.021672	-2.555153	-1.752721	-1.441223	-0.1811494	-1.119389	0.3204603	0.8015754	0.4940719	0.7558388	0.26899	0.4500594	-0.665226	-0.2924964	-0.3379899	-0.1088723	0.002123419	0.2749946	-1.464197	-1.323785	-1.38437	-0.4883536	0.1452817	0.2526434	-1.465106	-0.9729122	-0.9589348	-0.38686	0.749154	0.1653573	-1.33069	-1.553886	-1.535636	-0.2715007	-0.07027406	-0.9300412	-3.864015	-3.267048	-3.356567	-1.602996	2.651372	-1.666549	-0.7789916	-0.06693089	0.1218324	-0.3912311	0.3776449	0.5402303	-1.016026	-1.222437	-0.687201	-0.7956441	-0.8740006	-0.5877265	-2.556505	-2.930127	-2.185041	-0.865506	1.257407	-0.4021591	-0.1128364	-0.1824918	0.5583989	-0.9050692	-0.417832	0.4098921	-1.066259	-1.180926	-0.664972	-0.9248954	-0.9336305	-0.2522906	-1.509871	-2.460126	-1.47415	-1.866717	-1.466305	-1.727455
355.46875	-0.08102246	-0.1266514	0.180448	0.1740531	0.3319553	0.01431859	-0.9554408	-1.179568	-0.4274621	-1.025114	-0.8851029	-0.495633	-2.403537	-2.899462	-1.727211	-1.3083	-0.2809523	-0.6042155	-0.5536475	-1.090007	-1.196582	-0.5760961	0.09255622	-1.29813	-0.8530626	-1.422478	-0.9731186	-1.195994	-0.5513871	-1.1325	-3.65797	-2.953457	-4.126832	-0.6114423	0.9679598	-1.639644	0.2364222	-0.03807621	0.1902802	0.06607661	0.4167633	0.2252133	-0.8625314	-1.166495	-0.6819428	-1.090349	-0.9278626	-0.717082	-1.992346	-2.582973	-1.863153	-1.418031	-0.3570356	-1.256391	0.2776422	0.7709957	0.4863129	0.712155	0.2512558	0.4479303	-0.6846451	-0.3210461	-0.3715163	-0.1116067	0.002400986	0.2513695	-1.242803	-1.12828	-1.228839	-0.4539174	0.07760467	0.2470865	-1.372812	-0.8812049	-0.8037476	-0.4458248	0.6982644	0.1843372	-1.301697	-1.511526	-1.493313	-0.2801441	-0.06368127	-0.9401345	-3.841496	-3.227128	-3.333902	-1.785478	2.440369	-1.583039	-0.7898514	0.01279772	0.1236211	-0.3670535	0.3744237	0.5607594	-1.01815	-1.200556	-0.6652219	-0.7821484	-0.9228344	-0.5941008	-2.624896	-3.182305	-2.416868	-1.002073	0.9598463	-0.7595059	-0.09855448	-0.1952908	0.4939752	-0.8674584	-0.3215813	0.4394889	-1.056744	-1.164308	-0.6515395	-0.9385526	-0.9539759	-0.2540194	-1.501411	-2.476744	-1.614963	-1.747582	-1.428844	-1.892749
357.421875	-0.07239176	-0.1007029	0.1737028	0.201646	0.3896482	0.08342438	-0.9382769	-1.185548	-0.4165756	-1.064779	-0.8886012	-0.5117134	-2.456375	-2.896314	-1.791645	-1.449828	-0.4319764	-0.7760804	-0.5696207	-1.084453	-1.200227	-0.5594783	0.1367088	-1.269653	-0.8276001	-1.415694	-0.9428487	-1.220931	-0.5630951	-1.154103	-3.55061	-2.888378	-3.905702	-0.7033864	0.8483077	-1.679493	0.130661	-0.07813083	0.1299458	0.04902316	0.4171165	0.2406329	-0.8583081	-1.169142	-0.6826096	-1.093816	-0.9282085	-0.7219095	-2.012365	-2.617809	-1.901862	-1.458271	-0.5641716	-1.373028	0.259629	0.7246976	0.4914543	0.6445182	0.236459	0.4122661	-0.6903957	-0.3319046	-0.3840754	-0.1210713	0.01450211	0.2515252	-1.105075	-0.9905477	-1.128991	-0.4091636	0.05342747	0.2430985	-1.272388	-0.7902206	-0.6533011	-0.4745533	0.6160122	0.1984973	-1.266651	-1.480447	-1.459584	-0.2926173	-0.07649618	-0.964511	-3.85083	-3.227966	-3.409979	-1.931365	2.252372	-1.421064	-0.7857581	0.1160726	0.163942	-0.3462866	0.3565443	0.6048396	-1.012749	-1.180365	-0.6506493	-0.7826547	-0.9666587	-0.6041346	-2.644337	-3.413857	-2.631488	-1.110857	0.6900346	-1.095047	-0.01053735	-0.1060513	0.5439855	-0.8068846	-0.2242193	0.4819337	-1.06332	-1.194756	-0.6653179	-0.9739267	-1.003569	-0.2924371	-1.455558	-2.445171	-1.591394	-1.662383	-1.476588	-2.0106
359.375	-0.08491582	-0.0339819	0.1643102	0.2490842	0.4542347	0.1411019	-0.9017559	-1.174595	-0.3984495	-1.068116	-0.8751773	-0.521279	-2.383978	-2.848966	-1.806654	-1.580742	-0.5692266	-0.9140362	-0.5759003	-1.118176	-1.212762	-0.599602	0.1277145	-1.273648	-0.8289644	-1.410619	-0.9162379	-1.245577	-0.5671562	-1.162553	-3.362402	-2.75775	-3.727463	-0.7032093	0.8181062	-1.671625	0.07230834	-0.1278472	0.06841081	0.05132201	0.4309059	0.209927	-0.8379122	-1.167924	-0.6670068	-1.092357	-0.932726	-0.7362822	-2.064075	-2.655259	-1.879215	-1.503742	-0.641774	-1.379309	0.3033447	0.7135409	0.524079	0.6123029	0.2102381	0.3647003	-0.6803073	-0.3148414	-0.3698455	-0.1243507	0.0408226	0.2814614	-1.194835	-1.052697	-1.215398	-0.4142809	0.08448146	0.2134226	-1.169182	-0.7041008	-0.5596455	-0.4543257	0.5518998	0.204587	-1.227957	-1.465148	-1.447141	-0.3040348	-0.1049087	-0.9973162	-3.825387	-3.205469	-3.524696	-1.922883	2.131489	-1.251986	-0.7168322	0.2427213	0.2744511	-0.3012155	0.3322606	0.6781879	-0.9869115	-1.165653	-0.6433315	-0.8068496	-1.020329	-0.6237147	-2.693566	-3.658294	-2.799259	-1.177347	0.5550382	-1.294098	0.05481829	-0.05450283	0.6202482	-0.763315	-0.1932026	0.4846816	-1.056566	-1.21101	-0.6601924	-1.00377	-1.057454	-0.3300307	-1.461886	-2.54694	-1.538232	-1.698337	-1.63721	-2.109606
361.328125	-0.09172042	0.06303393	0.1528197	0.3199655	0.5107965	0.1597951	-0.8593254	-1.156263	-0.3751269	-1.038628	-0.8528969	-0.5243811	-2.243244	-2.818027	-1.801039	-1.652391	-0.701284	-1.013495	-0.5649702	-1.167434	-1.22204	-0.6749712	0.08029203	-1.302132	-0.8376639	-1.400813	-0.8889398	-1.26274	-0.5671861	-1.154431	-3.153265	-2.602928	-3.601891	-0.6611957	0.8438359	-1.627925	0.07815148	-0.1460898	0.0498242	0.08930694	0.4845427	0.1725219	-0.7967917	-1.137661	-0.6273679	-1.069535	-0.9256335	-0.7350756	-2.082076	-2.675362	-1.82787	-1.504917	-0.558948	-1.281567	0.3985265	0.7505921	0.5759231	0.6351717	0.1618205	0.3187029	-0.6647163	-0.2861518	-0.3432369	-0.1198419	0.0630786	0.3169974	-1.481595	-1.314047	-1.482164	-0.4921926	0.1301473	0.1372784	-1.056593	-0.6166703	-0.5263108	-0.3885203	0.5282583	0.2004945	-1.179612	-1.446917	-1.440879	-0.2963597	-0.1352919	-1.017062	-3.713045	-3.111239	-3.606652	-1.697247	2.096987	-1.13343	-0.5840514	0.3591376	0.4210481	-0.2299401	0.3182956	0.7567125	-0.9414369	-1.151237	-0.6341332	-0.8442491	-1.085754	-0.6487452	-2.733246	-3.787872	-2.808899	-1.174321	0.5928836	-1.259179	0.07266419	-0.05165073	0.6765519	-0.7131147	-0.2060822	0.4818272	-1.063955	-1.242592	-0.6666641	-1.030131	-1.107476	-0.3745975	-1.471404	-2.677823	-1.450472	-1.799419	-1.792687	-2.104366
363.28125	-0.06821436	0.1597809	0.1489529	0.399075	0.5421806	0.1440904	-0.8172693	-1.131377	-0.3483565	-0.9886037	-0.8298002	-0.5184952	-2.133911	-2.845087	-1.823786	-1.653215	-0.8357618	-1.125389	-0.5325647	-1.201177	-1.217157	-0.7469364	0.03036686	-1.336608	-0.8271864	-1.384258	-0.8559232	-1.273471	-0.5711374	-1.142021	-2.972369	-2.459281	-3.491846	-0.6405885	0.8546249	-1.593464	0.1176724	-0.1132457	0.08944638	0.1507155	0.5706564	0.1702151	-0.7349809	-1.066264	-0.5620769	-1.024031	-0.9052409	-0.7034715	-2.013749	-2.670604	-1.789183	-1.461582	-0.4263076	-1.182747	0.4912639	0.8082874	0.622293	0.6861799	0.1131722	0.2884051	-0.6597277	-0.2757714	-0.3275661	-0.120051	0.06029228	0.3266781	-1.815918	-1.629591	-1.805464	-0.6224555	0.1872761	0.05563341	-0.9488266	-0.5420185	-0.51969	-0.3284224	0.5214406	0.1763908	-1.125583	-1.410878	-1.415708	-0.2740986	-0.1583914	-1.007648	-3.525578	-2.961261	-3.628684	-1.315215	2.132759	-1.065197	-0.4169765	0.4746688	0.5719749	-0.1495473	0.3263837	0.8323793	-0.9000912	-1.134845	-0.6185306	-0.8742901	-1.148929	-0.6699366	-2.770448	-3.82545	-2.721697	-1.14175	0.7076883	-1.09036	0.01324948	-0.1302255	0.6309165	-0.6510561	-0.221239	0.4736806	-1.055563	-1.235624	-0.6524103	-1.030018	-1.130966	-0.3918771	-1.619527	-2.986947	-1.553053	-1.974098	-1.895094	-2.11237
365.234375	-0.0350166	0.2047509	0.1547124	0.4454756	0.5395489	0.1137623	-0.7926599	-1.115286	-0.3306446	-0.9538555	-0.81975	-0.5142327	-2.175893	-2.981448	-1.939762	-1.681404	-0.9896256	-1.338386	-0.5013689	-1.218618	-1.203273	-0.7947975	0.003078874	-1.363324	-0.7858273	-1.367384	-0.8165565	-1.285604	-0.5870475	-1.142175	-2.814623	-2.321538	-3.345846	-0.6422964	0.8031483	-1.605221	0.1502051	-0.03777096	0.1665825	0.2126512	0.6564433	0.2176112	-0.6745402	-0.9782979	-0.4936607	-0.9738653	-0.8785874	-0.6521841	-1.843223	-2.636714	-1.772404	-1.416435	-0.4038479	-1.188619	0.5363182	0.8486432	0.6477611	0.7230501	0.09520057	0.2814218	-0.6692001	-0.2987237	-0.3332034	-0.1362147	0.02389738	0.2977146	-1.993644	-1.794018	-1.995725	-0.7440813	0.2332659	0.01977558	-0.8510002	-0.4790001	-0.4880483	-0.2995094	0.4961255	0.1385507	-1.073292	-1.358368	-1.357529	-0.2646664	-0.1844309	-0.9763569	-3.348938	-2.839101	-3.639402	-0.9381049	2.195397	-1.00382	-0.2925612	0.5418044	0.6630232	-0.1097035	0.3334415	0.8680891	-0.8787311	-1.111479	-0.5854811	-0.881147	-1.195256	-0.6771998	-2.807299	-3.808035	-2.667761	-1.099021	0.7809145	-0.9520798	0.03275155	-0.04937818	0.6400748	-0.4999773	-0.136553	0.5748072	-1.02232	-1.183985	-0.6137065	-1.007263	-1.13291	-0.3826087	-1.552515	-2.841288	-1.409126	-1.976939	-1.768139	-1.846646
367.1875	0.002936031	0.2040074	0.1878149	0.4613034	0.5198819	0.1112853	-0.7817041	-1.109301	-0.3251756	-0.9481481	-0.8212086	-0.5174299	-2.33424	-3.1728	-2.104228	-1.793072	-1.156081	-1.643092	-0.4955009	-1.226439	-1.191178	-0.8142225	0.01354788	-1.370126	-0.7234452	-1.355034	-0.7777225	-1.302833	-0.6102388	-1.16108	-2.650769	-2.17834	-3.160823	-0.6139355	0.7001838	-1.664818	0.1631229	0.06059827	0.2485505	0.2643443	0.7103355	0.2965308	-0.6339813	-0.9090056	-0.4449687	-0.9409158	-0.8573536	-0.6072236	-1.62179	-2.586138	-1.766225	-1.409416	-0.547191	-1.312591	0.5236791	0.8613669	0.6526145	0.7281926	0.1382381	0.306576	-0.6855649	-0.3427525	-0.3521321	-0.1714114	-0.02953714	0.2487354	-1.939662	-1.710051	-1.964516	-0.8013143	0.2693591	0.06090761	-0.7761921	-0.4269391	-0.4121704	-0.3058438	0.4410886	0.1073188	-1.031773	-1.306151	-1.275751	-0.2992869	-0.2291459	-0.946785	-3.288644	-2.836229	-3.711625	-0.7389287	2.238683	-0.9091834	-0.2097072	0.6113545	0.7334674	-0.1121096	0.3236403	0.8838367	-0.8969713	-1.114924	-0.5616221	-0.8768811	-1.226691	-0.6866865	-2.889193	-3.866154	-2.803179	-1.081159	0.7338234	-1.010002	-0.0130695	-0.07838094	0.5233275	-0.3885644	-0.04603888	0.595082	-1.003941	-1.167077	-0.6063175	-1.000056	-1.148219	-0.3973551	-1.649027	-2.873743	-1.464677	-2.047901	-1.687521	-1.706267
369.140625	0.02316807	0.1822363	0.2471326	0.4456875	0.5083875	0.15065	-0.7727979	-1.107747	-0.3260159	-0.9636014	-0.8210538	-0.5274123	-2.474544	-3.3282	-2.215846	-1.977031	-1.323666	-1.937234	-0.5287429	-1.237837	-1.187366	-0.8202729	0.05230743	-1.355175	-0.6712665	-1.356297	-0.7528444	-1.326813	-0.6317754	-1.191587	-2.466991	-2.047033	-2.988773	-0.5100223	0.6025236	-1.745339	0.1946965	0.1710745	0.3251916	0.3151327	0.7302856	0.3756438	-0.612178	-0.8727054	-0.4206225	-0.9293635	-0.8432639	-0.5847909	-1.45086	-2.554832	-1.774179	-1.443823	-0.7587876	-1.470036	0.4738995	0.8639128	0.6454545	0.7168204	0.2519905	0.3693856	-0.6936724	-0.3748709	-0.3653746	-0.2094119	-0.06759825	0.2143331	-1.733227	-1.457232	-1.771998	-0.7854191	0.2874047	0.1386542	-0.7325331	-0.3792871	-0.3123682	-0.3294517	0.3800658	0.1124879	-1.000851	-1.26918	-1.195709	-0.3797795	-0.2976263	-0.9402967	-3.388262	-2.973598	-3.884716	-0.767608	2.249397	-0.7802103	-0.1788772	0.6349179	0.7660249	-0.1605927	0.2738498	0.8555456	-0.9148103	-1.10912	-0.5238709	-0.8627328	-1.244026	-0.6857114	-2.86848	-3.830171	-2.944557	-1.009441	0.6190631	-1.172436	0.1057697	0.1393858	0.5986544	-0.2124079	0.1099395	0.7028694	-0.9438373	-1.100298	-0.5562192	-0.9816921	-1.155625	-0.3928721	-1.960276	-3.233668	-1.787096	-2.245787	-1.792596	-1.78427
371.09375	0.02292146	0.1767613	0.3149619	0.4114294	0.5259332	0.2114549	-0.7455568	-1.092352	-0.3183006	-0.9677734	-0.7991384	-0.5318288	-2.485967	-3.391952	-2.202187	-2.148795	-1.477887	-2.09772	-0.5864212	-1.24882	-1.187588	-0.8246959	0.1033275	-1.321641	-0.6558315	-1.374845	-0.7523034	-1.355708	-0.6428745	-1.217415	-2.295587	-1.97089	-2.917067	-0.3466244	0.5858753	-1.806092	0.255197	0.2643043	0.3835182	0.364325	0.7433879	0.4267217	-0.5890688	-0.8529716	-0.4052711	-0.92019	-0.823759	-0.5771753	-1.376051	-2.546666	-1.774401	-1.490525	-0.9093938	-1.553393	0.4257891	0.8813707	0.6375835	0.7261935	0.4013933	0.4542712	-0.6819673	-0.3707522	-0.3571432	-0.2307502	-0.07429007	0.2145428	-1.550208	-1.236593	-1.585023	-0.7533897	0.2870295	0.1692364	-0.7224208	-0.3343993	-0.2268327	-0.3578618	0.3487003	0.1719837	-0.9740904	-1.249228	-1.13354	-0.4802213	-0.3795078	-0.9578177	-3.632852	-3.213947	-4.13917	-0.9752695	2.255838	-0.653372	-0.1243251	0.6775694	0.8277897	-0.195468	0.2280446	0.8309736	-0.9169715	-1.108236	-0.4934773	-0.8583215	-1.267249	-0.6919741	-2.818653	-3.85746	-3.109073	-0.9361104	0.4648111	-1.419514	0.1248124	0.1820009	0.5732975	-0.1327219	0.1732235	0.6685547	-0.9421627	-1.146869	-0.5859545	-1.0024	-1.190367	-0.4558871	-1.999639	-3.178961	-1.76717	-2.289742	-1.895943	-1.644171
373.046875	0.01698744	0.2080193	0.3605269	0.3815207	0.581638	0.2573868	-0.6955754	-1.054228	-0.2898875	-0.9408555	-0.7519132	-0.5203429	-2.350719	-3.351048	-2.064573	-2.190524	-1.587469	-2.06317	-0.6373487	-1.244703	-1.186173	-0.8247401	0.1552733	-1.277649	-0.6839358	-1.413373	-0.7754729	-1.392777	-0.6501058	-1.22902	-2.193498	-1.993047	-2.982111	-0.2025114	0.6687191	-1.819362	0.3438023	0.3262476	0.4277983	0.4088424	0.7882469	0.4522481	-0.532523	-0.8119367	-0.3687479	-0.887515	-0.7904835	-0.5613621	-1.389592	-2.556838	-1.759061	-1.523517	-0.9420691	-1.530252	0.3882307	0.9105514	0.6237331	0.7680723	0.544933	0.540637	-0.6508316	-0.3321178	-0.3266159	-0.2234277	-0.05625307	0.2441664	-1.496167	-1.198297	-1.527803	-0.7553284	0.2670247	0.09061664	-0.7397487	-0.2960098	-0.180081	-0.3863647	0.3666744	0.2794415	-0.9367687	-1.228135	-1.085337	-0.552276	-0.4546572	-0.9779772	-3.918978	-3.442921	-4.402064	-1.177714	2.332792	-0.5354633	-0.02052736	0.7411994	0.9231806	-0.1905164	0.2295592	0.8305122	-0.8898501	-1.101341	-0.4682512	-0.8664623	-1.304132	-0.7050768	-2.672242	-3.83477	-3.10081	-0.8450331	0.3331155	-1.581019	0.01556396	0.03351429	0.4283586	-0.1468537	0.1417205	0.5169793	-0.8937705	-1.123723	-0.5541586	-0.9874133	-1.185906	-0.4748273	-1.881514	-2.908707	-1.577434	-2.220752	-1.991554	-1.369397
375	0.01235709	0.2545015	0.3643514	0.3578835	0.6495482	0.2582361	-0.6383011	-1.003051	-0.2455326	-0.887338	-0.6928908	-0.4931283	-2.199507	-3.269422	-1.904439	-2.0839	-1.62755	-1.898841	-0.6662928	-1.220496	-1.187046	-0.8091299	0.2061418	-1.229729	-0.7247051	-1.454741	-0.8005031	-1.433438	-0.6625142	-1.22244	-2.165257	-2.075483	-3.116885	-0.1354053	0.8163702	-1.765777	0.4409435	0.3634169	0.4684986	0.4426554	0.8736102	0.4739775	-0.4378208	-0.7328523	-0.3009672	-0.8240913	-0.7466398	-0.5232831	-1.435545	-2.567143	-1.728877	-1.54677	-0.9223061	-1.461112	0.3597123	0.9257073	0.5997587	0.8271666	0.6382699	0.5977852	-0.6109693	-0.2839322	-0.2853466	-0.193728	-0.03963251	0.2790081	-1.557621	-1.338209	-1.610439	-0.8116128	0.2584267	-0.07079702	-0.7684364	-0.2711126	-0.1762505	-0.4024192	0.4225906	0.4022583	-0.8830876	-1.191329	-1.035415	-0.5730967	-0.5138731	-0.9783808	-4.164881	-3.593555	-4.600428	-1.263938	2.514342	-0.4071659	0.1222625	0.8347287	1.049261	-0.1515747	0.305185	0.8749392	-0.8425899	-1.086049	-0.4458002	-0.8803948	-1.350816	-0.7206731	-2.473284	-3.763845	-2.922683	-0.7765602	0.2151208	-1.613131	0.04392333	0.1453785	0.4795993	-0.07842256	0.179159	0.534566	-0.8242441	-1.061274	-0.4909773	-0.9458054	-1.148768	-0.4611676	-1.831326	-2.773428	-1.487802	-2.15819	-2.095945	-1.151236
376.953125	-0.001199797	0.2677183	0.320112	0.3393494	0.6939623	0.2077664	-0.5866435	-0.9512461	-0.197931	-0.820262	-0.6393775	-0.4566764	-2.184053	-3.224236	-1.832413	-1.922364	-1.599304	-1.746564	-0.6810241	-1.182905	-1.199151	-0.767911	0.2605082	-1.177112	-0.742935	-1.481914	-0.8041618	-1.472454	-0.69021	-1.202866	-2.164874	-2.128497	-3.195927	-0.1501513	0.9495971	-1.642541	0.5201045	0.402206	0.5073344	0.4808208	0.9908463	0.521338	-0.3308792	-0.6334822	-0.2189866	-0.7481428	-0.7061735	-0.4709211	-1.46808	-2.560296	-1.701577	-1.564581	-0.9230271	-1.419887	0.3313056	0.9024838	0.5651335	0.8721389	0.6701899	0.6113448	-0.5742719	-0.2503037	-0.2461729	-0.1602868	-0.04515301	0.2997833	-1.606097	-1.502129	-1.71745	-0.8643994	0.2697611	-0.2217781	-0.7999659	-0.2704689	-0.2037047	-0.3996333	0.4873455	0.5019615	-0.8204711	-1.143014	-0.9749906	-0.5627332	-0.5671648	-0.9552334	-4.310642	-3.641044	-4.682841	-1.198161	2.763425	-0.2280813	0.2287123	0.8914569	1.152676	-0.1407184	0.4130472	0.93263	-0.8032433	-1.081307	-0.4335209	-0.8959258	-1.394244	-0.7385535	-2.32261	-3.736572	-2.729395	-0.7922734	0.05320581	-1.601595	0.1087252	0.3232508	0.5632987	0.01191041	0.2645808	0.6255032	-0.8299675	-1.108871	-0.5139669	-0.9460597	-1.1402	-0.4979973	-2.288588	-3.479578	-2.021302	-2.378174	-2.367187	-1.403816
378.90625	-0.001277347	0.2474223	0.2676333	0.3517607	0.7039301	0.1462478	-0.553596	-0.9191105	-0.1670243	-0.7622339	-0.605401	-0.4282762	-2.353585	-3.242885	-1.89632	-1.811913	-1.506729	-1.697438	-0.7035401	-1.149018	-1.228818	-0.7051334	0.3206386	-1.114408	-0.7227508	-1.482604	-0.7754105	-1.500186	-0.7278522	-1.176618	-2.131394	-2.08068	-3.120766	-0.207649	0.9950877	-1.470957	0.5917757	0.4877671	0.5566456	0.5571	1.116408	0.6115326	-0.2366329	-0.5441493	-0.1443213	-0.6891945	-0.6892018	-0.4279123	-1.440534	-2.499842	-1.662182	-1.563376	-0.9666936	-1.423046	0.3039018	0.8468246	0.5283726	0.8810211	0.6583698	0.5861914	-0.5488077	-0.2350887	-0.2166928	-0.1385964	-0.06775741	0.3056204	-1.551548	-1.534674	-1.732485	-0.8560054	0.3094607	-0.2664456	-0.8254606	-0.2881446	-0.2488404	-0.3608572	0.5449864	0.5640978	-0.7673486	-1.106701	-0.9104236	-0.5734448	-0.6347515	-0.925772	-4.350501	-3.615791	-4.64199	-1.043279	2.984596	0.005355958	0.2932615	0.943136	1.256517	-0.1787908	0.4942914	0.9999774	-0.7659924	-1.057907	-0.4027468	-0.8932751	-1.411087	-0.7358588	-2.167398	-3.617755	-2.535503	-0.8385168	-0.1314397	-1.556122	0.1386727	0.3991286	0.57104	0.0638633	0.3466638	0.6817619	-0.7981957	-1.082072	-0.4847708	-0.9356981	-1.130243	-0.4924439	-2.137019	-3.202513	-1.735503	-2.268152	-2.311817	-1.142214
380.859375	-0.016927	0.1842141	0.2208168	0.3751206	0.6896322	0.1004422	-0.5279022	-0.9017324	-0.1572501	-0.7123733	-0.5818114	-0.4117002	-2.631265	-3.317245	-2.05462	-1.819613	-1.391687	-1.753539	-0.750526	-1.141366	-1.273584	-0.6443296	0.3763753	-1.045305	-0.6818018	-1.459175	-0.7265307	-1.509908	-0.7562793	-1.146463	-2.040178	-1.940532	-2.905873	-0.270649	0.9366182	-1.293135	0.6759283	0.6320248	0.6149691	0.6905205	1.233594	0.7315736	-0.1812447	-0.4974647	-0.1038445	-0.6662893	-0.696835	-0.4144816	-1.386865	-2.391766	-1.613342	-1.5194	-0.9890231	-1.429884	0.2921273	0.7969633	0.5039714	0.8603399	0.6337763	0.5415099	-0.5325974	-0.2240647	-0.1954894	-0.1329884	-0.09125613	0.303046	-1.385845	-1.394663	-1.612966	-0.7688094	0.3489217	-0.1931304	-0.8550854	-0.3145101	-0.300421	-0.3067721	0.6035456	0.6038781	-0.7375356	-1.102107	-0.8588369	-0.6370049	-0.7226325	-0.9097502	-4.316139	-3.568996	-4.509711	-0.8985953	3.090287	0.2364196	0.2834881	0.9092824	1.293798	-0.282893	0.4837744	1.006269	-0.7423045	-1.03779	-0.3703754	-0.8768184	-1.401433	-0.7238661	-1.970561	-3.394868	-2.365404	-0.8870844	-0.3220939	-1.524867	0.1422967	0.348469	0.5142512	0.06760157	0.3822275	0.6538444	-0.727236	-0.9848006	-0.4063109	-0.9196174	-1.130959	-0.455207	-2.204445	-3.308223	-1.669959	-2.344866	-2.370943	-1.144359
382.8125	-0.02867267	0.1355614	0.20357	0.4166744	0.6920837	0.09968991	-0.4942414	-0.8850263	-0.1625528	-0.665226	-0.5559438	-0.4052083	-2.887614	-3.422409	-2.234074	-1.922253	-1.283202	-1.845183	-0.8115774	-1.16691	-1.32419	-0.6111977	0.4167212	-0.9823841	-0.6584842	-1.433165	-0.6847154	-1.507862	-0.7612729	-1.11693	-1.930009	-1.806276	-2.676572	-0.3385522	0.8185307	-1.166698	0.7817398	0.7962177	0.6673542	0.8575068	1.335004	0.844155	-0.151776	-0.4882618	-0.09372161	-0.6695551	-0.7161067	-0.4273606	-1.337473	-2.250099	-1.533093	-1.421485	-0.9408505	-1.39921	0.3048367	0.7889762	0.498769	0.8355498	0.623294	0.499585	-0.5237584	-0.2060174	-0.1812343	-0.1372777	-0.09929625	0.2969937	-1.185059	-1.158297	-1.410029	-0.635505	0.366203	-0.05461916	-0.9016319	-0.3381099	-0.3422351	-0.2832869	0.6742256	0.6474009	-0.7348417	-1.131631	-0.8309207	-0.7473502	-0.8174306	-0.9136783	-4.241756	-3.526297	-4.336899	-0.8112569	3.068616	0.3854345	0.2481373	0.8384318	1.276732	-0.3834172	0.4075607	0.9621952	-0.7188177	-1.009335	-0.3337102	-0.8465315	-1.373474	-0.7044699	-1.724667	-3.130358	-2.225721	-0.9267711	-0.4925722	-1.532136	0.2065051	0.3164414	0.5088931	0.08002238	0.3757569	0.5889575	-0.7176974	-0.9913429	-0.411535	-0.9468534	-1.180326	-0.4836701	-2.466439	-3.734703	-1.847233	-2.559411	-2.53198	-1.372767
384.765625	-0.01651697	0.1571806	0.2248371	0.4773116	0.7455584	0.1555571	-0.4401676	-0.8489145	-0.164191	-0.614614	-0.5198665	-0.3958107	-2.992587	-3.491675	-2.3405	-2.008846	-1.187385	-1.875168	-0.8555366	-1.214877	-1.370878	-0.618494	0.4339148	-0.9464946	-0.6810567	-1.431509	-0.6726077	-1.511109	-0.7459387	-1.092996	-1.873207	-1.787742	-2.588144	-0.4315713	0.718625	-1.13491	0.8976403	0.9116543	0.6926539	0.9981414	1.41457	0.9074453	-0.1231549	-0.4898249	-0.09599245	-0.672764	-0.7278427	-0.4447183	-1.338528	-2.122196	-1.424809	-1.30229	-0.8365834	-1.338435	0.3354962	0.8206896	0.5057452	0.8268455	0.6295019	0.4672543	-0.5179524	-0.1850476	-0.1715632	-0.1430068	-0.09631715	0.2813407	-1.038769	-0.9635692	-1.223698	-0.5291048	0.3552101	0.06555162	-0.9691718	-0.3511247	-0.3537172	-0.3320334	0.7557247	0.7098383	-0.7482902	-1.172924	-0.8239648	-0.8548753	-0.8908917	-0.9226105	-4.158112	-3.487628	-4.189034	-0.7534968	3.011091	0.4139553	0.2130286	0.7580674	1.204041	-0.4140643	0.3437143	0.8965073	-0.6916788	-0.9833062	-0.3001228	-0.8158626	-1.350859	-0.6914577	-1.481251	-2.93988	-2.131283	-0.9838674	-0.6351095	-1.58311	0.3436576	0.3724724	0.5839918	0.1224027	0.3443087	0.5211693	-0.6364512	-0.8916183	-0.3390747	-0.9214129	-1.19423	-0.4564498	-2.186312	-3.230945	-1.409119	-2.400658	-2.392926	-1.120098
386.71875	0.01677192	0.2513462	0.2692904	0.5435646	0.8499509	0.248379	-0.3694551	-0.7916976	-0.1481927	-0.5701851	-0.4847244	-0.3783408	-2.981268	-3.539936	-2.381414	-2.0424	-1.112925	-1.847933	-0.8611181	-1.273603	-1.411064	-0.6628283	0.4228678	-0.9565743	-0.738215	-1.459074	-0.6877351	-1.529935	-0.7252145	-1.073795	-1.899549	-1.901461	-2.697502	-0.5352272	0.7002332	-1.189064	0.9845023	0.9217219	0.667259	1.060023	1.471999	0.9004007	-0.07368641	-0.4716901	-0.08961085	-0.6524994	-0.7204599	-0.4434786	-1.399171	-2.050304	-1.305668	-1.232891	-0.7696571	-1.301847	0.3650944	0.8550214	0.5113294	0.8389297	0.6416719	0.4423403	-0.5115813	-0.176827	-0.1638253	-0.1475316	-0.09858283	0.2509866	-0.9691861	-0.8841398	-1.119256	-0.4892548	0.3288373	0.1233567	-1.049262	-0.3553876	-0.3250488	-0.4512986	0.8321741	0.7863068	-0.762497	-1.197387	-0.8258576	-0.9090237	-0.9214513	-0.9122989	-4.098467	-3.461785	-4.107615	-0.7019631	3.013963	0.3443957	0.2030183	0.746865	1.13695	-0.331791	0.3805942	0.88637	-0.6479348	-0.9463967	-0.2561178	-0.790451	-1.345617	-0.6810758	-1.302997	-2.869665	-2.085929	-1.073062	-0.760865	-1.654852	0.4559981	0.4095795	0.6208788	0.1530636	0.2915064	0.4157107	-0.6763343	-1.002268	-0.4291949	-0.950261	-1.245814	-0.5386953	-2.544946	-3.707775	-1.871678	-2.523654	-2.455305	-1.427341
388.671875	0.07880255	0.3952625	0.3377983	0.6212072	0.9764551	0.3617373	-0.2905952	-0.7229178	-0.1084823	-0.5368631	-0.462338	-0.3536942	-2.902686	-3.535834	-2.364828	-1.998868	-1.041891	-1.786124	-0.8213854	-1.320404	-1.438978	-0.7194759	0.3917812	-1.007387	-0.7936527	-1.500164	-0.7083965	-1.561621	-0.7173401	-1.055338	-1.97187	-2.051847	-2.929821	-0.5912488	0.7771634	-1.268897	1.018578	0.8366981	0.5959108	1.042989	1.509527	0.8393188	0.008729722	-0.4150113	-0.05627844	-0.6047334	-0.7000223	-0.4160197	-1.509505	-2.058324	-1.225783	-1.255686	-0.7830603	-1.317811	0.3707487	0.8510188	0.5028287	0.8583971	0.6512232	0.4235608	-0.4976748	-0.187514	-0.1514608	-0.1528226	-0.1196885	0.2110903	-0.9486813	-0.9094784	-1.107744	-0.5003015	0.3111314	0.1377491	-1.120352	-0.3587955	-0.271616	-0.5809118	0.8829977	0.8585975	-0.769494	-1.195376	-0.8288147	-0.8983052	-0.9137541	-0.8712617	-4.064116	-3.448462	-4.07524	-0.6376879	3.097583	0.2484287	0.1834733	0.7826529	1.08968	-0.1841677	0.5214149	0.9470248	-0.6005112	-0.9129519	-0.2107084	-0.7816755	-1.355767	-0.6731709	-1.24469	-2.883889	-2.107886	-1.175605	-0.8676105	-1.713915	0.5406967	0.4493774	0.6279963	0.1749237	0.2670646	0.3306159	-0.6112637	-0.9464293	-0.3883813	-0.9093221	-1.228828	-0.5159363	-2.321914	-3.179814	-1.675537	-2.220699	-2.148264	-1.180936
390.625	0.1493126	0.5271546	0.4169706	0.7057749	1.091291	0.4693257	-0.2180317	-0.6614556	-0.05214309	-0.5166022	-0.4562137	-0.3318331	-2.837371	-3.487659	-2.334507	-1.921281	-0.9643395	-1.732088	-0.7562776	-1.343942	-1.448833	-0.7644045	0.3512873	-1.071824	-0.8118821	-1.523195	-0.7082509	-1.585702	-0.7249975	-1.027896	-2.041767	-2.134645	-3.150404	-0.5602326	0.8948299	-1.311477	1.012048	0.7333412	0.5186911	0.9995375	1.52992	0.7685827	0.1045734	-0.3342569	-0.002446366	-0.5479018	-0.6793743	-0.3771508	-1.615721	-2.104135	-1.202748	-1.342507	-0.8332589	-1.343748	0.3587382	0.8081813	0.4876162	0.8747965	0.6474639	0.4077893	-0.472775	-0.2054167	-0.1302355	-0.1612485	-0.1531124	0.1793342	-0.9403421	-0.9843588	-1.154994	-0.5160909	0.3061199	0.1460861	-1.173967	-0.3758839	-0.2308101	-0.6589062	0.9063234	0.9158441	-0.7767262	-1.186177	-0.8379846	-0.8604081	-0.8942375	-0.8099202	-4.046271	-3.444178	-4.023151	-0.5825363	3.202443	0.199434	0.1514194	0.8605545	1.10683	-0.04159926	0.7031667	1.072121	-0.5536343	-0.8827607	-0.1695995	-0.784294	-1.36184	-0.6611964	-1.326539	-2.956166	-2.222996	-1.26308	-0.9450904	-1.764935	0.4936227	0.3090176	0.4862421	0.1262463	0.2317849	0.1965808	-0.6529159	-1.060595	-0.468801	-0.945232	-1.258212	-0.5767578	-2.587869	-3.464634	-2.100946	-2.189854	-2.042335	-1.391793
392.578125	0.2113303	0.6023272	0.4913892	0.7907394	1.17534	0.5523256	-0.1590248	-0.6164823	0.005052229	-0.49764	-0.45275	-0.3210024	-2.795398	-3.394419	-2.303233	-1.842218	-0.8770648	-1.686452	-0.6976943	-1.348435	-1.439359	-0.7862886	0.3134468	-1.115562	-0.790439	-1.509567	-0.6790202	-1.58328	-0.7379497	-0.9884834	-2.081452	-2.108114	-3.261964	-0.4570713	0.9858119	-1.289186	0.9886953	0.6903855	0.4723491	0.995418	1.550574	0.7352449	0.1943693	-0.253011	0.05966367	-0.5018071	-0.666455	-0.3454916	-1.670315	-2.129049	-1.234273	-1.412336	-0.8161513	-1.311042	0.3414377	0.762947	0.4776136	0.8769434	0.6416869	0.4041763	-0.4373409	-0.2101658	-0.1020122	-0.1707443	-0.182683	0.1666492	-0.9313622	-1.055895	-1.214628	-0.4864512	0.3093207	0.1789187	-1.202327	-0.4011701	-0.2317151	-0.6407	0.9235016	0.9649978	-0.7897008	-1.192324	-0.8607497	-0.8370255	-0.889582	-0.7490135	-4.022461	-3.440062	-3.88271	-0.5619076	3.227759	0.2093594	0.0953861	0.9034123	1.152526	0.02680665	0.8267983	1.187505	-0.5112968	-0.8467647	-0.1367848	-0.7840774	-1.34233	-0.6380999	-1.393711	-2.840579	-2.26192	-1.230221	-0.9090706	-1.697325	0.5989687	0.4299557	0.573528	0.1742959	0.2882928	0.2595108	-0.5719122	-0.9667726	-0.378971	-0.9315732	-1.239813	-0.5191483	-2.553403	-3.312397	-2.105717	-2.008261	-1.83229	-1.375853
394.53125	0.263802	0.6233005	0.5494752	0.8750972	1.238076	0.6086717	-0.1090913	-0.5756679	0.05362756	-0.462254	-0.4314418	-0.3147461	-2.760343	-3.283319	-2.268642	-1.783698	-0.7895442	-1.628456	-0.6664113	-1.340922	-1.417675	-0.7843083	0.2951219	-1.111382	-0.7570272	-1.463662	-0.632804	-1.550369	-0.741336	-0.9414623	-2.13822	-2.062469	-3.287204	-0.3808836	0.9939542	-1.240533	0.9649863	0.7278469	0.4658971	1.052236	1.586549	0.7578313	0.2674568	-0.1889863	0.1169451	-0.4741523	-0.661215	-0.3297714	-1.639695	-2.074589	-1.276854	-1.388502	-0.672712	-1.18727	0.348217	0.7672152	0.4950201	0.8693399	0.6328825	0.4174666	-0.4043555	-0.1956718	-0.08021072	-0.1791797	-0.192831	0.1682377	-0.9564469	-1.116924	-1.25971	-0.4352913	0.3156413	0.239193	-1.214097	-0.424461	-0.2754182	-0.5509096	0.9573305	1.013709	-0.8116034	-1.225294	-0.8988086	-0.8492625	-0.9087491	-0.7064346	-3.98436	-3.434161	-3.641513	-0.5947499	3.121602	0.2306508	0.03127443	0.8871384	1.181224	0.02444395	0.8515185	1.244543	-0.4737511	-0.8028789	-0.114115	-0.7728215	-1.296301	-0.6102834	-1.445286	-2.668061	-2.257897	-1.137293	-0.7651737	-1.574607	0.6136423	0.3986202	0.5894053	0.1708431	0.2755941	0.2583934	-0.5299275	-0.9374046	-0.3336412	-0.9551026	-1.252627	-0.5042573	-2.53527	-3.239436	-2.069649	-1.865183	-1.68924	-1.420842
396.484375	0.2931743	0.6072726	0.5726452	0.9323364	1.285381	0.638297	-0.06556345	-0.5257834	0.08608045	-0.406619	-0.3825183	-0.3009994	-2.685313	-3.165574	-2.207679	-1.709745	-0.7002221	-1.537928	-0.6807799	-1.345484	-1.407252	-0.7764698	0.3006703	-1.062727	-0.7404583	-1.404541	-0.5889391	-1.499805	-0.7266423	-0.8960998	-2.249058	-2.099344	-3.301024	-0.4183312	0.9252473	-1.221481	0.9555016	0.8157606	0.4923383	1.139483	1.63394	0.8228328	0.327548	-0.1437414	0.1624311	-0.4581511	-0.6590348	-0.3237849	-1.547804	-1.948264	-1.299461	-1.274032	-0.4545551	-1.023632	0.3800509	0.8301287	0.5392008	0.8504999	0.6254668	0.4515633	-0.3853159	-0.1773802	-0.07702507	-0.1841232	-0.1893077	0.1615202	-1.006507	-1.153915	-1.260412	-0.4050629	0.3154764	0.3131689	-1.213642	-0.4276446	-0.3255151	-0.4452733	1.009652	1.059637	-0.8354711	-1.27114	-0.9383032	-0.8815002	-0.9388494	-0.6835762	-3.947808	-3.443498	-3.373389	-0.6730664	2.929906	0.1956	-0.0388294	0.805059	1.136924	-0.002148928	0.8115662	1.229264	-0.4471506	-0.7625893	-0.1040315	-0.7576331	-1.243869	-0.5922329	-1.418819	-2.444854	-2.151884	-1.021764	-0.5207258	-1.390352	0.6346998	0.3745371	0.6345432	0.1711794	0.2255394	0.2437635	-0.4764488	-0.9004546	-0.2879193	-0.9655014	-1.263768	-0.4958659	-2.450932	-3.058522	-1.925739	-1.673468	-1.533811	-1.410214
398.4375	0.322096	0.6128719	0.580627	0.9734246	1.331776	0.6727725	-0.01712585	-0.4533446	0.1090568	-0.3325585	-0.3106822	-0.2642998	-2.594495	-3.094601	-2.135072	-1.62663	-0.6233704	-1.450676	-0.7363084	-1.366237	-1.424002	-0.7737563	0.3321465	-0.9871398	-0.7488266	-1.353254	-0.5600987	-1.453352	-0.6980889	-0.8592582	-2.398296	-2.241542	-3.361203	-0.5672496	0.8439291	-1.250154	0.9434922	0.8823766	0.51181	1.202224	1.685392	0.8927866	0.3810559	-0.1100728	0.1923023	-0.443768	-0.6564739	-0.3162708	-1.447029	-1.793513	-1.291231	-1.134243	-0.2724126	-0.8965204	0.4274891	0.9187926	0.5979084	0.8320308	0.6141207	0.5002498	-0.3886731	-0.1800942	-0.09578692	-0.190694	-0.1848231	0.1316627	-1.054295	-1.152397	-1.212711	-0.43766	0.3254933	0.38408	-1.19961	-0.3977003	-0.3341135	-0.3665714	1.064453	1.094251	-0.8522578	-1.303223	-0.962684	-0.900019	-0.9546992	-0.6669263	-3.930445	-3.489937	-3.185243	-0.7717583	2.740881	0.06575684	-0.1176406	0.6992136	1.009483	0.006198733	0.7852399	1.178169	-0.425274	-0.7318269	-0.09224803	-0.752233	-1.211728	-0.5915681	-1.389602	-2.32511	-2.024132	-0.9749542	-0.2445887	-1.213925	0.6015792	0.2668733	0.600123	0.132194	0.1368772	0.1552517	-0.3977425	-0.8377345	-0.2378394	-0.9391454	-1.255132	-0.4820814	-2.479216	-3.011329	-1.934379	-1.521408	-1.399151	-1.447981
400.390625	0.3475471	0.6496285	0.5861474	0.9960641	1.368053	0.7181596	0.03833713	-0.3694645	0.1300798	-0.2554046	-0.2358048	-0.2074766	-2.504928	-3.074481	-2.060079	-1.519225	-0.5478573	-1.394029	-0.8205351	-1.397635	-1.463775	-0.783473	0.3763002	-0.9059675	-0.7620052	-1.314837	-0.5421186	-1.423316	-0.6662557	-0.8283581	-2.498762	-2.395505	-3.443196	-0.7237827	0.8226469	-1.288913	0.932181	0.8997415	0.5136229	1.208727	1.716167	0.9346197	0.4318784	-0.07998005	0.2085004	-0.4283251	-0.655489	-0.3035584	-1.37278	-1.650788	-1.258918	-1.027629	-0.1742016	-0.8215098	0.4655673	0.9802515	0.6454465	0.8234753	0.6017085	0.5524225	-0.4012472	-0.2085409	-0.1193167	-0.2015283	-0.1958162	0.08174271	-1.040871	-1.09309	-1.11539	-0.5421823	0.3368664	0.4249279	-1.174937	-0.3461106	-0.2782551	-0.3311639	1.094175	1.107977	-0.8620472	-1.308644	-0.9658125	-0.8894421	-0.9416016	-0.6427397	-3.945346	-3.58525	-3.120417	-0.8968022	2.609029	-0.136812	-0.1938015	0.6261995	0.8514064	0.07197088	0.8295769	1.145048	-0.3986221	-0.702823	-0.06276876	-0.7618894	-1.208002	-0.5987145	-1.383638	-2.272898	-1.890087	-0.9727273	0.02925647	-1.04194	0.7031244	0.3913065	0.7051983	0.1600875	0.1465192	0.1950992	-0.3631923	-0.8535752	-0.2652879	-0.920097	-1.252967	-0.5150468	-2.61428	-3.085487	-2.096527	-1.43336	-1.274308	-1.504844
402.34375	0.371514	0.7057704	0.60681	1.008366	1.382027	0.7688612	0.1023163	-0.2910179	0.1592448	-0.181483	-0.1725579	-0.1451518	-2.384714	-3.04937	-1.972911	-1.346418	-0.459752	-1.363985	-0.9104279	-1.420344	-1.498164	-0.8019786	0.4174712	-0.8260806	-0.7577398	-1.283991	-0.5252017	-1.408652	-0.6415469	-0.7956985	-2.464225	-2.443363	-3.474325	-0.768961	0.8828663	-1.276758	0.9077815	0.8660105	0.4875568	1.162408	1.712481	0.9281402	0.4836121	-0.04798814	0.2239165	-0.4186386	-0.6634302	-0.291742	-1.283686	-1.488905	-1.174761	-0.9368765	-0.09756474	-0.7148482	0.4769964	0.990024	0.6646987	0.8342586	0.5996729	0.598938	-0.4042157	-0.2406111	-0.1264011	-0.2136769	-0.217849	0.03780678	-0.9501324	-0.9931663	-0.9923753	-0.6927704	0.3397115	0.4150144	-1.143954	-0.292346	-0.1713256	-0.3231705	1.08939	1.108062	-0.8760154	-1.301831	-0.9594392	-0.867172	-0.9072338	-0.6116752	-3.958333	-3.672742	-3.109867	-1.025232	2.541177	-0.3197238	-0.2286643	0.6429893	0.7605884	0.1783676	0.938559	1.167928	-0.3632823	-0.6686221	-0.01467426	-0.7785882	-1.219252	-0.5988169	-1.482153	-2.302107	-1.834084	-0.9658729	0.2889073	-0.8968931	0.730612	0.4004221	0.6945048	0.1351573	0.1834809	0.2099146	-0.2393598	-0.7091257	-0.1751584	-0.8484026	-1.195776	-0.4551868	-2.633053	-2.972971	-2.125664	-1.312471	-1.083332	-1.421472
404.296875	0.3719605	0.7361518	0.6276116	1.005234	1.377563	0.8003808	0.1698663	-0.2323428	0.2000883	-0.1132718	-0.1289743	-0.09680533	-2.210034	-2.962812	-1.866	-1.097991	-0.336253	-1.321476	-0.981389	-1.419691	-1.499342	-0.8213563	0.444661	-0.7448431	-0.7328163	-1.254488	-0.5050669	-1.399501	-0.6290958	-0.7573639	-2.285611	-2.341011	-3.412494	-0.6684961	0.9883726	-1.182502	0.866978	0.810216	0.443436	1.094007	1.674987	0.8770472	0.5374325	-0.01424637	0.2527321	-0.4208758	-0.6824895	-0.2892618	-1.111146	-1.23947	-1.001689	-0.7769049	0.08413972	-0.4640962	0.4646037	0.9706078	0.6570138	0.8692335	0.6229387	0.6338096	-0.3808843	-0.2435331	-0.10451	-0.2175446	-0.2392128	0.0227018	-0.7913447	-0.8903869	-0.8600168	-0.8288802	0.3014486	0.3250044	-1.105995	-0.2444829	-0.05050184	-0.3073928	1.065439	1.11266	-0.9033303	-1.309945	-0.963873	-0.8597276	-0.8753525	-0.5886629	-3.928186	-3.668289	-3.023641	-1.133378	2.51297	-0.3800533	-0.2244914	0.6993315	0.7462343	0.2699389	1.046904	1.211745	-0.3173261	-0.6041126	0.0529127	-0.7794328	-1.215699	-0.5684147	-1.617444	-2.268331	-1.804614	-0.8342587	0.5924941	-0.7227601	0.6892774	0.3060313	0.6093827	0.06852825	0.2344137	0.222795	-0.2000909	-0.6773176	-0.1598613	-0.8442166	-1.170504	-0.4496276	-2.688909	-2.98514	-2.221919	-1.253161	-0.9304892	-1.407517
406.25	0.3590222	0.729616	0.6359887	0.999529	1.372412	0.8032418	0.2271414	-0.1982512	0.2458246	-0.05680385	-0.1047636	-0.07494917	-1.941856	-2.753138	-1.711881	-0.763351	-0.1605976	-1.210109	-1.0115	-1.392983	-1.466262	-0.8283948	0.4639238	-0.6607358	-0.7039788	-1.224468	-0.4853641	-1.385281	-0.6263453	-0.7139065	-2.06265	-2.173484	-3.284399	-0.516589	1.056132	-1.042823	0.8027223	0.7513354	0.3898378	1.029959	1.619856	0.7997715	0.5934933	0.02004994	0.3030568	-0.4322033	-0.7064788	-0.2950568	-0.8239176	-0.8693801	-0.7315873	-0.4821636	0.4315621	-0.04354605	0.4471247	0.9686558	0.6409935	0.9185697	0.6745005	0.656949	-0.3346548	-0.2054259	-0.06483153	-0.2027615	-0.2460859	0.03883073	-0.6425809	-0.8419088	-0.7493478	-0.9327341	0.23067	0.1722714	-1.0612	-0.2015175	0.04686267	-0.2705112	1.040669	1.12534	-0.9377054	-1.346058	-0.9892543	-0.8721767	-0.8680221	-0.5911109	-3.841549	-3.511186	-2.772726	-1.194291	2.523972	-0.2571088	-0.1554798	0.7967642	0.8244773	0.3421708	1.11077	1.26438	-0.2789459	-0.5212774	0.1148649	-0.7598257	-1.187184	-0.513081	-1.752333	-2.169532	-1.818145	-0.576983	0.9618393	-0.5242321	0.6418336	0.2244752	0.5546013	0.0135794	0.2943181	0.2697141	-0.2369925	-0.7497842	-0.2062123	-0.9024444	-1.175905	-0.492096	-2.732294	-3.060062	-2.323527	-1.194285	-0.7973955	-1.470273
408.203125	0.335422	0.6909701	0.610197	0.9967381	1.388066	0.7838585	0.2801673	-0.1634728	0.2965258	-0.00367076	-0.09086242	-0.06490645	-1.599081	-2.425448	-1.504144	-0.390629	0.04795513	-1.023074	-0.999721	-1.36181	-1.433939	-0.8181867	0.4844628	-0.5891812	-0.6924738	-1.197616	-0.4748001	-1.362352	-0.624628	-0.670708	-1.935137	-2.071071	-3.166242	-0.4528433	1.039545	-0.9254826	0.7460193	0.7191501	0.3637602	0.9869371	1.56153	0.7292825	0.648705	0.05463338	0.3684456	-0.4401222	-0.7232771	-0.2974269	-0.4883258	-0.4435074	-0.4239485	-0.08736695	0.8699457	0.43385	0.4523577	1.015124	0.6432947	0.9656317	0.7321848	0.6671919	-0.28709	-0.1486995	-0.03267288	-0.1689572	-0.2367992	0.06566594	-0.5657908	-0.8562308	-0.6728989	-0.9822257	0.1623738	0.02560052	-1.010608	-0.1588503	0.09974918	-0.2191128	1.019588	1.125098	-0.9646005	-1.404306	-1.026778	-0.8957577	-0.8992633	-0.6310763	-3.738559	-3.233713	-2.398907	-1.199906	2.60568	0.01289171	-0.09132681	0.8405697	0.8822016	0.3936252	1.121925	1.278951	-0.2497383	-0.4254302	0.1676375	-0.7285953	-1.143319	-0.4456725	-1.835789	-2.041348	-1.873083	-0.2896784	1.365665	-0.321771	0.6423584	0.2619402	0.6096793	0.003746968	0.3542924	0.3598492	-0.1822766	-0.6702104	-0.122275	-0.9089481	-1.132832	-0.4401872	-2.497304	-2.714485	-2.093908	-0.9514987	-0.5367685	-1.347191
410.15625	0.3007931	0.641195	0.5514615	0.991231	1.427639	0.7673179	0.3190086	-0.1239511	0.3375308	0.03272455	-0.08604354	-0.0559076	-1.275647	-2.073526	-1.286731	-0.07679521	0.2363276	-0.8247482	-0.9721792	-1.361956	-1.451929	-0.7988791	0.5077212	-0.557769	-0.7071136	-1.179442	-0.4804965	-1.334409	-0.6141362	-0.6310786	-1.993079	-2.120619	-3.123304	-0.5589734	0.9503701	-0.8890228	0.7135091	0.7188311	0.3796386	0.9651124	1.514333	0.6909506	0.6934963	0.08866451	0.4292941	-0.4338983	-0.7251253	-0.2847286	-0.2685111	-0.129055	-0.2148844	0.2668145	1.24615	0.7790723	0.4853359	1.094233	0.672307	0.9878093	0.7732092	0.6689925	-0.262786	-0.1119253	-0.02821591	-0.1322757	-0.2205376	0.07700928	-0.5806757	-0.9052958	-0.6363882	-0.990961	0.1265055	-0.05861583	-0.9459075	-0.1050862	0.1136666	-0.1455265	0.9978762	1.090436	-0.9673743	-1.458467	-1.054554	-0.9067922	-0.9618551	-0.7008998	-3.673577	-2.936461	-2.039157	-1.157647	2.787626	0.3225954	-0.05617504	0.8578055	0.8911752	0.4631652	1.129585	1.283554	-0.2288861	-0.3420394	0.2068187	-0.7112028	-1.111906	-0.3933069	-1.930338	-2.055073	-2.063403	-0.1509133	1.69171	-0.2098743	0.6051987	0.2790631	0.6490957	-0.01934404	0.3697387	0.3857209	-0.1266721	-0.6038703	-0.05068028	-0.9020179	-1.087507	-0.3879202	-2.393114	-2.560108	-2.021803	-0.7866826	-0.3298414	-1.342209
412.109375	0.2679273	0.615795	0.4858437	0.9946299	1.487537	0.7808139	0.3486176	-0.07825298	0.3635737	0.05313253	-0.08590759	-0.0364227	-1.038785	-1.784036	-1.108758	0.1341903	0.3654339	-0.688379	-0.964377	-1.414454	-1.540791	-0.7868538	0.5230817	-0.5825269	-0.7325772	-1.163401	-0.4987946	-1.301651	-0.5832868	-0.5906774	-2.205553	-2.286205	-3.170183	-0.7826816	0.8724421	-0.932868	0.7321261	0.7619185	0.4493403	0.96171	1.4745	0.6948071	0.7138597	0.1179316	0.464702	-0.4140359	-0.7125992	-0.2563664	-0.2776386	-0.05360461	-0.1927668	0.4362785	1.436044	0.8706096	0.546425	1.162667	0.7258134	0.9762379	0.7633107	0.6487185	-0.2677229	-0.1159536	-0.0475284	-0.114005	-0.2130548	0.05999342	-0.6631408	-0.9471935	-0.6449766	-0.9739738	0.1404734	-0.06077089	-0.8621081	-0.036601	0.1128291	-0.04269271	0.967337	1.020125	-0.9400612	-1.48281	-1.05385	-0.8904876	-1.036816	-0.7771991	-3.674148	-2.724786	-1.821223	-1.093239	3.050108	0.5597779	-0.08556207	0.8245104	0.8159052	0.5399277	1.158167	1.274364	-0.2041379	-0.2862774	0.2362306	-0.7214732	-1.112365	-0.3736512	-2.102357	-2.28358	-2.412271	-0.2474033	1.849141	-0.2333184	0.5864297	0.342923	0.7063203	-0.0269506	0.3814368	0.3911395	-0.1020223	-0.6011184	-0.03891305	-0.8962557	-1.059127	-0.3688636	-2.334972	-2.426612	-1.959776	-0.7118697	-0.1511653	-1.302561
414.0625	0.2276298	0.6151492	0.4301605	0.9988743	1.55111	0.8195992	0.3710729	-0.03822784	0.3738008	0.05950207	-0.08679712	-0.009355319	-0.9465491	-1.645122	-1.032237	0.2123625	0.4104143	-0.6771406	-1.007503	-1.517214	-1.677082	-0.8015254	0.5119068	-0.6546817	-0.7518037	-1.145352	-0.5234497	-1.264897	-0.5313326	-0.5471038	-2.463369	-2.474571	-3.283169	-0.9927703	0.8825513	-1.01919	0.7996707	0.8346379	0.5467456	0.9651957	1.424599	0.7189071	0.7009142	0.1353621	0.4675607	-0.3942625	-0.6953828	-0.2249635	-0.4659702	-0.2044327	-0.321222	0.3838935	1.434643	0.7421578	0.6193025	1.18372	0.7863286	0.937785	0.6984754	0.5947866	-0.2883963	-0.1482387	-0.06871511	-0.1314302	-0.2247486	0.02128714	-0.7678836	-0.9737766	-0.7032241	-0.952515	0.1837446	-0.02077139	-0.763709	0.0415322	0.125743	0.08480402	0.9318563	0.9429293	-0.8984146	-1.479319	-1.028787	-0.8597598	-1.107914	-0.8415074	-3.710247	-2.630055	-1.773748	-1.021017	3.322013	0.6776999	-0.1311577	0.8131527	0.726185	0.6173574	1.219402	1.282689	-0.1658669	-0.2516311	0.2651087	-0.7462435	-1.137117	-0.3799749	-2.251526	-2.433642	-2.668002	-0.4336442	1.893563	-0.2371042	0.4479552	0.1928981	0.5835406	-0.09721614	0.3466336	0.2722311	-0.08481171	-0.6034581	-0.04346955	-0.8839303	-1.038273	-0.3578451	-2.297306	-2.295874	-1.877327	-0.7475325	-0.01463732	-1.187351
416.015625	0.191711	0.6397683	0.4027212	1.016277	1.617289	0.871828	0.3850119	-0.01715488	0.3728227	0.05801458	-0.08929265	0.0129511	-0.8975924	-1.583427	-1.030506	0.2710994	0.4349348	-0.7360072	-1.102069	-1.636138	-1.805263	-0.84663	0.4712053	-0.7382799	-0.7584924	-1.124581	-0.5502865	-1.223567	-0.4685087	-0.5036989	-2.636821	-2.575773	-3.41841	-1.057006	1.019853	-1.085612	0.8839372	0.895766	0.6198341	0.9550472	1.344279	0.7190436	0.663955	0.13931	0.4526094	-0.3891603	-0.6858773	-0.2059454	-0.6829444	-0.4504258	-0.484435	0.204353	1.343698	0.5396961	0.6851819	1.154872	0.835027	0.8927608	0.6034222	0.5027183	-0.3031594	-0.1743146	-0.06933071	-0.1811672	-0.2553101	-0.01868151	-0.8296263	-0.9905654	-0.7874061	-0.9117218	0.1988719	-0.01322276	-0.6630312	0.1216602	0.1697061	0.209731	0.9022381	0.8937218	-0.8665588	-1.472339	-1.004381	-0.8384167	-1.168591	-0.891103	-3.73611	-2.609601	-1.817391	-0.9681113	3.524932	0.71683	-0.1307289	0.851316	0.689828	0.6706073	1.276758	1.302365	-0.1214166	-0.2275353	0.2936882	-0.7582855	-1.162071	-0.393296	-2.449031	-2.517977	-2.83569	-0.5917579	1.890711	-0.2053979	0.389645	0.1353709	0.525833	-0.1003383	0.3673004	0.2331297	-0.1004422	-0.6352342	-0.07376351	-0.8906385	-1.039154	-0.3755865	-2.600444	-2.748651	-2.215888	-1.05542	-0.08730394	-1.348389
417.96875	0.1548155	0.6546018	0.3877442	1.033784	1.681678	0.902823	0.3930434	-0.01172628	0.3727881	0.05636237	-0.09673736	0.02415256	-0.8040143	-1.507314	-1.054501	0.3834728	0.5014365	-0.7804652	-1.217819	-1.726783	-1.876831	-0.9050813	0.4201381	-0.7940275	-0.7614716	-1.105603	-0.5790752	-1.178511	-0.4103893	-0.4693462	-2.700614	-2.585245	-3.550267	-0.9655887	1.221393	-1.111321	0.94924	0.9019617	0.6289692	0.9127747	1.224713	0.6589928	0.6217868	0.1336832	0.4403966	-0.4023731	-0.6891739	-0.2047902	-0.7568903	-0.6285614	-0.5652145	0.05436481	1.269131	0.399471	0.7261015	1.102496	0.8563941	0.8619255	0.5209475	0.3900676	-0.2990747	-0.1713303	-0.04489259	-0.2416905	-0.298909	-0.04409599	-0.8188255	-1.013557	-0.8662403	-0.8384214	0.1582106	-0.06943961	-0.5764616	0.191247	0.2375167	0.2880907	0.877776	0.8764766	-0.8555055	-1.485015	-1.004657	-0.8384693	-1.221919	-0.9399753	-3.699617	-2.558245	-1.830001	-0.9074758	3.64217	0.777308	-0.06957511	0.915396	0.7077299	0.6961637	1.300565	1.30756	-0.08259498	-0.1965562	0.3266483	-0.7373205	-1.16629	-0.390139	-2.603021	-2.400925	-2.82385	-0.5559973	1.97112	-0.05520622	0.468212	0.2742351	0.6151395	0.006464629	0.4699773	0.3320856	-0.03801988	-0.5134587	0.02213556	-0.8576409	-1.00658	-0.3204315	-2.426944	-2.474708	-1.999353	-1.077949	0.0157041	-1.118379
419.921875	0.1470866	0.6638876	0.3860064	1.068161	1.752613	0.9186998	0.391286	-0.016981	0.3777153	0.05004317	-0.1170927	0.02040614	-0.6382555	-1.365483	-1.041116	0.5230039	0.61357	-0.7565078	-1.306072	-1.753478	-1.880853	-0.9434858	0.3945622	-0.8019446	-0.7761466	-1.095354	-0.6116019	-1.134363	-0.3695717	-0.4499962	-2.725379	-2.565929	-3.663175	-0.8082096	1.385229	-1.103667	0.9788793	0.8422837	0.5786178	0.8398471	1.082571	0.5419962	0.5925578	0.1265644	0.439097	-0.4214662	-0.6972836	-0.2127318	-0.6525971	-0.6687836	-0.552582	0.04031181	1.255419	0.3560727	0.7386311	1.058895	0.8460124	0.8590053	0.4795365	0.2876768	-0.2807704	-0.1460214	-0.01047117	-0.2854945	-0.3475443	-0.04936809	-0.746388	-1.035036	-0.9128935	-0.7110823	0.08035368	-0.1525444	-0.5184202	0.2361112	0.2935385	0.2958354	0.8495575	0.8603244	-0.8611077	-1.524265	-1.034395	-0.8601982	-1.275454	-1.006477	-3.62243	-2.436694	-1.760507	-0.8367597	3.719237	0.9143322	0.03421893	1.004986	0.7653055	0.7325301	1.306609	1.306682	-0.06804455	-0.1798303	0.3470487	-0.6993045	-1.154178	-0.3774032	-2.753215	-2.281731	-2.796601	-0.3734204	2.131543	0.1088552	0.5027905	0.3434097	0.6450468	0.1054328	0.5568215	0.3934388	-0.06188657	-0.5308305	0.02080073	-0.8817553	-1.017209	-0.3519935	-2.187841	-2.142563	-1.774747	-0.997785	0.1022503	-0.9290352
421.875	0.1621787	0.6512465	0.3834524	1.09327	1.804801	0.9183857	0.3852668	-0.0219511	0.3879307	0.03720637	-0.1526412	0.006367058	-0.4526048	-1.179005	-0.9715771	0.6099988	0.7172626	-0.6690716	-1.335097	-1.71594	-1.846473	-0.9363583	0.4192805	-0.7733187	-0.8062634	-1.093119	-0.644888	-1.096199	-0.3462629	-0.4407873	-2.795483	-2.568111	-3.741535	-0.6858295	1.457033	-1.075063	0.9810566	0.7534806	0.5142338	0.7639605	0.9554621	0.4160407	0.5843225	0.1292782	0.4419306	-0.426269	-0.6965585	-0.2135682	-0.4842544	-0.6309174	-0.5353786	0.1454676	1.276446	0.3468675	0.7330324	1.038057	0.8129331	0.881233	0.4741492	0.2237032	-0.265032	-0.1254866	0.01181094	-0.2974706	-0.3882725	-0.03469553	-0.6672384	-1.034713	-0.9298152	-0.5471152	0.03476156	-0.1916355	-0.4907001	0.2429233	0.2936014	0.256701	0.8009724	0.8012598	-0.8640506	-1.571577	-1.075222	-0.8858613	-1.331329	-1.09683	-3.54898	-2.262884	-1.618291	-0.7573603	3.826261	1.113371	0.09895565	1.052798	0.7853827	0.7935328	1.32079	1.287607	-0.06360668	-0.1742749	0.3599584	-0.6683882	-1.141967	-0.363075	-2.838093	-2.218656	-2.810766	-0.1216004	2.336312	0.233889	0.6400447	0.605719	0.8102767	0.2644458	0.6879175	0.532465	-0.1006845	-0.5950302	-0.01727168	-0.9151961	-1.03751	-0.4136717	-1.946141	-1.816356	-1.571354	-0.8795339	0.133847	-0.813739
423.828125	0.2241528	0.6608798	0.400154	1.124641	1.829969	0.9343153	0.385494	-0.0206858	0.4003692	0.01734719	-0.2009766	-0.01395085	-0.322274	-1.014666	-0.862367	0.5710042	0.7255415	-0.575654	-1.305818	-1.638867	-1.81564	-0.8788759	0.4955896	-0.7305955	-0.8416768	-1.092517	-0.6704952	-1.068149	-0.3318841	-0.4296438	-2.939203	-2.604956	-3.774106	-0.6448464	1.455839	-1.036727	0.972848	0.6928282	0.4827861	0.721157	0.8817886	0.3424583	0.5830249	0.1413295	0.4291055	-0.4062625	-0.6753519	-0.1988658	-0.4242639	-0.637266	-0.6115515	0.2613761	1.293779	0.2983303	0.7202002	1.032661	0.7717755	0.9091917	0.482023	0.2073409	-0.2648225	-0.1328558	0.01116409	-0.285812	-0.4149226	-0.00686988	-0.6678458	-1.017494	-0.9584104	-0.4007568	0.09869869	-0.1363219	-0.4871963	0.2079376	0.2198168	0.2246855	0.7322811	0.6883929	-0.8480034	-1.596686	-1.098282	-0.8973532	-1.379493	-1.192501	-3.510102	-2.088227	-1.448156	-0.6719961	4.000889	1.309012	0.09566604	1.076883	0.7521344	0.8897375	1.379474	1.279176	-0.04255071	-0.1725082	0.371218	-0.6610982	-1.141875	-0.3593529	-2.857439	-2.259416	-2.899265	0.08742022	2.503546	0.2729566	0.514015	0.4554639	0.6559608	0.2445023	0.6788066	0.4082543	-0.1220685	-0.6563246	-0.06484284	-0.9347277	-1.053463	-0.4732283	-1.776015	-1.595403	-1.397237	-0.8555682	0.06537437	-0.7711365
425.78125	0.2947951	0.6936715	0.421614	1.139522	1.817254	0.9595518	0.3986634	-0.01387665	0.4093281	-0.002698219	-0.2516782	-0.03798341	-0.3008272	-0.9330229	-0.7655868	0.4140174	0.6020978	-0.5379264	-1.260205	-1.569661	-1.8162	-0.7986599	0.59145	-0.693342	-0.8649057	-1.083531	-0.67992	-1.04962	-0.315383	-0.4070697	-3.109974	-2.660323	-3.777676	-0.6637875	1.454364	-0.9946965	0.952637	0.6840728	0.4828133	0.7258769	0.8770588	0.3474442	0.5752567	0.159696	0.3970672	-0.3656429	-0.6347723	-0.1713996	-0.5585762	-0.7655356	-0.7909312	0.2784306	1.29901	0.1974459	0.715179	1.029956	0.7449821	0.9220278	0.469472	0.2158642	-0.2784661	-0.167055	-0.005605116	-0.2732863	-0.4289761	0.02309053	-0.7805236	-1.009129	-1.026674	-0.3333943	0.2563914	-0.02703455	-0.4973024	0.1415372	0.09605649	0.2466901	0.6645635	0.556916	-0.8170524	-1.588923	-1.090815	-0.8963771	-1.409502	-1.267672	-3.493246	-1.949461	-1.272463	-0.6005923	4.207471	1.436857	-0.0002079477	1.022628	0.6285999	0.9597884	1.453417	1.254081	0.001898544	-0.1843611	0.3715487	-0.680273	-1.158904	-0.3819099	-2.835213	-2.375943	-3.0286	0.2051176	2.579449	0.2296088	0.456509	0.4086445	0.5874895	0.2456839	0.6840793	0.3288965	-0.1058404	-0.6603147	-0.07960157	-0.924381	-1.053515	-0.4996875	-1.351907	-0.9624395	-0.8073859	-0.7912845	0.06910408	-0.4531056
427.734375	0.3637715	0.7677393	0.4465818	1.151308	1.783502	0.98593	0.4214352	-0.00716298	0.4116056	-0.02051489	-0.298943	-0.06599556	-0.3550002	-0.9170215	-0.7221408	0.2429935	0.4029925	-0.5696425	-1.241558	-1.534671	-1.843176	-0.7268592	0.6743263	-0.6615524	-0.8698155	-1.066821	-0.6736142	-1.038924	-0.2956162	-0.3780266	-3.206674	-2.697926	-3.772703	-0.6848514	1.516514	-0.9504305	0.9051484	0.6987038	0.4688944	0.7579896	0.91896	0.399073	0.5510042	0.1733809	0.3573756	-0.3246469	-0.5914891	-0.1449648	-0.8284686	-0.9863713	-0.9836073	0.162772	1.298348	0.09060153	0.7179667	1.026783	0.7438567	0.9101689	0.4333368	0.2188057	-0.2963361	-0.2074297	-0.02487488	-0.2785014	-0.4350386	0.0437392	-0.9819759	-1.044163	-1.137195	-0.3660026	0.4456127	0.07030743	-0.5126641	0.06766795	-0.01915999	0.320884	0.6255804	0.464655	-0.785981	-1.556268	-1.059519	-0.8908881	-1.413542	-1.300231	-3.469937	-1.849588	-1.089735	-0.5825861	4.37377	1.485834	-0.08919625	0.9734164	0.5020956	0.9864751	1.512847	1.236476	0.05788203	-0.2062732	0.3607987	-0.7082539	-1.182021	-0.4253061	-2.77839	-2.436015	-3.092899	0.2758302	2.592511	0.1856579	0.4157472	0.3579183	0.5341368	0.2555373	0.6877226	0.2666511	-0.08553868	-0.6351268	-0.07440866	-0.8996825	-1.049532	-0.5110819	-1.344025	-1.052977	-0.6747485	-1.064668	-0.1202416	-0.4660569
429.6875	0.4025129	0.8552526	0.4519612	1.162941	1.752739	0.9870312	0.4415296	-0.004704478	0.4082848	-0.03658567	-0.3419766	-0.09340752	-0.415105	-0.9114141	-0.7406123	0.1665596	0.2363609	-0.637931	-1.272446	-1.534938	-1.873208	-0.683727	0.7250195	-0.6267002	-0.8644764	-1.051888	-0.6631613	-1.032412	-0.2779205	-0.3590753	-3.155585	-2.671618	-3.767522	-0.6569993	1.666846	-0.8882613	0.830864	0.6898457	0.4014013	0.7857561	0.9664423	0.4357108	0.5164292	0.1751208	0.3315431	-0.3022388	-0.5653636	-0.1312428	-1.106238	-1.212783	-1.102125	-0.02814363	1.304306	0.02887291	0.7194459	1.026829	0.7621862	0.8848097	0.3925276	0.1995555	-0.3070047	-0.2324608	-0.03493533	-0.3020746	-0.4421438	0.04692654	-1.178771	-1.117678	-1.242816	-0.4665874	0.5725572	0.1051349	-0.530578	0.008866208	-0.07422563	0.3940463	0.622068	0.4430874	-0.7662359	-1.518557	-1.027915	-0.8840061	-1.393905	-1.290685	-3.412875	-1.763731	-0.9068684	-0.6290604	4.444331	1.487188	-0.101077	0.9647252	0.4268095	0.967936	1.519314	1.225398	0.1061131	-0.230626	0.3493443	-0.728112	-1.202782	-0.4740344	-2.722178	-2.377491	-3.059948	0.3478523	2.595282	0.2052059	0.4734273	0.4357361	0.5928035	0.3462622	0.7448866	0.3100234	-0.1389274	-0.7002492	-0.1310065	-0.9042091	-1.07439	-0.5734439	-1.3084	-1.157384	-0.5301175	-1.312085	-0.2413408	-0.4629265
431.640625	0.4379367	0.9492083	0.4549099	1.199613	1.74182	0.9711459	0.4559695	-0.001427019	0.4085619	-0.04898378	-0.3819037	-0.1106712	-0.4553803	-0.8951584	-0.8193468	0.2050554	0.1886834	-0.7006651	-1.329074	-1.532761	-1.880226	-0.6545826	0.7615403	-0.5787165	-0.8651936	-1.051998	-0.6646988	-1.027619	-0.2680137	-0.3644356	-2.988875	-2.563905	-3.751553	-0.5736983	1.870335	-0.7896034	0.7616312	0.6438445	0.2929648	0.7986455	0.9912437	0.4191221	0.4838756	0.1615578	0.3273615	-0.3068588	-0.5701258	-0.1357778	-1.293923	-1.364491	-1.13196	-0.1992377	1.302254	0.01200266	0.7040741	1.030871	0.7745999	0.8682078	0.3753433	0.1715605	-0.3063341	-0.2367034	-0.03424553	-0.3259216	-0.4551897	0.03346872	-1.252468	-1.169217	-1.270398	-0.5440535	0.5779777	0.08803382	-0.5532354	-0.03266972	-0.06591843	0.4024725	0.6250006	0.4673404	-0.7619057	-1.495921	-1.013839	-0.8831847	-1.365959	-1.261735	-3.33359	-1.683151	-0.7508425	-0.7355508	4.420227	1.474568	-0.01890964	0.9988354	0.4179698	0.9407646	1.479658	1.216587	0.137471	-0.2522328	0.3496685	-0.738575	-1.224641	-0.5156929	-2.691347	-2.272907	-2.998174	0.4272581	2.606156	0.2716753	0.498282	0.4503204	0.5944744	0.4498391	0.8110824	0.3433333	-0.1210148	-0.6386144	-0.08329198	-0.854124	-1.059348	-0.5653983	-0.9747076	-0.8003455	-0.08738544	-1.289847	-0.1597085	-0.2398576
433.59375	0.4907533	1.0275	0.4692131	1.260315	1.740438	0.9479243	0.4632572	0.002129457	0.4155135	-0.06014527	-0.4202884	-0.1155725	-0.5129002	-0.9185477	-0.9426605	0.2631139	0.2389009	-0.7442402	-1.37468	-1.497745	-1.860971	-0.6133249	0.8108847	-0.5231327	-0.8784813	-1.070063	-0.6849777	-1.023642	-0.2658082	-0.3932458	-2.82956	-2.39817	-3.704443	-0.4654151	2.060797	-0.6447555	0.7384732	0.5992171	0.2038753	0.815529	0.9937099	0.3654326	0.4542606	0.1310746	0.326505	-0.332895	-0.6016107	-0.1567473	-1.397503	-1.417741	-1.139693	-0.2687286	1.308456	0.01714255	0.66002	1.030865	0.7500132	0.8750612	0.400215	0.1667629	-0.297186	-0.230398	-0.02782482	-0.3292798	-0.4726658	0.0144998	-1.16051	-1.137192	-1.186622	-0.5401853	0.4981496	0.08325709	-0.587963	-0.07805875	-0.03962345	0.3112378	0.5897371	0.4784854	-0.7611516	-1.483256	-1.014456	-0.8818918	-1.337034	-1.231593	-3.244538	-1.601106	-0.647073	-0.8317893	4.356072	1.461165	0.09677549	1.031181	0.4329614	0.942579	1.435153	1.203156	0.1400804	-0.2929791	0.3425354	-0.7617095	-1.261753	-0.558432	-2.67695	-2.193997	-2.976919	0.4996854	2.61516	0.3530222	0.5741327	0.5612395	0.6437299	0.6039162	0.9227817	0.4331358	-0.1641617	-0.6976618	-0.1297445	-0.8380834	-1.071459	-0.6225321	-0.8015671	-0.6714835	0.1019053	-1.26721	-0.1329575	-0.2112622
435.546875	0.5543736	1.069599	0.4995367	1.30867	1.720365	0.9237134	0.4608847	-0.003531131	0.4209	-0.07623718	-0.4574794	-0.1183052	-0.6510093	-1.055372	-1.090756	0.223433	0.2996154	-0.783343	-1.390501	-1.428952	-1.837216	-0.5442732	0.8892549	-0.4725726	-0.898276	-1.10096	-0.717376	-1.025062	-0.2713692	-0.4312615	-2.812945	-2.24106	-3.64216	-0.3756345	2.190684	-0.4770298	0.7681136	0.6029313	0.1817745	0.8596952	0.9992402	0.3249566	0.4210797	0.08592752	0.3025311	-0.3689221	-0.6469395	-0.1905207	-1.483596	-1.412738	-1.1958	-0.2286282	1.354585	0.02083765	0.599586	1.018772	0.6814251	0.9051632	0.4513416	0.1991709	-0.28883	-0.2297445	-0.02420068	-0.309472	-0.4889234	0.002516791	-0.934167	-0.9885987	-1.001472	-0.4462499	0.4037485	0.1330674	-0.6294559	-0.1399098	-0.04464565	0.1562904	0.4992762	0.4400783	-0.7525577	-1.465621	-1.013643	-0.8774348	-1.309252	-1.207574	-3.175881	-1.53605	-0.584055	-0.8759693	4.313744	1.439813	0.2002314	1.06308	0.4614092	1.006799	1.445114	1.210522	0.1382598	-0.3336712	0.3321665	-0.8003543	-1.312651	-0.5937068	-2.650913	-2.198846	-3.02136	0.5404935	2.589536	0.4008067	0.5658153	0.549959	0.5765495	0.700181	0.9891956	0.4431454	-0.1231231	-0.6499315	-0.1068594	-0.7807303	-1.045909	-0.6161244	-0.9449775	-0.9806824	-0.109172	-1.395717	-0.2809412	-0.472367
437.5	0.6186358	1.089313	0.5457199	1.315711	1.663486	0.901951	0.4550328	-0.01764252	0.4196909	-0.0924804	-0.490873	-0.1278373	-0.866298	-1.307032	-1.234597	0.0602651	0.2841127	-0.8372786	-1.400822	-1.369528	-1.845367	-0.4642845	0.9803309	-0.440432	-0.9068451	-1.129582	-0.7440054	-1.034094	-0.2848516	-0.4615487	-2.971791	-2.163866	-3.609237	-0.3296833	2.255786	-0.3402653	0.817002	0.6652851	0.2230618	0.925783	1.022556	0.3327069	0.3722612	0.02797344	0.2389842	-0.4045632	-0.6873285	-0.2326493	-1.565391	-1.3744	-1.272515	-0.1223038	1.465858	0.04167889	0.5450201	0.9930354	0.5906267	0.9369593	0.4993771	0.2510302	-0.2905434	-0.243883	-0.03117165	-0.2807311	-0.4971724	0.002014885	-0.6859444	-0.7659682	-0.7806456	-0.3248542	0.3674468	0.235233	-0.6649735	-0.208078	-0.09175024	0.01227806	0.3863739	0.3739006	-0.7309095	-1.424345	-0.9954858	-0.8634499	-1.270521	-1.177055	-3.107641	-1.466881	-0.5119943	-0.798986	4.333702	1.422969	0.2316923	1.055681	0.4459076	1.113892	1.528445	1.236133	0.135986	-0.3775826	0.2999969	-0.8490278	-1.364127	-0.6243261	-2.573056	-2.224727	-3.061826	0.5519901	2.512873	0.4182333	0.6329501	0.661091	0.6022754	0.8157512	1.053457	0.5077603	-0.1184081	-0.6732442	-0.1492418	-0.7598441	-1.039731	-0.6425636	-0.9004376	-0.8950226	-0.02315984	-1.452281	-0.3709031	-0.4932447
439.453125	0.6571221	1.104622	0.5851222	1.272249	1.580791	0.8715083	0.4392847	-0.04160208	0.4031036	-0.1130732	-0.5237143	-0.1518983	-1.114953	-1.607789	-1.36122	-0.1747186	0.1686136	-0.9251512	-1.445642	-1.368494	-1.906151	-0.4085301	1.048415	-0.4294689	-0.8922918	-1.142955	-0.7517658	-1.047443	-0.3063689	-0.4776299	-3.224705	-2.226663	-3.650106	-0.3482403	2.257302	-0.2988551	0.8220398	0.7288452	0.2639066	0.9690865	1.049583	0.3691579	0.3099753	-0.03624	0.1506999	-0.4354699	-0.7132846	-0.2777495	-1.59151	-1.311112	-1.290416	-0.01744821	1.614791	0.1036154	0.5183204	0.9647158	0.5175043	0.9494077	0.5258911	0.2850214	-0.3070945	-0.2711165	-0.05342012	-0.2627669	-0.4970454	0.003640597	-0.5297981	-0.5641181	-0.6037229	-0.2566015	0.394725	0.3415331	-0.6852747	-0.2515673	-0.1467375	-0.0560756	0.321018	0.3467706	-0.702563	-1.358751	-0.9615119	-0.8383645	-1.211853	-1.128977	-3.047252	-1.4023	-0.4167466	-0.6306821	4.402466	1.420562	0.2239387	1.061393	0.4219182	1.243462	1.668068	1.305684	0.1386338	-0.3963713	0.2641824	-0.8823285	-1.391153	-0.6302809	-2.478113	-2.265378	-3.077843	0.5090915	2.369218	0.3825279	0.5740271	0.5554361	0.486379	0.8320131	1.014198	0.4529603	-0.07690272	-0.6161392	-0.1288132	-0.7296044	-1.015992	-0.616752	-0.88199	-0.8166654	0.06367317	-1.563626	-0.4548238	-0.4586257
441.40625	0.6661766	1.137952	0.6044303	1.212474	1.505954	0.8296156	0.4088733	-0.06727716	0.3743664	-0.1378109	-0.5589655	-0.1822954	-1.324333	-1.842537	-1.470784	-0.3711736	0.01792186	-1.029999	-1.538931	-1.436592	-2.003048	-0.4014394	1.066214	-0.4317366	-0.8586125	-1.135707	-0.7420917	-1.054631	-0.3303271	-0.4837634	-3.429596	-2.42019	-3.770458	-0.4318551	2.205796	-0.3793221	0.7689062	0.7351363	0.2559442	0.9529431	1.050333	0.3859964	0.2408455	-0.1041041	0.06484694	-0.4634864	-0.7248287	-0.3205998	-1.54092	-1.257536	-1.244104	0.02545415	1.724753	0.1860711	0.522542	0.9476921	0.4886308	0.9407075	0.5397225	0.2793716	-0.3390427	-0.3038812	-0.09185801	-0.2640367	-0.4892342	-0.004082549	-0.5086247	-0.4644937	-0.5197655	-0.2816446	0.4236584	0.3917839	-0.6919801	-0.2438312	-0.1667106	-0.03256555	0.3595057	0.4151998	-0.6755443	-1.28487	-0.9276506	-0.8030588	-1.138647	-1.069076	-3.017397	-1.372185	-0.3526954	-0.4566644	4.473955	1.424569	0.1805307	1.048615	0.3696442	1.342099	1.798579	1.382543	0.1274947	-0.4024644	0.2298908	-0.894453	-1.390911	-0.6159056	-2.339619	-2.201932	-2.984478	0.4420083	2.190535	0.3456299	0.6083263	0.6035895	0.5211713	0.8959809	1.00336	0.4982469	-0.06770054	-0.5775608	-0.1106046	-0.7199954	-1.00224	-0.5925978	-0.8626261	-0.7505148	0.132304	-1.655091	-0.4554628	-0.3710878
443.359375	0.6500513	1.175398	0.596252	1.177903	1.460376	0.7750357	0.3573298	-0.09380891	0.3375213	-0.1719663	-0.6008129	-0.2078986	-1.443189	-1.931239	-1.566313	-0.4493029	-0.07722221	-1.107412	-1.649086	-1.532172	-2.087364	-0.4371988	1.034636	-0.4367667	-0.8240944	-1.113656	-0.7281373	-1.045243	-0.3457937	-0.4881783	-3.495513	-2.666411	-3.923639	-0.5607464	2.110719	-0.5408968	0.6994366	0.6711866	0.2032064	0.8837239	1.009361	0.3512716	0.1820875	-0.1678288	0.008968491	-0.489917	-0.7313706	-0.3562998	-1.451907	-1.257738	-1.218091	-0.01502092	1.713322	0.2274963	0.5518489	0.9483095	0.5052003	0.9323835	0.5499908	0.2411316	-0.3786848	-0.3329933	-0.1395669	-0.2761208	-0.4790859	-0.02569817	-0.5937632	-0.4959405	-0.5385247	-0.3761013	0.4115869	0.3784341	-0.6918748	-0.1862129	-0.1470354	0.05923403	0.5008277	0.5736241	-0.6537622	-1.22364	-0.9129264	-0.7598072	-1.067666	-1.018569	-3.056067	-1.428427	-0.4240624	-0.3803922	4.495636	1.391563	0.1804811	1.111058	0.3815509	1.41909	1.894704	1.488015	0.1017685	-0.4024185	0.2145788	-0.8917384	-1.380069	-0.5906931	-2.220267	-2.09874	-2.860096	0.3280759	1.970139	0.2878734	0.4904349	0.4229339	0.39437	0.879414	0.9484776	0.4312251	-0.1015097	-0.5916823	-0.1156676	-0.7314295	-1.005479	-0.5925122	-0.8569527	-0.7461879	0.1273996	-1.672276	-0.3703958	-0.3084992
445.3125	0.6378456	1.193997	0.5775483	1.197703	1.435781	0.7190157	0.2956553	-0.1180482	0.3029343	-0.2103384	-0.6438773	-0.2165182	-1.504758	-1.908432	-1.659366	-0.4291058	-0.06875207	-1.120953	-1.716335	-1.583599	-2.108039	-0.4778392	0.9890809	-0.4334468	-0.8054269	-1.086095	-0.7211848	-1.016953	-0.3432681	-0.4929577	-3.457561	-2.874449	-4.050354	-0.6988461	1.988066	-0.706311	0.6817759	0.5942076	0.1581054	0.824509	0.9570803	0.2898487	0.131399	-0.2286063	-0.02110572	-0.5164793	-0.7398866	-0.3857583	-1.432286	-1.352973	-1.334853	-0.1152156	1.576491	0.1748658	0.579363	0.9556123	0.5327049	0.9453766	0.5723301	0.2098844	-0.4107073	-0.3510699	-0.1814872	-0.2818922	-0.4741506	-0.05401335	-0.7136804	-0.6206988	-0.6276209	-0.4820761	0.3651074	0.3340552	-0.7041564	-0.1242402	-0.1308881	0.1556082	0.6795972	0.7473123	-0.6321168	-1.182474	-0.9208217	-0.7118033	-1.015857	-0.9961514	-3.162592	-1.581827	-0.6835491	-0.4304895	4.459979	1.285464	0.1880514	1.165716	0.4155463	1.438858	1.923194	1.5586	0.07288083	-0.4009192	0.2209383	-0.891708	-1.384722	-0.5711187	-2.141463	-2.029903	-2.773269	0.1709785	1.709046	0.1993971	0.537816	0.5448852	0.4862547	0.9713051	1.023756	0.5371922	-0.1260051	-0.6004211	-0.111103	-0.7303312	-1.002237	-0.5880258	-0.7654628	-0.6085802	0.2072614	-1.543263	-0.1971356	-0.2029637
447.265625	0.6656244	1.184542	0.5766888	1.27256	1.405724	0.6784757	0.2359866	-0.1478866	0.2695612	-0.2464046	-0.6808993	-0.2134355	-1.569525	-1.865607	-1.740492	-0.3877796	0.02080319	-1.051106	-1.705831	-1.545867	-2.052753	-0.480681	0.9747639	-0.414072	-0.8022838	-1.057047	-0.7184464	-0.9784645	-0.3238185	-0.492806	-3.446494	-3.010342	-4.137113	-0.8163511	1.854669	-0.8218278	0.7581733	0.5878941	0.178587	0.8419274	0.9404165	0.2622247	0.08711643	-0.2806195	-0.03798394	-0.5441306	-0.7589673	-0.4140494	-1.496298	-1.482634	-1.564107	-0.2074096	1.394705	0.05980716	0.5857775	0.9523983	0.5371739	0.9802433	0.5993853	0.2150056	-0.4228109	-0.3586105	-0.204601	-0.2756296	-0.4829257	-0.080174	-0.7671334	-0.7475327	-0.7070659	-0.5363177	0.3036414	0.2898465	-0.7230067	-0.09645887	-0.1681912	0.229665	0.8140812	0.8473059	-0.611087	-1.160446	-0.9411718	-0.6744294	-0.9905203	-1.005233	-3.273807	-1.771259	-1.054307	-0.538427	4.396963	1.119397	0.1872159	1.176753	0.454362	1.400991	1.895542	1.57248	0.03837641	-0.4336293	0.2078352	-0.9180494	-1.426059	-0.5874812	-2.023489	-1.875795	-2.631296	0.05481927	1.481744	0.1835262	0.5836944	0.6773275	0.5600837	1.057491	1.134043	0.6405224	-0.07395642	-0.5067527	-0.03736889	-0.6795124	-0.9637358	-0.5314388	-0.796257	-0.6573449	0.1371977	-1.425091	-0.1156825	-0.2695709
449.21875	0.7224371	1.138913	0.5951557	1.34924	1.344668	0.6519229	0.1904841	-0.1859377	0.2338775	-0.2710182	-0.7059985	-0.2099021	-1.671206	-1.874655	-1.79159	-0.3885525	0.1329944	-0.9193908	-1.639788	-1.432334	-1.962792	-0.4243398	1.021674	-0.370799	-0.798718	-1.025029	-0.7058025	-0.9440508	-0.3027161	-0.4833281	-3.54965	-3.084722	-4.209775	-0.8852382	1.744132	-0.8827354	0.8817299	0.6709935	0.2559091	0.9409218	0.9860722	0.3038027	0.02822443	-0.3318222	-0.06852315	-0.5781317	-0.7877764	-0.4498958	-1.591998	-1.557501	-1.766008	-0.2306235	1.300294	-0.01908185	0.5716347	0.930167	0.5114364	1.01507	0.60738	0.2472588	-0.4095829	-0.3614901	-0.2038051	-0.2644255	-0.5121607	-0.102276	-0.7125517	-0.7979829	-0.7083932	-0.5240484	0.2671237	0.2797065	-0.738895	-0.1184453	-0.2675886	0.2679574	0.8583117	0.8316858	-0.5933366	-1.143849	-0.9575264	-0.6554122	-0.9758067	-1.022321	-3.305221	-1.880354	-1.353012	-0.586116	4.373135	0.9838448	0.1711346	1.132366	0.474031	1.326565	1.832396	1.530283	0.01147163	-0.4770397	0.1654631	-0.9601045	-1.489349	-0.6281868	-1.864476	-1.681661	-2.43956	0.002948004	1.324643	0.2347171	0.4993379	0.5720564	0.4363887	1.044674	1.174608	0.5996234	-0.1233705	-0.5850258	-0.1103923	-0.6886367	-0.9745018	-0.5759329	-0.4694314	-0.09694571	0.5272365	-1.081153	0.05668941	-0.05653692
451.171875	0.7702795	1.067268	0.6122913	1.367178	1.249286	0.6243466	0.1563878	-0.2344894	0.1890296	-0.2857495	-0.7231321	-0.2203065	-1.798064	-1.936869	-1.811386	-0.4502651	0.2118115	-0.788085	-1.587548	-1.309519	-1.911018	-0.3239371	1.122977	-0.304379	-0.7811633	-0.99065	-0.6745089	-0.9252728	-0.2992367	-0.4706527	-3.742334	-3.144473	-4.306129	-0.9030701	1.671327	-0.9361159	0.941803	0.7656428	0.3125677	1.050004	1.075638	0.3848622	-0.05171074	-0.3845638	-0.1186715	-0.6215144	-0.8232647	-0.4951331	-1.539825	-1.437474	-1.711334	-0.1446513	1.349424	0.05289441	0.5467656	0.8932635	0.4749025	1.021127	0.5873294	0.2712701	-0.3806148	-0.3707672	-0.189111	-0.2641532	-0.5588243	-0.1266739	-0.5683887	-0.7375848	-0.6034662	-0.4669218	0.2611259	0.3196817	-0.7356565	-0.1584581	-0.3879618	0.2976269	0.8418151	0.7412844	-0.5822614	-1.120803	-0.9609171	-0.6519045	-0.9493877	-1.01825	-3.209908	-1.825334	-1.41945	-0.49768	4.425219	0.9710733	0.1752851	1.094673	0.4925938	1.272858	1.755048	1.471695	-0.02113901	-0.5235416	0.09055749	-1.003044	-1.544415	-0.6735059	-1.708562	-1.533365	-2.255008	0.005610195	1.2623	0.2954605	0.5004478	0.5611218	0.4053851	1.049875	1.20987	0.6097424	-0.09363271	-0.5091963	-0.0748211	-0.6536037	-0.9478155	-0.5349581	-0.5566872	-0.2151052	0.3681869	-0.9871171	-0.01042547	-0.2519325
453.125	0.7776664	0.9984441	0.6060485	1.311262	1.150494	0.5871878	0.1209276	-0.2891274	0.1324017	-0.2959929	-0.7357061	-0.2452984	-1.900288	-1.986234	-1.812442	-0.5324416	0.250017	-0.711568	-1.602962	-1.234818	-1.946957	-0.2103316	1.248472	-0.2220523	-0.7496942	-0.9577864	-0.6293951	-0.9225488	-0.3208194	-0.4666581	-3.874806	-3.180909	-4.411144	-0.8622739	1.652389	-1.007883	0.8697377	0.7764206	0.2858421	1.084385	1.16051	0.4410188	-0.1411955	-0.4358761	-0.1756789	-0.6690439	-0.8556157	-0.5399074	-1.258981	-1.099955	-1.345344	0.03797567	1.511097	0.299488	0.5237433	0.8522325	0.4542536	0.9885076	0.5497056	0.25528	-0.3515309	-0.3909558	-0.1767491	-0.2784667	-0.6082135	-0.1587217	-0.4123895	-0.6089538	-0.4374146	-0.4162914	0.2598457	0.4062462	-0.7191522	-0.1761769	-0.4743723	0.3368452	0.8397686	0.6651628	-0.5791472	-1.090524	-0.9540552	-0.6551163	-0.8993641	-0.9814213	-3.029338	-1.62361	-1.252309	-0.2874784	4.544442	1.098359	0.1936288	1.064103	0.4931822	1.267484	1.662042	1.399326	-0.06410477	-0.5514938	0.01510013	-1.026639	-1.564023	-0.6956251	-1.540396	-1.404463	-2.066429	0.06877685	1.299203	0.3374434	0.3873496	0.331229	0.2469418	0.9618925	1.144725	0.5126803	-0.1080072	-0.4689371	-0.0628635	-0.6531683	-0.9405943	-0.5040919	-0.5321168	-0.1594537	0.3023937	-0.8223236	0.01276763	-0.3313502
455.078125	0.7063829	0.9242927	0.5498754	1.18823	1.070109	0.5242848	0.07075138	-0.3478638	0.06922718	-0.317004	-0.7497488	-0.2782647	-1.950354	-1.971903	-1.824148	-0.5957578	0.2692204	-0.7078303	-1.681489	-1.219133	-2.054526	-0.1099344	1.36109	-0.1405959	-0.7195816	-0.9337933	-0.5892118	-0.9282089	-0.3555826	-0.4800036	-3.818846	-3.150724	-4.477416	-0.7592958	1.691757	-1.079787	0.6977348	0.6784198	0.1849961	1.020957	1.202393	0.4332039	-0.2194071	-0.4793226	-0.2225337	-0.7091176	-0.8747036	-0.5696478	-0.8239003	-0.6454979	-0.8251836	0.257706	1.677045	0.6266472	0.5118051	0.8232462	0.4627907	0.9437994	0.5232174	0.2089361	-0.3333917	-0.4158751	-0.1781	-0.293725	-0.643316	-0.1949168	-0.3238963	-0.4922738	-0.2944956	-0.4115395	0.2303421	0.5161197	-0.7019273	-0.1417007	-0.4976026	0.40114	0.919714	0.6812165	-0.5801425	-1.061232	-0.9425676	-0.6598936	-0.8362217	-0.9275541	-2.866388	-1.392789	-1.010275	-0.05811281	4.669276	1.274055	0.2311873	1.074458	0.5025823	1.318597	1.556635	1.324932	-0.1215664	-0.5722323	-0.0379512	-1.031565	-1.551464	-0.6942985	-1.40178	-1.340763	-1.94388	0.1624396	1.37614	0.2983487	0.3695576	0.2670114	0.2520318	0.9164833	1.102221	0.5243177	-0.149924	-0.4581499	-0.06116833	-0.6845385	-0.948121	-0.4744693	-0.2370203	0.3372023	0.5305039	-0.467654	0.2813563	-0.114594
457.03125	0.589673	0.861694	0.4640599	1.069746	1.029386	0.4599903	0.002235216	-0.409527	0.008170582	-0.3578458	-0.7645165	-0.3081329	-1.955743	-1.901794	-1.858469	-0.611837	0.2959406	-0.744552	-1.763751	-1.221337	-2.165038	-0.02862539	1.444924	-0.07474458	-0.7068198	-0.9253482	-0.568273	-0.9361724	-0.3858839	-0.508967	-3.581124	-3.017807	-4.462576	-0.594936	1.786658	-1.096189	0.528135	0.5408357	0.07799771	0.9254432	1.215333	0.3886461	-0.2664052	-0.5022483	-0.2454525	-0.7269478	-0.8732269	-0.5716105	-0.4786842	-0.2884138	-0.4540016	0.4238548	1.755636	0.865045	0.5098118	0.8150022	0.4912658	0.923618	0.5253773	0.1753636	-0.3289255	-0.431564	-0.1933106	-0.2937935	-0.6537006	-0.2231829	-0.3721681	-0.468116	-0.274517	-0.4629855	0.2154362	0.6247782	-0.7024586	-0.07130584	-0.4839677	0.4833446	1.089621	0.7927641	-0.5732313	-1.036608	-0.9282578	-0.6576226	-0.7830057	-0.8858255	-2.805163	-1.263313	-0.8953874	0.08691592	4.732959	1.363244	0.2585338	1.101452	0.5217962	1.376609	1.446544	1.237166	-0.1704622	-0.5865126	-0.04760984	-1.02434	-1.526903	-0.6784201	-1.25293	-1.232903	-1.828002	0.2921847	1.43837	0.2297466	0.4128801	0.3489643	0.3703468	0.9034411	1.089222	0.6190876	-0.1778687	-0.4428393	-0.04687279	-0.7261997	-0.9534667	-0.4294597	-0.5149153	-0.08908042	0.05510843	-0.4304601	0.3986894	-0.348904
458.984375	0.4558206	0.7939216	0.3670302	0.9939266	1.014083	0.4073998	-0.06635357	-0.4658876	-0.03968684	-0.4098819	-0.7756609	-0.3267062	-1.90681	-1.78648	-1.868509	-0.5350406	0.3620659	-0.7359422	-1.782185	-1.185455	-2.206695	0.04669962	1.511598	-0.02791836	-0.7100927	-0.9294983	-0.5634132	-0.9465311	-0.4034441	-0.5431871	-3.322819	-2.817192	-4.383135	-0.3964046	1.918527	-1.024169	0.4922949	0.5019715	0.06249496	0.9109982	1.244506	0.3842882	-0.2797306	-0.4995667	-0.2462938	-0.7173737	-0.852254	-0.5472838	-0.4050024	-0.1695729	-0.3997207	0.4775867	1.727694	0.9066175	0.5085098	0.8284966	0.5186456	0.9458119	0.5502286	0.1952966	-0.3341692	-0.4277341	-0.214556	-0.2743638	-0.6425341	-0.233897	-0.5316713	-0.5572228	-0.3936672	-0.5433535	0.2388754	0.6827613	-0.7167616	0.003455003	-0.4708635	0.567621	1.292266	0.9378656	-0.55505	-1.018128	-0.9056811	-0.6558502	-0.7594579	-0.8763796	-2.847743	-1.280544	-1.000929	0.1242591	4.726362	1.303421	0.2679268	1.14454	0.5699321	1.384158	1.354102	1.157114	-0.1983425	-0.6129693	-0.03912258	-1.022879	-1.520887	-0.6741364	-1.095248	-1.055232	-1.695439	0.422645	1.433523	0.1863967	0.3522843	0.3042626	0.3503439	0.8304096	1.03019	0.6168737	-0.1950066	-0.4462306	-0.04525259	-0.7749236	-0.9610374	-0.3924581	-0.4073783	0.15092	0.125892	-0.1560541	0.756332	-0.1807533
460.9375	0.3516523	0.7297779	0.2872726	0.9813356	1.010471	0.3872135	-0.1214225	-0.5149267	-0.0727657	-0.4643129	-0.7854639	-0.3389144	-1.808979	-1.66334	-1.820351	-0.3585069	0.4561864	-0.6559067	-1.714079	-1.08725	-2.155674	0.1321356	1.584262	0.01053182	-0.7100994	-0.9338524	-0.5560158	-0.961958	-0.4159862	-0.5718459	-3.215162	-2.618406	-4.291473	-0.2009901	2.071434	-0.8746606	0.6093224	0.6267424	0.1556347	1.036404	1.333419	0.473066	-0.2746232	-0.476203	-0.2361081	-0.6883611	-0.8201398	-0.5097777	-0.6055336	-0.2879272	-0.6007199	0.4184572	1.650508	0.7709655	0.5000759	0.8603557	0.5345151	0.9937474	0.5682288	0.2697645	-0.3413557	-0.4079919	-0.2315462	-0.2486857	-0.6288931	-0.2306427	-0.7233704	-0.7152616	-0.5849648	-0.6187182	0.3139761	0.670666	-0.7278994	0.05526673	-0.4729376	0.6292629	1.446524	1.03486	-0.5317522	-1.002482	-0.869085	-0.6646888	-0.764827	-0.8932545	-2.936538	-1.391087	-1.24781	0.08237982	4.703003	1.161465	0.2304586	1.13471	0.5930516	1.290169	1.278948	1.081208	-0.2001154	-0.6543102	-0.04252957	-1.035695	-1.547194	-0.6935096	-0.9550356	-0.8429016	-1.544982	0.4877573	1.342073	0.2152702	0.3433204	0.3548695	0.3502651	0.7941397	0.9861011	0.6260673	-0.233509	-0.5075571	-0.09423236	-0.8354016	-0.9864739	-0.3984515	-0.4226565	0.2159505	0.09059886	0.03516896	1.024011	-0.1215301
462.890625	0.2720124	0.6586496	0.2217109	0.9877955	1.001718	0.3898729	-0.1601951	-0.556188	-0.09441923	-0.5142336	-0.800472	-0.3527125	-1.683216	-1.557569	-1.719363	-0.1269663	0.5441908	-0.5555668	-1.60765	-0.9613892	-2.05559	0.2245421	1.668425	0.04987579	-0.6852805	-0.9254228	-0.5297551	-0.9811078	-0.4375563	-0.5937997	-3.323967	-2.499363	-4.236639	-0.06202693	2.21535	-0.7054372	0.7981715	0.8674668	0.3024168	1.259556	1.477617	0.6383023	-0.2735383	-0.4473882	-0.2269868	-0.6586698	-0.7909109	-0.476721	-0.8743832	-0.4797353	-0.8053401	0.3201131	1.606241	0.6006911	0.481368	0.8980898	0.5416303	1.025759	0.5512002	0.3540165	-0.3515604	-0.3901265	-0.2422373	-0.2382667	-0.6249764	-0.2225636	-0.8305483	-0.8487853	-0.7256106	-0.6446492	0.3801436	0.5940478	-0.7123966	0.08986096	-0.462427	0.6585312	1.504681	1.049834	-0.5089865	-0.9818473	-0.8216811	-0.6780483	-0.7784182	-0.9094141	-2.99552	-1.480465	-1.469216	0.04902453	4.754103	1.091379	0.202946	1.145173	0.6287156	1.155503	1.246202	1.074733	-0.185857	-0.6956787	-0.07376277	-1.055169	-1.592713	-0.7268862	-0.8023113	-0.6007793	-1.345681	0.4699936	1.201941	0.3493525	0.1885978	0.1362717	0.1171486	0.6820545	0.8581071	0.4542597	-0.2557872	-0.5356492	-0.1212879	-0.8746816	-1.014835	-0.4048059	-0.5119385	0.1580406	-0.0503517	0.1572987	1.150696	-0.1787701
464.84375	0.1911074	0.5761035	0.1563175	0.9615381	0.987196	0.3959345	-0.1850858	-0.5831232	-0.1071168	-0.5473344	-0.8172144	-0.3658893	-1.530605	-1.447787	-1.600242	0.1118234	0.6096146	-0.5096358	-1.528603	-0.8541511	-1.969828	0.3140053	1.752852	0.09538475	-0.6380221	-0.9100834	-0.4883681	-1.002537	-0.4797618	-0.6195698	-3.550066	-2.467882	-4.21032	-0.007677489	2.326668	-0.5616103	0.9255663	1.085686	0.4069874	1.4663	1.635004	0.8048608	-0.2831919	-0.4245518	-0.2204198	-0.6432485	-0.7765651	-0.4574064	-0.9651415	-0.553952	-0.7959256	0.275578	1.633721	0.5428014	0.4512972	0.9259892	0.5449249	1.010195	0.5052302	0.4040109	-0.3641503	-0.3913189	-0.2486107	-0.2507966	-0.6359534	-0.220512	-0.8161222	-0.9087266	-0.7469736	-0.6260656	0.3849395	0.5072719	-0.6583807	0.1366031	-0.3980781	0.6648514	1.478718	1.015602	-0.4934759	-0.9571398	-0.7752789	-0.6896685	-0.7779467	-0.9004244	-3.01738	-1.48421	-1.549274	0.05834118	4.932648	1.208924	0.1825106	1.155811	0.6434231	1.051208	1.246045	1.125835	-0.1841272	-0.7393987	-0.1339467	-1.073818	-1.637595	-0.7627985	-0.6623222	-0.4355747	-1.168981	0.366859	1.054109	0.5144666	0.3173664	0.3398936	0.2220607	0.7592118	0.8687097	0.5152928	-0.2851572	-0.5552062	-0.1380312	-0.9073879	-1.062457	-0.4252964	-0.4346234	0.3518091	-0.04258556	0.341586	1.229453	-0.1289973
466.796875	0.09686319	0.4932847	0.08304477	0.8921612	0.9765195	0.3913996	-0.2105467	-0.602816	-0.116821	-0.5680845	-0.8336249	-0.3775621	-1.398887	-1.352466	-1.538078	0.2789465	0.6420168	-0.5777105	-1.51892	-0.7959749	-1.935977	0.3866505	1.812318	0.1383873	-0.5842889	-0.8963152	-0.449355	-1.018755	-0.5322296	-0.6544766	-3.722385	-2.464241	-4.165003	-0.02524856	2.402251	-0.4461181	0.9250272	1.178048	0.4257822	1.562794	1.754713	0.9069824	-0.3070685	-0.4204849	-0.222825	-0.6473575	-0.7770461	-0.4514171	-0.7788813	-0.4288929	-0.5569068	0.3436268	1.721934	0.6442862	0.427445	0.937344	0.5515694	0.9576719	0.4492452	0.4014331	-0.3853188	-0.4164512	-0.2589194	-0.2775407	-0.6460343	-0.2210175	-0.7061748	-0.8860564	-0.6574787	-0.5656383	0.3148507	0.4627937	-0.5831165	0.2142099	-0.266746	0.6564533	1.424542	1.000729	-0.4850025	-0.9333492	-0.7433264	-0.6904495	-0.7540267	-0.8620018	-3.015362	-1.385696	-1.501939	0.1724414	5.235282	1.520027	0.2109579	1.23386	0.694917	1.066678	1.287337	1.234645	-0.2038489	-0.7765191	-0.1916143	-1.079112	-1.662066	-0.7835118	-0.6373712	-0.5443325	-1.195175	0.1992283	0.912316	0.544828	0.3451487	0.3620418	0.2284126	0.8014808	0.8708139	0.5052661	-0.2448898	-0.4567147	-0.05673094	-0.9000941	-1.095453	-0.3926812	-0.639091	0.0689163	-0.4349279	0.3113977	1.0817	-0.3204834
468.75	-0.015282	0.4164463	0.00308387	0.7968985	0.9719269	0.3713507	-0.2388691	-0.6153014	-0.1229049	-0.5772937	-0.8398663	-0.3787054	-1.317399	-1.290075	-1.551888	0.3400986	0.6508285	-0.7243418	-1.563718	-0.7734591	-1.942102	0.4424199	1.838759	0.1714602	-0.544715	-0.8952048	-0.4286185	-1.028496	-0.5777552	-0.6940139	-3.740255	-2.423091	-4.074594	-0.06981634	2.461611	-0.3350027	0.8031532	1.122722	0.3633921	1.533368	1.819603	0.9307499	-0.3361797	-0.434791	-0.236173	-0.6627096	-0.7830878	-0.4498566	-0.4535628	-0.2073551	-0.2809361	0.4847852	1.809068	0.8023953	0.427559	0.9398896	0.5616552	0.9120216	0.4141897	0.3759835	-0.4133104	-0.4527065	-0.2765804	-0.2991979	-0.6447064	-0.2183922	-0.5841942	-0.8221152	-0.5364771	-0.4874265	0.2224625	0.4750942	-0.5108433	0.3188067	-0.1066574	0.6541931	1.402872	1.052829	-0.4783399	-0.9169481	-0.7286991	-0.6828086	-0.7214842	-0.8149723	-3.008612	-1.216046	-1.426017	0.4256232	5.602244	1.928106	0.2683225	1.36284	0.7887897	1.196838	1.369732	1.354086	-0.2338008	-0.7966355	-0.2157535	-1.061689	-1.656962	-0.7771935	-0.6496416	-0.7473793	-1.306004	0.09971134	0.8242091	0.4699454	0.2881443	0.2676733	0.1733577	0.8166225	0.8894089	0.4642287	-0.3008469	-0.5425885	-0.109537	-0.9654914	-1.191867	-0.4648856	-0.5639969	0.2303982	-0.4776541	0.4086662	1.01478	-0.1995906
470.703125	-0.1030985	0.3798695	-0.06168272	0.7388687	0.982405	0.3564511	-0.2617737	-0.6177301	-0.1243588	-0.5742738	-0.83154	-0.3652948	-1.281381	-1.267897	-1.600477	0.3316542	0.6687875	-0.8410185	-1.609075	-0.7488245	-1.948604	0.4919951	1.847988	0.1965824	-0.5229368	-0.904289	-0.4231146	-1.034818	-0.6044409	-0.7238715	-3.654698	-2.355518	-3.977367	-0.1116172	2.518176	-0.227076	0.6819586	1.025982	0.3023165	1.458507	1.846728	0.9285693	-0.3643518	-0.4596367	-0.2625044	-0.6750866	-0.7797332	-0.4431967	-0.1943405	-0.05789068	-0.1611742	0.6052979	1.835989	0.863076	0.4592129	0.952552	0.5730326	0.9165258	0.4155169	0.3712453	-0.4456612	-0.4813718	-0.3023675	-0.3048422	-0.6270865	-0.2088605	-0.5484273	-0.7518298	-0.4796058	-0.3975188	0.2433865	0.5513268	-0.4690134	0.4149083	0.02203278	0.6511126	1.430846	1.160794	-0.4697717	-0.9095102	-0.7230377	-0.6770713	-0.7023381	-0.7855768	-2.966757	-0.9891036	-1.400646	0.8557391	5.982836	2.329286	0.3169847	1.487663	0.8981698	1.35096	1.478052	1.438992	-0.249953	-0.7883794	-0.195252	-1.02006	-1.626417	-0.7430683	-0.6714447	-0.9049861	-1.40772	0.1248626	0.7934857	0.3466454	0.3087175	0.3500444	0.2417579	0.8964611	0.9953284	0.5348431	-0.2992855	-0.5729609	-0.1232521	-1.010911	-1.268237	-0.5018962	-0.5793267	0.2211215	-0.5753124	0.425609	0.8884799	-0.1166662
472.65625	-0.1547123	0.382075	-0.1102448	0.7378303	1.004152	0.3536302	-0.2701844	-0.6078578	-0.1221772	-0.5625702	-0.8157169	-0.3440464	-1.229172	-1.251384	-1.599688	0.3436765	0.708977	-0.8430459	-1.609337	-0.7009175	-1.932158	0.543598	1.865732	0.2216667	-0.5063044	-0.9084272	-0.4148729	-1.040961	-0.6126987	-0.7309856	-3.610285	-2.349208	-3.952484	-0.1615642	2.560677	-0.1673563	0.6458747	0.9878685	0.2899978	1.431973	1.875863	0.9552251	-0.3815305	-0.4771835	-0.2913598	-0.6722062	-0.757724	-0.4251274	-0.1162783	-0.08072902	-0.2380237	0.6278662	1.784847	0.748162	0.5116556	0.9907742	0.5855692	0.9821327	0.4483319	0.4069269	-0.4796645	-0.4910616	-0.3329665	-0.2989661	-0.5979452	-0.1937478	-0.6137758	-0.6783694	-0.5073463	-0.293414	0.429175	0.6630651	-0.4737607	0.4647997	0.07353444	0.6327534	1.491049	1.272466	-0.4607783	-0.9100725	-0.7151797	-0.6879347	-0.714066	-0.7900892	-2.872839	-0.7312425	-1.442907	1.416605	6.357618	2.66518	0.34706	1.588018	0.9967858	1.440471	1.599005	1.499249	-0.2467827	-0.7638064	-0.1587276	-0.9669147	-1.585426	-0.6987524	-0.6702434	-0.915127	-1.394177	0.2310917	0.7910221	0.2697561	0.2162945	0.2923979	0.167235	0.9218667	1.070253	0.5192724	-0.3023817	-0.6302716	-0.1682983	-1.056916	-1.338154	-0.5471879	-0.682228	0.02550868	-0.7336467	0.3901067	0.7223713	-0.1490941
474.609375	-0.1703417	0.4139394	-0.1433132	0.7782269	1.037929	0.3686489	-0.2634853	-0.5843077	-0.1182657	-0.5452246	-0.7987338	-0.3216593	-1.099846	-1.177325	-1.502576	0.4606968	0.7786832	-0.7311107	-1.551829	-0.637878	-1.901253	0.5959583	1.90481	0.2514058	-0.4808665	-0.8921912	-0.3869517	-1.045121	-0.6110654	-0.7146329	-3.67314	-2.441619	-4.01885	-0.222385	2.586658	-0.1852444	0.7267482	1.054054	0.3401185	1.497256	1.927594	1.029027	-0.3958691	-0.4833111	-0.317906	-0.6546847	-0.7149652	-0.39736	-0.1377753	-0.2013312	-0.3681181	0.5762344	1.702265	0.5371279	0.5538888	1.047225	0.5955187	1.069946	0.4974456	0.4630984	-0.5046133	-0.4799877	-0.3559958	-0.292643	-0.569505	-0.1791905	-0.7069665	-0.5741423	-0.5623887	-0.1681234	0.7129885	0.7840571	-0.5271456	0.4515341	0.04511409	0.5882393	1.553405	1.339127	-0.4524255	-0.9121956	-0.7013035	-0.7122962	-0.7512964	-0.8205183	-2.731775	-0.4556561	-1.499677	2.0173	6.756632	2.958825	0.3401529	1.610422	1.026389	1.411703	1.693298	1.541057	-0.2186643	-0.7119477	-0.1226471	-0.9044191	-1.539373	-0.6516804	-0.6233583	-0.769293	-1.230251	0.3319952	0.7850229	0.3026426	0.1362402	0.2760529	0.09178878	0.9658577	1.150977	0.5111595	-0.3175962	-0.6918591	-0.2258171	-1.089962	-1.39413	-0.5909337	-0.6858847	-0.07070444	-0.7540088	0.4114975	0.596073	-0.2022341
476.5625	-0.1694705	0.4531897	-0.1672389	0.825667	1.086682	0.3962612	-0.2564234	-0.5599628	-0.1184414	-0.5352713	-0.7838252	-0.3078081	-0.9077047	-1.029197	-1.341493	0.6562157	0.8504755	-0.6106042	-1.461572	-0.5862194	-1.880238	0.6373433	1.951122	0.2773674	-0.450662	-0.8573355	-0.3424438	-1.043911	-0.6080889	-0.6874664	-3.798311	-2.59819	-4.122975	-0.2914516	2.590955	-0.2692448	0.8563382	1.171342	0.4089843	1.618811	2.004184	1.123646	-0.4023173	-0.4685431	-0.3243506	-0.628137	-0.662652	-0.3609345	-0.0354792	-0.2060641	-0.3308244	0.5678274	1.659789	0.4162625	0.5553218	1.094032	0.5953695	1.123099	0.5541847	0.5049515	-0.5111268	-0.4548896	-0.3598106	-0.2899791	-0.5444772	-0.1640694	-0.7456269	-0.4407658	-0.5776448	-0.04502644	0.9530899	0.895545	-0.6103772	0.3977324	-0.02152231	0.5335011	1.604171	1.354828	-0.4417633	-0.9097142	-0.689359	-0.7309773	-0.7939852	-0.8547598	-2.610174	-0.2136708	-1.534006	2.518068	7.191547	3.238026	0.3173682	1.578829	0.990907	1.315258	1.742066	1.58866	-0.1938446	-0.6721212	-0.1240495	-0.8437801	-1.495725	-0.6293063	-0.5738872	-0.6446769	-1.054286	0.350659	0.7410474	0.3750473	0.1278254	0.3778915	0.1050255	1.058491	1.265234	0.5738982	-0.2850352	-0.6378675	-0.1958521	-1.067355	-1.406361	-0.5718008	-0.3621751	0.3076198	-0.3810167	0.5913677	0.6048536	-0.07858047
478.515625	-0.1808037	0.4718665	-0.1836673	0.8416334	1.142752	0.4278744	-0.2482486	-0.5352334	-0.1140472	-0.5286744	-0.7613459	-0.2944895	-0.6663965	-0.784063	-1.160798	0.8926492	0.920945	-0.5517435	-1.389415	-0.5772803	-1.884118	0.64968	1.968669	0.277413	-0.4322442	-0.8197395	-0.2996598	-1.035575	-0.6045447	-0.6632947	-3.851032	-2.69818	-4.146714	-0.3300412	2.585925	-0.3402316	0.9439327	1.25879	0.4517137	1.724452	2.091249	1.204449	-0.4063638	-0.4397945	-0.3095451	-0.6037015	-0.6142759	-0.3203101	0.3107747	0.04411983	-0.05754756	0.7109222	1.712232	0.5132146	0.5130287	1.103012	0.5812598	1.110821	0.6112676	0.5108755	-0.4930063	-0.4230834	-0.3372236	-0.285813	-0.5211226	-0.1427289	-0.6915416	-0.3238009	-0.5264035	0.02310891	1.029902	0.9781249	-0.692376	0.3462342	-0.07461482	0.501326	1.650509	1.351521	-0.4295748	-0.9046118	-0.6910569	-0.730945	-0.8203872	-0.87228	-2.592693	-0.06864198	-1.541742	2.795664	7.625595	3.50023	0.3083589	1.542719	0.9454905	1.247085	1.751282	1.643419	-0.185884	-0.6626927	-0.1634945	-0.7826582	-1.452321	-0.6387619	-0.5387357	-0.6376606	-0.9726833	0.3247721	0.6820767	0.4158512	-0.06179592	0.1740275	-0.08887295	1.03394	1.296428	0.4949742	-0.300797	-0.6362216	-0.1980287	-1.054975	-1.427008	-0.5875307	-0.3693916	0.1037317	-0.4507903	0.5077408	0.4330339	-0.3069604
480.46875	-0.2163575	0.4555572	-0.1910056	0.8224355	1.197268	0.4533226	-0.23595	-0.5135632	-0.09796917	-0.5204397	-0.7237195	-0.2735372	-0.4446786	-0.5001293	-1.013921	1.085141	0.9889415	-0.5499537	-1.371369	-0.6100561	-1.903482	0.6322178	1.941585	0.2422405	-0.4393214	-0.8003552	-0.2758084	-1.028021	-0.602761	-0.64893	-3.741121	-2.633075	-4.021108	-0.2941424	2.601039	-0.3107217	0.9258586	1.261652	0.445135	1.753169	2.164719	1.251896	-0.4098406	-0.4054925	-0.280936	-0.5868945	-0.5786094	-0.2789301	0.7947341	0.4808364	0.3166758	0.9912835	1.839351	0.7807384	0.457021	1.070439	0.5602589	1.050084	0.6630554	0.4915264	-0.4531814	-0.3895008	-0.2930689	-0.2724146	-0.4994103	-0.1131326	-0.5597461	-0.2753196	-0.4278305	0.004019701	0.9094797	0.9956367	-0.7490202	0.3232282	-0.08620612	0.5062121	1.701444	1.362083	-0.4179486	-0.9003354	-0.709547	-0.7113833	-0.8209032	-0.8652343	-2.688422	-0.01887736	-1.532562	2.869751	8.004088	3.735754	0.2946877	1.491649	0.9031786	1.255018	1.747251	1.658406	-0.1803603	-0.6586816	-0.2011829	-0.7091695	-1.398268	-0.6545855	-0.5522873	-0.7920263	-1.066455	0.3373531	0.6531088	0.361719	-0.07232451	0.2586639	-0.04158764	1.0959	1.418995	0.6067286	-0.2688465	-0.558048	-0.134222	-1.008888	-1.417474	-0.5643434	-0.5653868	-0.4012699	-0.7593579	0.2449649	0.1651065	-0.6461772
482.421875	-0.2482131	0.4295825	-0.1774163	0.8061274	1.247824	0.476643	-0.2129742	-0.4950005	-0.06999794	-0.5024588	-0.6748513	-0.2427696	-0.2856741	-0.2487378	-0.8998312	1.198388	1.073001	-0.5080233	-1.411599	-0.6591551	-1.915955	0.6022234	1.887725	0.1893305	-0.4646692	-0.8055605	-0.2683141	-1.031702	-0.608164	-0.639973	-3.518181	-2.42062	-3.793268	-0.1859568	2.645808	-0.1670682	0.8217912	1.198545	0.4089889	1.701127	2.202556	1.272074	-0.4111445	-0.3724412	-0.2500445	-0.5762613	-0.557011	-0.2412038	1.168898	0.8668266	0.5647236	1.266343	1.944799	1.017612	0.4318236	1.025158	0.5503325	0.995573	0.6979908	0.4719811	-0.4071049	-0.3591986	-0.2450488	-0.2523961	-0.4853407	-0.08381328	-0.4303222	-0.321317	-0.3382024	-0.09912349	0.7007125	0.9420626	-0.7643504	0.3319574	-0.0607708	0.5420027	1.751353	1.394531	-0.4107035	-0.8989477	-0.7328645	-0.6877759	-0.8041873	-0.8412648	-2.851949	-0.03385328	-1.512148	2.814477	8.2763	3.92776	0.3014544	1.483969	0.9235002	1.347258	1.78143	1.643452	-0.187648	-0.6809946	-0.2425858	-0.6405721	-1.341927	-0.673999	-0.5680923	-0.9412927	-1.222404	0.473912	0.7104526	0.2832302	-0.1728399	0.1925299	-0.1135285	1.07803	1.490636	0.6437491	-0.2750184	-0.5654632	-0.1357922	-0.9876344	-1.419446	-0.5850804	-0.2627049	-0.05754558	-0.4327797	0.2606342	0.1356237	-0.4414116
484.375	-0.2481801	0.4191595	-0.1468631	0.8190984	1.291599	0.4929192	-0.1717227	-0.4705713	-0.0333418	-0.4638317	-0.6276348	-0.2069875	-0.1651195	-0.05814793	-0.7806442	1.283325	1.195204	-0.3219222	-1.484757	-0.6948292	-1.915238	0.5842888	1.848856	0.1570687	-0.4804607	-0.8169273	-0.2557782	-1.047428	-0.6238328	-0.628011	-3.328887	-2.185345	-3.596984	-0.0552132	2.715971	0.02394613	0.7096698	1.126349	0.3810449	1.609963	2.192523	1.2761	-0.3972892	-0.3343079	-0.2162564	-0.5626179	-0.546518	-0.2089946	1.251094	0.9931517	0.5555341	1.385308	1.943088	1.043825	0.4496806	1.000588	0.5586351	0.9884003	0.7204508	0.4731365	-0.3730932	-0.3366413	-0.2125491	-0.2378758	-0.4871565	-0.06886925	-0.3688143	-0.4224131	-0.3005297	-0.2221261	0.555025	0.8374503	-0.7542175	0.343659	-0.03462341	0.5733978	1.787967	1.428576	-0.4119546	-0.8987513	-0.7438655	-0.6803969	-0.786393	-0.8139502	-2.982247	-0.04250243	-1.467366	2.75786	8.432144	4.080809	0.3127944	1.495704	0.9719866	1.45561	1.866836	1.608487	-0.1857352	-0.6786129	-0.2585224	-0.5775507	-1.27955	-0.6650835	-0.6092924	-1.059374	-1.381393	0.6733214	0.8369305	0.2241757	-0.2178106	0.2072966	-0.1375124	1.070125	1.558787	0.705615	-0.2491301	-0.5418341	-0.1193488	-0.9515019	-1.39992	-0.5768032	-0.3621308	-0.3191862	-0.5773155	0.08036391	-0.0564169	-0.5391467
486.328125	-0.2131162	0.4293354	-0.1174619	0.8496985	1.324953	0.488952	-0.1278385	-0.4422195	-0.005400373	-0.4107286	-0.5926567	-0.1806408	-0.04553099	0.07907887	-0.6243088	1.394443	1.349096	0.005225073	-1.544791	-0.6955806	-1.910107	0.5988187	1.859172	0.1813121	-0.4663653	-0.8104442	-0.2193584	-1.064485	-0.6460864	-0.6100583	-3.295214	-2.059302	-3.54606	0.03895127	2.79874	0.167411	0.6663392	1.089684	0.3884859	1.530014	2.138462	1.267548	-0.3524486	-0.2760806	-0.168319	-0.533436	-0.5398424	-0.1790208	1.080957	0.8591818	0.358436	1.32084	1.829178	0.8539749	0.4894776	1.006036	0.5771603	1.023718	0.7285914	0.4837193	-0.3599523	-0.3221321	-0.2038916	-0.2363924	-0.5057074	-0.0736905	-0.3993654	-0.5243226	-0.3261359	-0.2977333	0.5592597	0.7244447	-0.7525403	0.325951	-0.04429914	0.5677106	1.803672	1.440247	-0.4172733	-0.893783	-0.7322964	-0.6929782	-0.7812101	-0.794358	-3.053291	-0.04778986	-1.419201	2.712784	8.485691	4.174743	0.3162584	1.494239	0.9913728	1.515243	1.974043	1.582089	-0.1865987	-0.6607695	-0.26893	-0.5384727	-1.223233	-0.6414903	-0.6610363	-1.118605	-1.454518	0.8385532	0.987755	0.2480224	-0.1677913	0.3548267	-0.06030725	1.105837	1.628611	0.8078898	-0.1844833	-0.4592885	-0.06701472	-0.8964909	-1.356	-0.5219902	-0.4278525	-0.4623487	-0.6425275	-0.0122468	-0.1905998	-0.6022273
488.28125	-0.1560478	0.4561483	-0.09735739	0.8745146	1.350667	0.4671296	-0.09949588	-0.4150722	5.644544e-05	-0.3569811	-0.5684764	-0.1750444	0.08844188	0.2009278	-0.4368399	1.545415	1.520018	0.365865	-1.557437	-0.6620749	-1.911576	0.6448212	1.912091	0.2655013	-0.4258963	-0.772671	-0.159424	-1.064378	-0.6599096	-0.5900345	-3.421964	-2.079399	-3.636297	0.07224281	2.873351	0.2204405	0.7094204	1.087634	0.4273939	1.4875	2.06844	1.248031	-0.2783798	-0.1959296	-0.1030007	-0.4866186	-0.5315409	-0.1497384	0.9049662	0.6900461	0.1882266	1.212286	1.702758	0.6347958	0.5066416	1.016072	0.580535	1.054578	0.7298819	0.4797528	-0.3637054	-0.3110369	-0.2125033	-0.2441114	-0.5272229	-0.0863762	-0.4792428	-0.5886968	-0.3929814	-0.2903217	0.6580357	0.6329021	-0.7805977	0.2785685	-0.1000864	0.536467	1.81593	1.430742	-0.4178772	-0.8799583	-0.7041095	-0.7123441	-0.7911148	-0.7846891	-3.06048	-0.06214964	-1.408088	2.68388	8.458324	4.17803	0.3188172	1.472075	0.9630917	1.515266	2.049429	1.590226	-0.190043	-0.6226444	-0.2748768	-0.5188442	-1.169596	-0.6148852	-0.6618044	-1.078676	-1.373722	0.9421648	1.124096	0.3854001	-0.2762669	0.2138328	-0.1775595	1.03937	1.591731	0.7314216	-0.1600001	-0.4369163	-0.06142822	-0.8751336	-1.332431	-0.4965735	-0.580255	-0.6836615	-0.7575127	-0.134407	-0.3192281	-0.7526662
490.234375	-0.1164907	0.4752804	-0.08128932	0.8618309	1.370918	0.443149	-0.09794666	-0.3969111	-0.01989326	-0.317953	-0.5418783	-0.189564	0.2294068	0.3558994	-0.248198	1.710474	1.695466	0.6368532	-1.519383	-0.6093396	-1.915692	0.7024966	1.966536	0.3759312	-0.3873157	-0.7139781	-0.09906324	-1.036638	-0.6485264	-0.5730612	-3.585893	-2.144854	-3.753597	0.09203018	2.942183	0.225363	0.80537	1.105463	0.4907028	1.478257	2.014307	1.232294	-0.1864189	-0.1017942	-0.0234865	-0.4304343	-0.5214238	-0.1200309	0.9704291	0.7516764	0.2343007	1.255243	1.69727	0.6137476	0.4757056	0.9952538	0.5498098	1.033416	0.7276515	0.446652	-0.3729024	-0.2973214	-0.224485	-0.2470341	-0.5304316	-0.08570115	-0.5542576	-0.6258056	-0.4768611	-0.2220292	0.7324614	0.5633499	-0.832787	0.2292715	-0.1785368	0.5182241	1.848088	1.420497	-0.4037575	-0.853343	-0.6706793	-0.715974	-0.8057941	-0.7749488	-3.058424	-0.129755	-1.46854	2.608187	8.351556	4.059891	0.3144097	1.413759	0.886754	1.48553	2.045855	1.609678	-0.1945742	-0.5734834	-0.274583	-0.5037423	-1.112648	-0.5983412	-0.6387162	-1.033958	-1.240742	1.003243	1.234157	0.5544119	-0.165627	0.4102172	0.001052775	1.093656	1.650685	0.8546011	-0.1582466	-0.4442985	-0.07626545	-0.8789007	-1.322673	-0.494837	-0.3562096	-0.2469695	-0.3504063	-0.08009807	-0.2307962	-0.5410817
492.1875	-0.1017744	0.4856733	-0.04478866	0.8339446	1.394908	0.4492356	-0.1055417	-0.3816514	-0.04592321	-0.292062	-0.4991927	-0.2060166	0.3391606	0.5442899	-0.09535476	1.813986	1.858436	0.7677794	-1.460146	-0.5571279	-1.904879	0.7484775	1.981626	0.4661978	-0.3749851	-0.6554441	-0.06310808	-0.9858853	-0.6056591	-0.5570695	-3.63924	-2.115017	-3.758464	0.1682339	3.007964	0.2592735	0.8804459	1.119006	0.5571625	1.473642	1.991093	1.23316	-0.1030321	-0.01933555	0.04991531	-0.3828229	-0.5113593	-0.09492899	1.29841	1.098505	0.4911581	1.522371	1.865983	0.8583992	0.419163	0.9349347	0.4961742	0.9586686	0.7183273	0.3922456	-0.3775615	-0.2800721	-0.2296858	-0.2366634	-0.5061981	-0.06076847	-0.5838724	-0.671294	-0.5529824	-0.1549568	0.6774114	0.492967	-0.8731272	0.2188054	-0.236531	0.5555125	1.906267	1.431955	-0.3806546	-0.822988	-0.6419603	-0.7035756	-0.8161189	-0.7565889	-3.080065	-0.2453942	-1.582217	2.469333	8.185464	3.853204	0.324395	1.362366	0.825525	1.477872	1.976518	1.61724	-0.2002051	-0.5445767	-0.2743044	-0.4855315	-1.052875	-0.603408	-0.5446674	-0.9018419	-1.061276	1.140999	1.378645	0.7426699	-0.2254383	0.3207566	-0.02658263	1.034683	1.636914	0.8516634	-0.1013298	-0.3589244	-0.02023686	-0.8515328	-1.282537	-0.4543154	-0.6172025	-0.6043069	-0.5388139	-0.3966069	-0.3534854	-0.7188854
494.140625	-0.0996125	0.4965672	0.02781583	0.831623	1.430628	0.5045423	-0.09852006	-0.3637545	-0.05913464	-0.2671348	-0.4430491	-0.208117	0.4223672	0.7567792	0.01551995	1.844105	2.008126	0.8283493	-1.421057	-0.5276415	-1.868959	0.768477	1.944324	0.5062132	-0.3920201	-0.6194457	-0.06055983	-0.9338721	-0.5481581	-0.5372268	-3.543168	-1.957924	-3.624828	0.3124221	3.053183	0.3422637	0.8713262	1.114711	0.6029371	1.447196	1.985915	1.248011	-0.05662954	0.02001494	0.08982753	-0.3616035	-0.5022675	-0.08391426	1.674799	1.530819	0.7820447	1.89302	2.125016	1.224762	0.386352	0.8661965	0.4555976	0.8794961	0.7022136	0.3436774	-0.3797217	-0.2712484	-0.2320562	-0.222697	-0.4663072	-0.02574244	-0.5471302	-0.7299046	-0.5832777	-0.1402528	0.4793981	0.4041345	-0.8745335	0.2561997	-0.2433893	0.639403	1.961709	1.464808	-0.3604478	-0.7955183	-0.6167772	-0.6843298	-0.8145685	-0.7226667	-3.113223	-0.3456469	-1.662744	2.309411	8.01598	3.671616	0.321752	1.284266	0.7738456	1.481889	1.874998	1.559615	-0.2072039	-0.5463164	-0.2777337	-0.4652019	-0.9926249	-0.6187846	-0.4794356	-0.7886573	-0.9890071	1.344945	1.578383	0.8717512	-0.2976173	0.2237327	-0.0861304	0.9677203	1.630999	0.8706083	-0.1122674	-0.382928	-0.05430386	-0.8457361	-1.257149	-0.483395	-0.5774806	-0.5022004	-0.3795565	-0.5856777	-0.3403199	-0.5830649
496.09375	-0.08699674	0.5141109	0.120581	0.881651	1.477768	0.589555	-0.0612302	-0.335897	-0.04680176	-0.2272127	-0.3888814	-0.1859985	0.4939252	0.9577195	0.09484369	1.822695	2.134522	0.920239	-1.41298	-0.5223972	-1.818271	0.7747296	1.888782	0.5072962	-0.4119997	-0.6103604	-0.07612435	-0.9008343	-0.5028113	-0.5119287	-3.35775	-1.74339	-3.438773	0.4820028	3.067695	0.4355182	0.7926058	1.107984	0.6303334	1.39883	1.962811	1.255741	-0.04925787	0.01016433	0.09111249	-0.368632	-0.4936576	-0.08995529	1.848271	1.774568	0.9208734	2.159232	2.327056	1.490831	0.4149978	0.8418739	0.4634579	0.861209	0.69215	0.3244098	-0.3880641	-0.2867175	-0.2434459	-0.2255945	-0.4370193	-0.00985902	-0.4681111	-0.776884	-0.5473505	-0.1784284	0.2394527	0.3187859	-0.8383171	0.3155941	-0.1989833	0.7207904	1.972243	1.501226	-0.3577033	-0.7792519	-0.5900729	-0.6775107	-0.8026996	-0.6789144	-3.145685	-0.3796572	-1.642662	2.173478	7.918395	3.638472	0.3392797	1.240064	0.7731695	1.489186	1.803268	1.471884	-0.2117768	-0.5642857	-0.2810918	-0.4538396	-0.9408005	-0.62493	-0.4558553	-0.669449	-1.011491	1.56119	1.84709	0.9801821	-0.3220842	0.2204857	-0.115296	0.9485545	1.648308	0.9396165	-0.1441804	-0.4298995	-0.1127627	-0.8199015	-1.213894	-0.5196872	-0.6191978	-0.5811806	-0.3805523	-0.7943577	-0.3866429	-0.5469785
498.046875	-0.03933988	0.5478149	0.2011601	0.9813593	1.536822	0.6684774	-0.004803882	-0.301824	-0.01775726	-0.1690259	-0.3488919	-0.1469116	0.5451517	1.09502	0.1480482	1.769522	2.199994	1.068609	-1.409931	-0.5261358	-1.778224	0.794615	1.865388	0.5100404	-0.400245	-0.6132668	-0.08418486	-0.8899679	-0.4850324	-0.4852047	-3.211314	-1.616475	-3.329199	0.5855541	3.030066	0.4678576	0.6847851	1.094167	0.628746	1.34645	1.908244	1.227933	-0.05960266	-0.0249881	0.07359125	-0.3867232	-0.4805465	-0.1041987	1.713371	1.69916	0.8484461	2.183171	2.371467	1.536091	0.4934678	0.887359	0.5191525	0.9298359	0.7081527	0.3340765	-0.4096589	-0.3342121	-0.2721082	-0.2579355	-0.435994	-0.03119419	-0.3858602	-0.7731388	-0.4549793	-0.2259301	0.1002729	0.281564	-0.7968349	0.3572989	-0.1307933	0.7477674	1.921874	1.525319	-0.3729469	-0.7754725	-0.5627196	-0.6858348	-0.7865928	-0.6399046	-3.175971	-0.3546511	-1.534331	2.079055	7.926018	3.784088	0.3757003	1.2278	0.8009155	1.469951	1.782132	1.393353	-0.2237875	-0.594529	-0.2946737	-0.4670998	-0.907517	-0.6227629	-0.5318316	-0.6451961	-1.148917	1.652914	2.109404	1.059407	-0.3338721	0.2430564	-0.1513663	0.9772691	1.668511	0.9914412	-0.1589213	-0.4335937	-0.1375822	-0.7587526	-1.139628	-0.5163862	-0.689383	-0.720498	-0.4653739	-0.9126998	-0.4444515	-0.6031849
500	0.04837974	0.5978187	0.2465516	1.087216	1.594006	0.7088523	0.03598418	-0.2791098	0.004526999	-0.1130592	-0.3224787	-0.1101563	0.569459	1.17229	0.1982494	1.712959	2.193008	1.227802	-1.3765	-0.5176229	-1.767834	0.847506	1.899542	0.5493923	-0.3459374	-0.612784	-0.07077675	-0.8897206	-0.4903999	-0.4656826	-3.173244	-1.630469	-3.343524	0.5778667	2.954077	0.4257753	0.6273361	1.085481	0.6207905	1.319454	1.836458	1.16749	-0.04995134	-0.03960772	0.07614212	-0.3903934	-0.4617206	-0.1090847	1.388775	1.411839	0.6668471	2.007025	2.301189	1.427827	0.5690103	0.9800597	0.5851964	1.048056	0.7644833	0.3557555	-0.4417881	-0.4016578	-0.3132906	-0.3072219	-0.4579876	-0.07905184	-0.3433338	-0.7114601	-0.3554368	-0.2323674	0.1497292	0.3260593	-0.7759898	0.3708286	-0.06412648	0.7186382	1.841968	1.541564	-0.3933118	-0.7798481	-0.5452415	-0.6932512	-0.7698885	-0.6199271	-3.243819	-0.3521917	-1.431954	1.970463	7.994208	4.005447	0.4363621	1.253576	0.8451543	1.43122	1.794051	1.365848	-0.238681	-0.6050935	-0.3067331	-0.4974257	-0.8851228	-0.611559	-0.6941391	-0.7660004	-1.35126	1.57066	2.291374	1.097826	-0.2454355	0.4217728	-0.05085163	1.096132	1.732279	1.090115	-0.2317109	-0.5278333	-0.21923	-0.7354794	-1.089849	-0.5477257	-0.4548853	-0.3072973	-0.164982	-0.7265706	-0.3002475	-0.4045314
501.953125	0.159488	0.6635897	0.263243	1.15684	1.644701	0.7164103	0.04106273	-0.2772166	0.00534741	-0.0825528	-0.2958159	-0.09009053	0.5753862	1.242921	0.2812169	1.677044	2.132303	1.331414	-1.308961	-0.4869131	-1.779928	0.9265217	1.970972	0.6305678	-0.2663142	-0.5982303	-0.04159358	-0.8814098	-0.4954501	-0.4552857	-3.231868	-1.732563	-3.412008	0.4765748	2.859553	0.3530034	0.6547548	1.084283	0.6224713	1.331477	1.788559	1.108058	-0.001453025	-0.001541384	0.1216325	-0.3633477	-0.4373772	-0.08989304	1.126544	1.163445	0.5580247	1.80346	2.244663	1.334151	0.6018837	1.067965	0.6228123	1.153582	0.8412492	0.3667648	-0.4728812	-0.4613948	-0.3510463	-0.3437538	-0.4768366	-0.1203886	-0.3457858	-0.6122658	-0.2990355	-0.170976	0.3525741	0.4340999	-0.7740514	0.3773389	-0.0001860318	0.6698579	1.779097	1.561089	-0.4081302	-0.7916956	-0.5506867	-0.6874701	-0.7555439	-0.6254993	-3.339209	-0.4195059	-1.411583	1.826232	8.018248	4.134999	0.5048796	1.297698	0.8859201	1.401802	1.80428	1.387079	-0.247996	-0.587514	-0.3055232	-0.5289828	-0.8611979	-0.6023239	-0.8139825	-0.8919953	-1.461648	1.433066	2.385588	1.125825	-0.2020043	0.5115569	0.01595014	1.192188	1.783363	1.116379	-0.1759875	-0.4239104	-0.1362543	-0.6662634	-0.9948844	-0.4635135	-0.6598027	-0.5378713	-0.3855312	-0.7236	-0.2712906	-0.555338
503.90625	0.2585237	0.7305419	0.2728551	1.165488	1.677685	0.7145404	0.01859047	-0.293675	-0.01296281	-0.08690291	-0.2579376	-0.09013376	0.5642936	1.341991	0.4003766	1.660822	2.064469	1.345851	-1.232614	-0.4250391	-1.779318	1.010984	2.041541	0.7341619	-0.193858	-0.5699304	-0.01424032	-0.8554834	-0.4793599	-0.4454417	-3.28153	-1.771529	-3.392312	0.3676507	2.784018	0.324054	0.7513472	1.098951	0.64654	1.371883	1.788295	1.089437	0.08092199	0.08652167	0.2036335	-0.3117244	-0.415801	-0.04930894	1.088845	1.124006	0.6220506	1.726622	2.312634	1.370087	0.5920377	1.108438	0.6198435	1.203339	0.9007423	0.3627448	-0.4910799	-0.4865916	-0.368597	-0.3458265	-0.4657533	-0.1252168	-0.3553226	-0.4941079	-0.2966145	-0.0372733	0.589202	0.5581619	-0.7609384	0.415435	0.07779093	0.6527555	1.76813	1.593371	-0.4156824	-0.811184	-0.5820482	-0.6667672	-0.74308	-0.6480606	-3.423019	-0.5500122	-1.466901	1.641922	7.902036	4.053657	0.5615336	1.33452	0.9080338	1.408061	1.796398	1.418314	-0.2465425	-0.5564644	-0.2911028	-0.5485139	-0.8267694	-0.6036084	-0.84665	-0.9869303	-1.465355	1.373979	2.431824	1.108646	-0.2697401	0.4122027	-0.03810086	1.191648	1.794702	1.04533	-0.1342243	-0.3664437	-0.08840598	-0.6386503	-0.9276162	-0.4108598	-0.637011	-0.332608	-0.2985572	-0.572839	-0.04152851	-0.3732112
505.859375	0.344784	0.8104672	0.3160426	1.150053	1.696744	0.7430087	0.00154765	-0.3121619	-0.03063711	-0.1118443	-0.2138683	-0.1014108	0.5615979	1.469344	0.5284247	1.665889	2.031797	1.306951	-1.192379	-0.3501127	-1.737662	1.069009	2.072072	0.8237162	-0.1552387	-0.5410286	-0.002257611	-0.8219685	-0.4460138	-0.4273736	-3.263429	-1.700394	-3.226932	0.2917818	2.716654	0.3407688	0.8565266	1.126085	0.6785875	1.412579	1.82246	1.118379	0.1567268	0.1779833	0.2780174	-0.2631963	-0.4064134	-0.009314097	1.228888	1.249209	0.7937835	1.795235	2.503864	1.503457	0.5768986	1.098673	0.5972878	1.207807	0.9178205	0.3538312	-0.4895672	-0.4662535	-0.3584764	-0.3156679	-0.4183677	-0.09142602	-0.3467389	-0.3760245	-0.3211313	0.1094023	0.7576817	0.6647773	-0.7080452	0.4945315	0.1796716	0.6832308	1.788384	1.62263	-0.4251994	-0.8384796	-0.6284726	-0.6430318	-0.7308082	-0.6704139	-3.424571	-0.6623846	-1.489383	1.46084	7.63109	3.786439	0.6016307	1.347211	0.9050776	1.444785	1.775126	1.416975	-0.2222819	-0.5176109	-0.2597448	-0.5478464	-0.7796045	-0.6045544	-0.6950647	-0.8697328	-1.273965	1.51788	2.533006	1.12565	-0.139078	0.652258	0.1647349	1.266419	1.906542	1.194817	-0.1642734	-0.4408405	-0.1599654	-0.662356	-0.9025961	-0.4411843	-0.6128784	-0.1437781	-0.2385818	-0.4534932	0.2151309	-0.1054172
507.8125	0.4117415	0.8887828	0.3926531	1.142434	1.698469	0.7972329	0.016051	-0.3177034	-0.02853832	-0.1326687	-0.1815278	-0.1112253	0.6020358	1.583384	0.6215735	1.689849	2.03228	1.268389	-1.19603	-0.2790515	-1.652595	1.0898	2.058255	0.878194	-0.1447469	-0.5150831	-0.00136699	-0.7933646	-0.4124132	-0.3963741	-3.16152	-1.56969	-2.975656	0.2473282	2.638876	0.3561031	0.93327	1.168525	0.7058717	1.435379	1.844146	1.163745	0.1919998	0.2233548	0.3042924	-0.2439393	-0.4148695	0.006061673	1.403082	1.393713	0.9517948	1.922174	2.712821	1.627131	0.6029115	1.074493	0.590377	1.217689	0.8881056	0.3447149	-0.473738	-0.4156514	-0.3290872	-0.2822958	-0.3525028	-0.04517739	-0.3087215	-0.2665774	-0.323524	0.206676	0.8217664	0.7458835	-0.6234794	0.5827902	0.2905821	0.7300792	1.794416	1.626565	-0.4432145	-0.8684885	-0.6705754	-0.6274164	-0.7177801	-0.6787524	-3.332147	-0.7047049	-1.392529	1.305674	7.283447	3.46232	0.6305889	1.343681	0.8844566	1.476232	1.759954	1.378535	-0.190306	-0.5021937	-0.2368031	-0.5395539	-0.732702	-0.6038848	-0.461976	-0.6648363	-1.037892	1.764129	2.688897	1.156194	-0.2477098	0.5155517	0.06174411	1.172112	1.88481	1.161254	-0.1732497	-0.47179	-0.2244985	-0.6512873	-0.8571125	-0.4541893	-0.5397092	0.05645192	-0.1584823	-0.3477444	0.4499173	0.2160233
509.765625	0.4666609	0.9529542	0.4760641	1.162124	1.683305	0.8464667	0.0638078	-0.3055212	-0.002914096	-0.1282357	-0.1765821	-0.1124606	0.6547448	1.601874	0.6198226	1.699315	2.026639	1.237908	-1.202412	-0.2207693	-1.548666	1.086263	2.022424	0.9017909	-0.1393579	-0.4949756	0.002371134	-0.7793181	-0.4009498	-0.3632773	-3.017973	-1.492041	-2.778212	0.2003078	2.545545	0.3231874	0.9535791	1.202601	0.6985128	1.436108	1.820687	1.177689	0.1821114	0.2045809	0.2754382	-0.2615895	-0.4412567	-0.01246508	1.478545	1.437543	0.9978795	2.010817	2.845732	1.675952	0.6772439	1.074429	0.6098399	1.271104	0.8408902	0.3287748	-0.4513665	-0.3630072	-0.2953716	-0.2739457	-0.3010369	-0.02146796	-0.2673831	-0.1799349	-0.2861539	0.2233898	0.8550863	0.8224081	-0.5398461	0.6347414	0.3733761	0.7654249	1.758559	1.592206	-0.4638145	-0.8904253	-0.6952052	-0.6158282	-0.7021186	-0.6720658	-3.188989	-0.6778484	-1.177242	1.186181	6.979149	3.227827	0.6537274	1.323066	0.8491028	1.464336	1.751004	1.314781	-0.1540205	-0.4989762	-0.2203567	-0.5248552	-0.6913009	-0.5887048	-0.2400913	-0.4797487	-0.8535637	1.95028	2.845338	1.22051	-0.3126943	0.4467921	0.004709295	1.107249	1.843717	1.163324	-0.1945594	-0.4987776	-0.2952285	-0.6198428	-0.8035352	-0.4663417	-0.7495179	-0.277357	-0.452793	-0.4348465	0.464542	0.2069177
511.71875	0.5190507	0.9947167	0.535939	1.201076	1.657235	0.8578039	0.1071942	-0.2967763	0.02672912	-0.1136693	-0.2031664	-0.1142498	0.6600904	1.482591	0.5186391	1.646109	1.955254	1.176036	-1.15992	-0.1766488	-1.457947	1.079172	1.988528	0.9139817	-0.1152263	-0.4776294	0.0201757	-0.7755021	-0.4170147	-0.3423734	-2.887858	-1.531681	-2.720863	0.1289213	2.449324	0.253503	0.9436834	1.220011	0.6632668	1.429368	1.753508	1.144528	0.1576548	0.1506313	0.2253253	-0.2967	-0.4765577	-0.05035162	1.421943	1.372202	0.9259102	2.028552	2.892299	1.675768	0.7576024	1.107279	0.6307685	1.358594	0.8189927	0.2980966	-0.431585	-0.3338368	-0.2719126	-0.2955686	-0.2843765	-0.03548281	-0.2650975	-0.149084	-0.2417515	0.1443985	0.9277813	0.8809294	-0.489617	0.6326869	0.4055493	0.7854906	1.702056	1.53326	-0.4767631	-0.8990507	-0.7055773	-0.5996414	-0.6833522	-0.6644815	-3.086676	-0.6649415	-0.9695832	1.073214	6.787663	3.11572	0.6693944	1.293589	0.8173054	1.406733	1.740967	1.253408	-0.1391263	-0.5225494	-0.2292615	-0.5112115	-0.6612524	-0.5740594	-0.09304642	-0.3850896	-0.7568844	1.950204	2.893639	1.320983	-0.3701444	0.3528468	-0.06559424	1.071466	1.765542	1.118705	-0.159652	-0.415634	-0.2655014	-0.5495599	-0.7229161	-0.4188341	-0.56893	0.03240536	-0.2181835	-0.2838783	0.6199512	0.4966716
513.671875	0.5751247	1.019511	0.55966	1.242267	1.637532	0.8320852	0.1204207	-0.3025947	0.04292778	-0.1046488	-0.2406315	-0.1225871	0.5637066	1.254637	0.3644755	1.512543	1.802287	1.042023	-1.053182	-0.1393639	-1.3942	1.082306	1.966111	0.9356423	-0.0655761	-0.4571797	0.05189008	-0.7682108	-0.4464163	-0.3388036	-2.787269	-1.62035	-2.766787	0.06274928	2.396071	0.221556	0.9390043	1.220016	0.6286923	1.427874	1.679106	1.091251	0.1666005	0.1182007	0.2076889	-0.3169893	-0.5098152	-0.08035007	1.326197	1.295737	0.8311715	2.017795	2.915636	1.704594	0.8031853	1.153474	0.6289928	1.439348	0.8311006	0.2538549	-0.4226226	-0.3369158	-0.2659431	-0.3282561	-0.2976728	-0.07106057	-0.3379729	-0.1988397	-0.257542	0.0058461	1.07369	0.893247	-0.4772909	0.6024432	0.4001918	0.8129682	1.674982	1.480603	-0.472277	-0.8911071	-0.7133531	-0.5644294	-0.65696	-0.6670045	-3.06597	-0.7190167	-0.8856833	0.9641379	6.712406	3.063449	0.6735973	1.272517	0.8139427	1.343634	1.726269	1.215048	-0.1356577	-0.5342285	-0.2340893	-0.4855573	-0.6289698	-0.5531442	-0.05112562	-0.4466557	-0.7617464	1.752099	2.758353	1.398962	-0.2239663	0.5335565	0.08880631	1.174061	1.765615	1.180203	-0.2017932	-0.4655668	-0.3054214	-0.5507157	-0.7015768	-0.4527082	-0.7872562	-0.2215547	-0.4026233	-0.3439775	0.6212135	0.4541195
515.625	0.6297597	1.033815	0.5569698	1.268131	1.640281	0.7939575	0.1017423	-0.3233871	0.04196434	-0.1151711	-0.2673703	-0.1410723	0.3759154	1.007854	0.2264845	1.335181	1.605778	0.8501624	-0.9255983	-0.1032492	-1.348358	1.09096	1.94799	0.974756	-0.004387655	-0.429078	0.08703899	-0.7462195	-0.4684499	-0.342355	-2.702202	-1.631882	-2.795329	0.04613858	2.416158	0.2894114	0.9506379	1.201938	0.6156562	1.428369	1.636148	1.057099	0.230225	0.142967	0.2488806	-0.3016403	-0.5311383	-0.08386822	1.253984	1.256835	0.7720851	2.022278	2.990323	1.789064	0.8000358	1.183471	0.6041551	1.47687	0.8594917	0.2221501	-0.4237635	-0.3595725	-0.271966	-0.3451523	-0.3213719	-0.0997155	-0.4541263	-0.3112265	-0.3510549	-0.1472267	1.215184	0.8123206	-0.4807391	0.5883304	0.3940855	0.8629687	1.707463	1.458319	-0.4611154	-0.8788238	-0.7309602	-0.5173745	-0.6234414	-0.6823661	-3.085393	-0.8055449	-0.9244384	0.8930116	6.711103	2.990264	0.6604632	1.279175	0.8508742	1.323836	1.728883	1.214186	-0.1342755	-0.5254257	-0.222909	-0.4502034	-0.5900393	-0.5314778	-0.0276235	-0.5415198	-0.7636592	1.505476	2.484873	1.451362	-0.1457694	0.5605141	0.1251916	1.233939	1.755639	1.126603	-0.1888939	-0.4508959	-0.2723591	-0.5531927	-0.6864402	-0.4617739	-0.6331937	0.2518808	-0.0552412	-0.145043	0.8908927	0.8504531
517.578125	0.6866317	1.054898	0.5544688	1.290307	1.67171	0.7787057	0.08538305	-0.3376236	0.03952439	-0.1321393	-0.2714115	-0.1623216	0.1518474	0.8152055	0.1353621	1.170838	1.429572	0.6608189	-0.8394434	-0.06368816	-1.299546	1.094627	1.925648	1.025085	0.04467982	-0.3939097	0.1154454	-0.7095223	-0.4731471	-0.3362392	-2.627602	-1.513255	-2.727564	0.08751684	2.493677	0.4294413	0.9786002	1.17604	0.6342692	1.417328	1.625513	1.056297	0.3326965	0.2167404	0.3312084	-0.2534709	-0.5360141	-0.06363381	1.247182	1.270103	0.7817617	2.064367	3.132259	1.903161	0.7759369	1.183775	0.5857246	1.472636	0.8743634	0.2340169	-0.4311692	-0.3802255	-0.2802154	-0.3358556	-0.3334211	-0.1005969	-0.5527241	-0.4353899	-0.4780848	-0.2571931	1.257801	0.6498104	-0.4808039	0.6084812	0.415033	0.9107533	1.774282	1.466874	-0.4614615	-0.8756961	-0.7598073	-0.4734492	-0.5862049	-0.6994375	-3.039551	-0.8086886	-0.9576879	0.9269491	6.746287	2.885492	0.5991244	1.254546	0.8629486	1.341479	1.754884	1.218162	-0.1477655	-0.5339571	-0.224906	-0.4294866	-0.5520013	-0.5264856	0.08121102	-0.5102537	-0.6513757	1.376539	2.20696	1.512149	-0.09156584	0.5483535	0.1249183	1.259681	1.774166	1.049981	-0.1973139	-0.4948072	-0.2857765	-0.5796	-0.7018352	-0.5088859	-0.6144947	0.5634224	0.1065224	0.01919529	1.183003	1.207099
519.53125	0.7443072	1.086684	0.5645459	1.324638	1.716816	0.7899317	0.1043857	-0.3230795	0.0545679	-0.1336145	-0.2567768	-0.1739946	-0.02809066	0.7082412	0.06540443	1.080374	1.328623	0.5503837	-0.8251758	-0.0232414	-1.241084	1.08753	1.899667	1.072604	0.0678331	-0.3529585	0.136153	-0.6652002	-0.4628617	-0.3083264	-2.586334	-1.342792	-2.613416	0.1464831	2.576214	0.5393767	0.9858693	1.130899	0.6483155	1.380704	1.626124	1.062139	0.4257546	0.2916139	0.4039094	-0.1980618	-0.5269268	-0.03996193	1.290804	1.31506	0.8430645	2.132962	3.295242	2.005814	0.7556951	1.157513	0.5960312	1.452802	0.8718917	0.3027546	-0.432676	-0.3793781	-0.2789375	-0.3089642	-0.3273723	-0.07661728	-0.6010867	-0.5295111	-0.5781258	-0.299152	1.183523	0.4809516	-0.4808516	0.6399546	0.4502075	0.9187805	1.821311	1.489932	-0.4804116	-0.8844423	-0.791121	-0.4371374	-0.5507922	-0.7029977	-2.857977	-0.6306264	-0.8299177	1.0926	6.79767	2.821238	0.5325354	1.245171	0.8589177	1.387393	1.818709	1.252079	-0.1497445	-0.5305349	-0.2201986	-0.4220917	-0.5107219	-0.5158218	0.2963034	-0.3089579	-0.4241016	1.420628	2.041188	1.603134	-0.05016633	0.5604896	0.1466397	1.256046	1.815395	1.012387	-0.1919727	-0.5184743	-0.3035762	-0.5759381	-0.7070433	-0.5388771	-0.8127349	0.4743235	-0.07007226	0.07951552	1.371717	1.348823
521.484375	0.7945743	1.123429	0.5876317	1.37224	1.748027	0.8088543	0.1588962	-0.277041	0.0887129	-0.1105087	-0.2390763	-0.1694545	-0.1554674	0.6411992	-0.04388172	1.044459	1.309821	0.5476271	-0.8483825	0.02074016	-1.182393	1.081623	1.883729	1.110127	0.06606376	-0.3108808	0.1536395	-0.6215401	-0.4468022	-0.2616683	-2.604977	-1.261913	-2.582446	0.1765377	2.61731	0.526432	0.971152	1.079597	0.6416366	1.326354	1.606379	1.0418	0.4681931	0.3219771	0.4271767	-0.1647028	-0.5148872	-0.03325996	1.328809	1.36911	0.9016973	2.208465	3.431715	2.090728	0.74447	1.119405	0.6280016	1.438283	0.8706644	0.3986905	-0.4222544	-0.3553282	-0.2668194	-0.282945	-0.3059944	-0.04550943	-0.6017058	-0.5832033	-0.6089159	-0.2713647	1.056493	0.3974316	-0.5007285	0.6373865	0.4535381	0.8749993	1.806643	1.50563	-0.5072339	-0.8968543	-0.8125464	-0.4060529	-0.5245873	-0.6884612	-2.577252	-0.2834547	-0.5056207	1.35098	6.872247	2.889458	0.4503778	1.19891	0.7871145	1.403162	1.88635	1.290244	-0.1655221	-0.5564827	-0.2463141	-0.4377877	-0.4728651	-0.5144435	0.5187201	-0.03438073	-0.1960472	1.545938	2.006292	1.714073	-0.1088876	0.4566089	0.1023624	1.185378	1.800584	0.9358942	-0.1883641	-0.5267564	-0.3340786	-0.5325696	-0.6890731	-0.5466465	-0.8961787	0.4599865	-0.1765906	0.2119343	1.538234	1.481458
523.4375	0.8079317	1.138459	0.5996916	1.407028	1.744103	0.8037118	0.2242391	-0.2106883	0.1322618	-0.0706183	-0.231401	-0.1480987	-0.2458023	0.5854837	-0.2078606	1.03643	1.353124	0.6391488	-0.8474204	0.06910697	-1.140422	1.094466	1.889724	1.140414	0.0494867	-0.2752001	0.1688537	-0.5827495	-0.4310839	-0.2095116	-2.684328	-1.347148	-2.726288	0.1710532	2.612902	0.3858905	0.9241507	1.024848	0.6018559	1.269681	1.564206	0.9850222	0.4531058	0.2977273	0.3995617	-0.1645778	-0.5082522	-0.04657163	1.322803	1.440248	0.9320281	2.274275	3.517652	2.190276	0.7253675	1.079639	0.6471263	1.42248	0.883741	0.4603361	-0.3922727	-0.3183632	-0.2449145	-0.2656459	-0.2864864	-0.03002836	-0.6010578	-0.6194688	-0.5890762	-0.1942111	0.9892449	0.4501945	-0.5408537	0.589074	0.3897456	0.8333563	1.746362	1.510665	-0.5158279	-0.8946868	-0.8158119	-0.3667589	-0.5095578	-0.6640724	-2.308567	0.1215978	-0.1061033	1.639352	6.989766	3.122604	0.3801461	1.138678	0.6805545	1.377357	1.932107	1.334742	-0.1888467	-0.5910789	-0.2842667	-0.4523851	-0.4291433	-0.5131046	0.6963803	0.2642605	-0.004866432	1.639329	2.030692	1.846323	-0.03556637	0.5760878	0.2465441	1.204273	1.810759	0.9900938	-0.1549135	-0.4624496	-0.3148457	-0.4458785	-0.6323936	-0.5018095	-0.5408742	1.060161	0.2482268	0.5869574	1.809894	1.881755
525.390625	0.758649	1.101334	0.5758196	1.39482	1.702429	0.7556918	0.256975	-0.1553371	0.1612104	-0.04468609	-0.2383131	-0.1231653	-0.3773986	0.5075575	-0.4059767	0.9919013	1.421611	0.7662015	-0.7965583	0.1141004	-1.128925	1.131733	1.916313	1.16897	0.02994214	-0.2500418	0.1766636	-0.5473645	-0.4145128	-0.1625969	-2.766488	-1.513652	-2.985062	0.1869823	2.613775	0.2228515	0.8760836	0.9957222	0.5685245	1.230623	1.515084	0.9223444	0.4137964	0.2493463	0.3575837	-0.1873328	-0.5142202	-0.06895258	1.268303	1.529175	0.9430724	2.307378	3.547534	2.314063	0.6853397	1.040714	0.624536	1.375721	0.9016095	0.4394867	-0.3519853	-0.2885354	-0.2231164	-0.2567286	-0.2738991	-0.03623335	-0.6348762	-0.6561586	-0.5659552	-0.1028912	1.0365	0.6065198	-0.5857964	0.5203703	0.27082	0.8530771	1.695268	1.517987	-0.4940247	-0.8724371	-0.8015638	-0.323716	-0.5049382	-0.6480664	-2.157902	0.4565465	0.1873677	1.912938	7.166627	3.467066	0.3114106	1.050481	0.5597252	1.317057	1.943685	1.362879	-0.2090643	-0.6040991	-0.306558	-0.4365319	-0.3692219	-0.5009669	0.7729079	0.4844543	0.1100113	1.60152	2.00071	1.95267	-0.03215337	0.5401168	0.2650585	1.198701	1.75306	0.949546	-0.1544896	-0.4420573	-0.3148966	-0.3854758	-0.5822921	-0.4806953	-0.4345563	1.220051	0.4045715	0.7955688	1.896986	1.991211
527.34375	0.6505689	1.001415	0.5094817	1.329742	1.643721	0.6738577	0.2537997	-0.1193591	0.1756153	-0.04149377	-0.2541902	-0.1014908	-0.5522212	0.4387543	-0.5681984	0.9239371	1.496999	0.883616	-0.7349142	0.1347738	-1.148843	1.177691	1.945253	1.194091	0.01274142	-0.2355015	0.1707044	-0.5136828	-0.39509	-0.1220444	-2.786411	-1.598717	-3.209066	0.2828468	2.680406	0.1563454	0.8454741	1.000939	0.5706835	1.214825	1.482753	0.8893844	0.3907289	0.2171195	0.3393658	-0.2106729	-0.5308293	-0.08680627	1.138923	1.569534	0.9227312	2.264976	3.518947	2.408496	0.6317206	1.00104	0.5638401	1.27833	0.8998609	0.3392626	-0.3122193	-0.2780536	-0.2055039	-0.2505454	-0.2723077	-0.05748924	-0.6748503	-0.6738137	-0.5526718	-0.02562316	1.131652	0.7708223	-0.6173905	0.4694878	0.1469625	0.9418585	1.697057	1.539077	-0.4429957	-0.8287318	-0.7745349	-0.2759438	-0.5026685	-0.6473812	-2.147227	0.6646798	0.2650958	2.174499	7.408983	3.820687	0.2597429	0.9848115	0.4815384	1.26902	1.95942	1.387501	-0.2244347	-0.6041646	-0.3090811	-0.3915448	-0.3059901	-0.4887957	0.7846394	0.6419507	0.2043058	1.455725	1.881946	2.03534	0.1220035	0.6997041	0.3853957	1.299387	1.769651	1.006412	-0.1121319	-0.3615081	-0.2482134	-0.3295784	-0.524436	-0.4384722	-0.4802732	1.181888	0.4363728	0.9176164	1.920516	2.00184
529.296875	0.5350032	0.8685455	0.4203907	1.258159	1.60209	0.5881158	0.2342466	-0.1036587	0.1852439	-0.05656942	-0.2729695	-0.08935852	-0.7219908	0.4089077	-0.6486787	0.8773817	1.573994	0.9718271	-0.731598	0.1152557	-1.191984	1.207687	1.960088	1.207495	0.0007161304	-0.2242713	0.1526789	-0.4814694	-0.3742005	-0.08216501	-2.720881	-1.508198	-3.267119	0.4593585	2.822037	0.2320854	0.8342029	1.023424	0.6042889	1.211102	1.469604	0.8899987	0.4081622	0.2225687	0.3589501	-0.2166982	-0.5509828	-0.09598315	0.9445723	1.492912	0.8722317	2.10837	3.396883	2.389723	0.6008725	0.9638888	0.5085658	1.150062	0.8468453	0.2072231	-0.2827754	-0.2870567	-0.1905302	-0.2487026	-0.2835784	-0.08149845	-0.6742225	-0.63709	-0.5294628	0.002922019	1.167825	0.8601968	-0.6341089	0.4549635	0.07647149	1.033131	1.742837	1.573892	-0.3895134	-0.7812281	-0.7413459	-0.2392879	-0.4986567	-0.6583999	-2.231122	0.7632582	0.1524516	2.424282	7.698701	4.103172	0.1945813	0.9158673	0.4194691	1.240709	2.01771	1.400493	-0.2288732	-0.5914569	-0.296014	-0.3344093	-0.2550828	-0.4767411	0.7923704	0.7723044	0.353486	1.278047	1.729902	2.12982	0.1511962	0.6401448	0.2849182	1.331466	1.765274	0.9418398	-0.06947975	-0.2952987	-0.1794571	-0.3022932	-0.4883728	-0.4173597	-0.6432686	1.026104	0.34809	0.9983444	1.947595	1.992723
531.25	0.4524251	0.7325143	0.3310715	1.215778	1.58291	0.5109148	0.2286437	-0.1003746	0.2039789	-0.07264958	-0.2927799	-0.08733317	-0.7977561	0.4457008	-0.6431338	0.9241613	1.678556	1.056292	-0.8221695	0.05899445	-1.244168	1.206246	1.956765	1.200445	-0.005567147	-0.2098029	0.1343936	-0.4539032	-0.358488	-0.04080379	-2.608187	-1.295689	-3.159441	0.6512976	2.987921	0.3935669	0.8310049	1.026763	0.6263609	1.206086	1.462964	0.890686	0.4588887	0.2566953	0.3999532	-0.2021346	-0.5650301	-0.1010501	0.7096093	1.283137	0.7910064	1.844957	3.16455	2.231008	0.597612	0.929947	0.4852521	1.031927	0.766587	0.1145543	-0.2691027	-0.3060569	-0.1752979	-0.2593445	-0.3050902	-0.09772601	-0.5967522	-0.5372066	-0.459464	-0.03316631	1.071574	0.8508942	-0.6501917	0.464967	0.07786531	1.049065	1.786965	1.611198	-0.3558571	-0.7446663	-0.7074962	-0.216041	-0.4920305	-0.6674113	-2.338757	0.8026534	-0.03558206	2.638796	7.980112	4.290304	0.1288887	0.8819411	0.3744709	1.24136	2.144018	1.435128	-0.2153968	-0.5757925	-0.2821107	-0.2923072	-0.2315619	-0.469816	0.8281652	0.8943579	0.5639501	1.149396	1.631335	2.27276	0.1838434	0.628233	0.2037237	1.358688	1.803541	0.9117002	-0.01382817	-0.2166147	-0.1019027	-0.2764956	-0.4640382	-0.3929962	-0.4806657	1.440294	0.6511539	1.283523	2.179784	2.342059
533.203125	0.4165768	0.6222782	0.2640551	1.211769	1.571805	0.443649	0.2454023	-0.1049074	0.2316343	-0.077451	-0.3119651	-0.09146743	-0.7561531	0.5299537	-0.5879316	1.071146	1.834422	1.175775	-0.9778113	-0.01160378	-1.289253	1.175125	1.940761	1.17385	-0.002040789	-0.1856088	0.1307213	-0.4309934	-0.3489198	-0.0008616843	-2.514169	-1.11243	-2.999391	0.7779785	3.099409	0.5447713	0.8265584	0.9879028	0.5958242	1.197452	1.454005	0.8574403	0.5044906	0.2852563	0.4269446	-0.1805768	-0.5650418	-0.10881	0.4433696	0.9735852	0.6557368	1.525897	2.858443	1.985206	0.6088028	0.9058604	0.4935266	0.9675617	0.6960607	0.09348719	-0.266047	-0.323345	-0.15799	-0.2848569	-0.3362669	-0.105766	-0.474719	-0.4201122	-0.3546594	-0.124227	0.8839942	0.7755345	-0.6805557	0.470249	0.1253547	0.9562054	1.781505	1.634325	-0.3465816	-0.7226975	-0.675819	-0.199783	-0.4833142	-0.6608422	-2.427986	0.821645	-0.1929261	2.777406	8.191366	4.419295	0.05436526	0.8648806	0.3114251	1.247785	2.304544	1.492438	-0.187797	-0.5616806	-0.2807799	-0.2810072	-0.2352007	-0.4682069	0.8146976	0.9440677	0.7225243	1.075282	1.631035	2.446047	0.3125997	0.8421175	0.3250075	1.428864	1.893173	1.008917	-0.04815211	-0.2859994	-0.1445552	-0.296674	-0.4891036	-0.4420248	-0.407469	1.67017	0.7737111	1.48491	2.373041	2.580632
535.15625	0.4182315	0.5630958	0.2382053	1.23132	1.551887	0.392778	0.2604845	-0.1262892	0.2473687	-0.08166644	-0.3346385	-0.1044044	-0.6458048	0.6256341	-0.5219967	1.262658	2.047944	1.357245	-1.127841	-0.06370444	-1.311778	1.132492	1.921389	1.143604	0.008703995	-0.1570076	0.1455037	-0.4126176	-0.3418013	0.03059333	-2.464615	-1.067112	-2.901486	0.8080841	3.10241	0.617323	0.8107495	0.909637	0.5069576	1.18649	1.442645	0.7856084	0.511748	0.2831488	0.4201044	-0.169397	-0.5517722	-0.1184751	0.1455922	0.6298087	0.4476092	1.222289	2.565354	1.749816	0.6007833	0.8967839	0.4977524	0.9726567	0.6761238	0.1289919	-0.2671094	-0.3339331	-0.1431724	-0.3200011	-0.3704668	-0.1105867	-0.3844651	-0.3541524	-0.2718334	-0.2331052	0.7220437	0.6923519	-0.7157741	0.4585432	0.1706389	0.8140597	1.720818	1.633229	-0.3451117	-0.7050716	-0.6471965	-0.1815902	-0.4756098	-0.6363078	-2.509979	0.8208404	-0.2916582	2.80683	8.302185	4.53219	-0.01763633	0.8696061	0.2360936	1.253261	2.446923	1.567809	-0.1526289	-0.5467653	-0.2913112	-0.2944888	-0.2502299	-0.4697505	0.7714952	1.018369	0.8440509	1.073509	1.72353	2.661064	0.2452638	0.7748679	0.2796566	1.37085	1.857512	0.9382157	-0.03284705	-0.2719963	-0.1278336	-0.2790745	-0.4876881	-0.4308571	-0.2943756	1.88656	0.8745826	1.633441	2.539874	2.753378
537.109375	0.3993481	0.5255074	0.2392645	1.212468	1.504299	0.3519576	0.2520296	-0.1602396	0.2359286	-0.09013505	-0.3538603	-0.120614	-0.5341454	0.7197717	-0.4531353	1.447813	2.301395	1.600685	-1.210905	-0.06951735	-1.301108	1.105009	1.909581	1.13739	0.02153519	-0.1290536	0.1670858	-0.3932391	-0.324124	0.05310219	-2.415277	-1.132484	-2.883336	0.7836618	3.004464	0.6111997	0.7957813	0.8376059	0.4157848	1.181269	1.440615	0.7179374	0.4717999	0.2461729	0.3835419	-0.1798075	-0.5342768	-0.1249932	-0.1547257	0.330474	0.1941717	0.9957126	2.368953	1.595541	0.5599113	0.910756	0.4705464	1.023773	0.7096322	0.1785447	-0.2634864	-0.3376318	-0.1350545	-0.3530501	-0.4004269	-0.1191474	-0.3828605	-0.3737702	-0.2667741	-0.3073118	0.6743662	0.6374204	-0.7226662	0.4500133	0.1839929	0.7305264	1.646076	1.613892	-0.3355375	-0.6813198	-0.6218289	-0.1685529	-0.4704106	-0.6022191	-2.589818	0.8074999	-0.3571754	2.747819	8.331317	4.632945	-0.06687272	0.9055672	0.1804817	1.266901	2.537957	1.645233	-0.1157501	-0.520588	-0.2979068	-0.3098962	-0.257409	-0.4670114	0.6326091	1.023081	0.8141562	1.088141	1.826811	2.791455	0.320731	0.929348	0.4233363	1.401239	1.856357	0.9739109	0.05192395	-0.1466646	-0.02678972	-0.2211207	-0.4449068	-0.3495882	-0.202053	1.994615	0.8892918	1.697127	2.632615	2.779108
539.0625	0.3274914	0.4739149	0.244237	1.125077	1.437075	0.3254455	0.2121272	-0.2009287	0.1956736	-0.1078758	-0.3677902	-0.1400075	-0.4458115	0.82494	-0.3541316	1.599315	2.542079	1.867637	-1.221784	-0.03436233	-1.265408	1.107641	1.907413	1.167982	0.02674082	-0.1073998	0.1772975	-0.3685702	-0.2878996	0.07302587	-2.274186	-1.163551	-2.873929	0.7906926	2.880721	0.5710081	0.7864889	0.8106896	0.3815511	1.183006	1.457814	0.702818	0.406863	0.1927569	0.3404283	-0.2093622	-0.5251634	-0.1255958	-0.4460926	0.07498173	-0.08485848	0.850921	2.29858	1.49828	0.5203665	0.9540153	0.4267333	1.087931	0.7536423	0.2039709	-0.2508246	-0.3361331	-0.1330509	-0.3786064	-0.4203664	-0.133912	-0.4585866	-0.448674	-0.340472	-0.3125988	0.7302338	0.6133512	-0.6845132	0.4664059	0.1707787	0.75536	1.60156	1.58883	-0.3110537	-0.6462281	-0.5979505	-0.1730549	-0.470342	-0.5718992	-2.636581	0.8177311	-0.4232082	2.694823	8.34166	4.683917	-0.1093865	0.9288515	0.1407679	1.276315	2.571804	1.685658	-0.08953594	-0.4955537	-0.294355	-0.3173518	-0.2570109	-0.4623374	0.4485396	0.9752691	0.6717331	1.113415	1.893208	2.782968	0.3973682	1.040162	0.509969	1.450143	1.857487	0.9808795	0.108126	-0.07522289	0.03495759	-0.1897675	-0.4098727	-0.3007785	-0.0523356	2.16663	0.956736	1.75998	2.694262	2.768484
541.015625	0.2322325	0.3971216	0.2380428	1.002488	1.372615	0.3179516	0.1585414	-0.2345723	0.1456118	-0.1255775	-0.3728543	-0.158209	-0.3760947	0.9198748	-0.2257436	1.697625	2.689404	2.064779	-1.192383	0.0189028	-1.230861	1.145276	1.92108	1.228476	0.01642039	-0.09410869	0.1634775	-0.3380313	-0.2353905	0.09687656	-2.023548	-1.080432	-2.825418	0.8612416	2.792309	0.5215914	0.7839165	0.840471	0.4253835	1.190378	1.490068	0.7556549	0.3396198	0.1372259	0.3029445	-0.2478052	-0.5277851	-0.1261382	-0.6469751	-0.1197778	-0.3097508	0.7706712	2.297386	1.397702	0.5210145	1.02255	0.4067321	1.133373	0.7722384	0.211009	-0.2274086	-0.3279029	-0.1291926	-0.4006646	-0.432791	-0.153426	-0.5423509	-0.5090402	-0.4314908	-0.2574776	0.8028912	0.6087563	-0.6169987	0.5147535	0.1603748	0.8515636	1.6066	1.574609	-0.2792459	-0.6044871	-0.5716519	-0.2018106	-0.4771933	-0.553658	-2.611228	0.88856	-0.4794362	2.712284	8.384051	4.648654	-0.1551492	0.9119002	0.1106539	1.268298	2.57578	1.673006	-0.07752708	-0.4831203	-0.2830534	-0.3163683	-0.2589192	-0.4583356	0.2583434	0.8371456	0.4370355	1.147141	1.923655	2.611454	0.5377255	1.22791	0.612837	1.563699	1.938983	1.051246	0.1045528	-0.1017694	0.0235121	-0.2023363	-0.4009655	-0.3128412	-0.0976759	2.025417	0.7947268	1.724931	2.641952	2.561645
542.96875	0.1559457	0.3031689	0.2159225	0.9011188	1.330017	0.3281851	0.1257138	-0.2474769	0.1141006	-0.1269056	-0.3738997	-0.1708775	-0.2563185	1.008643	-0.063458	1.770886	2.701116	2.140599	-1.159784	0.05855589	-1.228441	1.204481	1.950514	1.290668	-0.008413566	-0.08919078	0.1295289	-0.306209	-0.1804341	0.122926	-1.73853	-0.9263496	-2.765889	0.9623739	2.759612	0.4616835	0.7839999	0.8989413	0.5030403	1.207753	1.531198	0.8433905	0.290287	0.09179015	0.2776111	-0.2827061	-0.5406078	-0.1347645	-0.68479	-0.241639	-0.416395	0.7237516	2.271795	1.253422	0.5837294	1.102671	0.4460087	1.151064	0.7535238	0.2226386	-0.1999915	-0.3132876	-0.1174128	-0.4307418	-0.4414298	-0.172319	-0.5718408	-0.5036721	-0.4702502	-0.1967575	0.8061274	0.6144965	-0.5691353	0.5729261	0.1709322	0.9243456	1.649939	1.582542	-0.2540832	-0.5677768	-0.5395807	-0.25032	-0.4924602	-0.5475857	-2.479819	1.035118	-0.5042756	2.847429	8.463715	4.531779	-0.2105983	0.8490267	0.07972948	1.226613	2.564982	1.616575	-0.0683526	-0.4759511	-0.2613489	-0.3127989	-0.2705926	-0.4497922	0.09146854	0.6130457	0.1597989	1.191752	1.949884	2.348821	0.4409017	1.042844	0.4099798	1.5574	1.970761	0.9493913	0.07285846	-0.1632605	-0.01286264	-0.2316134	-0.4069655	-0.3484971	0.2237207	2.487057	1.100114	1.951366	2.772036	2.708071
544.921875	0.1417443	0.2316997	0.1919723	0.8750821	1.315495	0.3506661	0.1190716	-0.2502573	0.1068156	-0.1166247	-0.3796833	-0.1807647	-0.1039649	1.039484	0.08148579	1.792053	2.584124	2.06841	-1.133018	0.07014609	-1.27043	1.26292	1.989724	1.326596	-0.03451886	-0.0873197	0.09284183	-0.2774575	-0.1346321	0.144359	-1.564025	-0.8466465	-2.771919	1.012963	2.738209	0.377924	0.77488	0.9410036	0.5415966	1.235896	1.567523	0.9067624	0.2520232	0.05382266	0.2540056	-0.3059885	-0.5494941	-0.1525782	-0.5560582	-0.2801477	-0.4011036	0.6942989	2.172615	1.09116	0.6718909	1.171373	0.5309994	1.148006	0.73512	0.2648792	-0.1750025	-0.2950855	-0.0971851	-0.4691558	-0.4535731	-0.1875769	-0.5394468	-0.4465451	-0.4382114	-0.1946672	0.7237989	0.6213045	-0.5740975	0.6180049	0.1980736	0.9189714	1.707638	1.616948	-0.2416576	-0.5428399	-0.5000423	-0.2993678	-0.5120255	-0.5452614	-2.294627	1.189512	-0.485338	3.01633	8.516695	4.379737	-0.2816711	0.7518488	0.03002747	1.154442	2.532725	1.53491	-0.07459635	-0.5003082	-0.2591391	-0.3285353	-0.2969166	-0.4518231	-0.004571391	0.4265565	-0.05534346	1.272906	2.010269	2.140847	0.4196977	1.024395	0.3564523	1.59817	2.061361	0.9679849	0.02623652	-0.2308785	-0.05359598	-0.2645393	-0.4248912	-0.3853352	0.1753856	2.312934	0.9415993	1.965433	2.739825	2.535351
546.875	0.1787618	0.2128197	0.1841882	0.9175737	1.320102	0.3779414	0.1231259	-0.2605774	0.1095727	-0.1071503	-0.3946646	-0.1923847	0.06082589	1.03644	0.1841042	1.792317	2.430292	1.922577	-1.104104	0.05363147	-1.340989	1.29285	2.017434	1.323316	-0.04943388	-0.08794735	0.07022478	-0.2590311	-0.1055842	0.1528645	-1.578547	-0.9212565	-2.853904	0.972289	2.673466	0.2840867	0.7582359	0.946941	0.5032833	1.276688	1.593061	0.9109351	0.2189698	0.028207	0.2317859	-0.3144249	-0.5472215	-0.1685581	-0.3497817	-0.2549484	-0.328397	0.6748524	2.022018	0.9686006	0.724013	1.210722	0.609977	1.138954	0.7648122	0.3401999	-0.1575494	-0.2812913	-0.07648456	-0.5027566	-0.4705894	-0.2000611	-0.499188	-0.3970551	-0.3819686	-0.2872702	0.6093054	0.6243628	-0.6230538	0.646229	0.2152451	0.8699779	1.771169	1.674801	-0.236077	-0.5243892	-0.4547674	-0.3273943	-0.5234676	-0.532625	-2.128152	1.288167	-0.4187331	3.130456	8.486343	4.272648	-0.3124438	0.7204837	0.02079437	1.101966	2.47094	1.480885	-0.09254421	-0.5460207	-0.2790317	-0.3675104	-0.3263827	-0.4648539	-0.09246383	0.2781537	-0.2271825	1.373065	2.082563	2.035109	0.4347905	1.09285	0.4113809	1.645731	2.139674	1.040273	0.07970075	-0.1211158	0.04033196	-0.2342513	-0.3998752	-0.318326	0.3948658	2.526782	1.094885	2.094067	2.821376	2.591622
548.828125	0.2226739	0.248909	0.1989009	0.9798198	1.327165	0.4015367	0.1126507	-0.2926714	0.09841408	-0.1124814	-0.4182638	-0.2117466	0.1749728	1.026161	0.2235882	1.777625	2.323649	1.776401	-1.062902	0.0263786	-1.404353	1.282104	2.015418	1.293145	-0.04625734	-0.08978919	0.06858271	-0.2553335	-0.09309412	0.1474592	-1.727102	-1.081384	-2.926644	0.8742296	2.550269	0.2151941	0.7349075	0.9231485	0.4097841	1.316348	1.599599	0.8630459	0.1839908	0.0173902	0.2100232	-0.3091118	-0.5314851	-0.1689684	-0.1833014	-0.1978634	-0.2762473	0.6818728	1.90528	0.9301069	0.7105927	1.221721	0.6400346	1.14063	0.8526466	0.4249655	-0.1454025	-0.2760191	-0.06384933	-0.5108005	-0.4879061	-0.2114133	-0.4895279	-0.3938299	-0.3535281	-0.4362941	0.5127915	0.6106768	-0.6794714	0.6639746	0.2011958	0.8398859	1.836455	1.737729	-0.2296285	-0.5057806	-0.412767	-0.3318433	-0.516138	-0.5046794	-2.035733	1.296646	-0.3235279	3.125379	8.350293	4.242437	-0.3272464	0.7145064	0.01441188	1.07814	2.363017	1.431718	-0.1193105	-0.5994701	-0.3141993	-0.4235151	-0.3474765	-0.4861545	-0.1675057	0.2630084	-0.298795	1.520896	2.150573	2.065744	0.3215596	0.9360524	0.3121696	1.600623	2.105438	0.9733472	0.01224065	-0.211611	-0.02031862	-0.2786085	-0.4357664	-0.358837	0.3899449	2.325258	0.9322789	2.02515	2.743969	2.384551
550.78125	0.2228964	0.3049101	0.2215606	0.9991043	1.323855	0.410899	0.08223641	-0.3382131	0.06615621	-0.1314086	-0.4425343	-0.237081	0.2223274	1.052002	0.2001885	1.78424	2.300515	1.67083	-1.013542	0.001444406	-1.43069	1.239946	1.978177	1.259924	-0.03112521	-0.09484404	0.0819352	-0.2689069	-0.09692115	0.132857	-1.873858	-1.188101	-2.876724	0.7866428	2.388974	0.1823485	0.7060077	0.8942056	0.3240564	1.33671	1.584702	0.8053662	0.1495282	0.02072128	0.1894889	-0.2956772	-0.5119874	-0.1513724	-0.1057118	-0.1260047	-0.2673269	0.7408835	1.893296	0.9698311	0.6570456	1.217729	0.621292	1.158319	0.9605706	0.4908723	-0.1292188	-0.2736818	-0.05778718	-0.4802563	-0.5004811	-0.2199453	-0.5120018	-0.426474	-0.3729267	-0.5624596	0.4646662	0.5881739	-0.6990181	0.6907287	0.1648568	0.8710533	1.899945	1.789505	-0.218164	-0.4803928	-0.3814543	-0.3252125	-0.4858004	-0.4646403	-2.009902	1.248444	-0.2054027	3.005157	8.142306	4.254752	-0.3028993	0.7634103	0.0430848	1.104663	2.24447	1.404146	-0.1442841	-0.6426127	-0.3474468	-0.4809555	-0.3607774	-0.5085501	-0.2132709	0.3804493	-0.2753059	1.75137	2.230109	2.180707	0.2765871	0.8551052	0.2558463	1.590864	2.078945	0.9374421	-0.03131313	-0.2759207	-0.06235767	-0.3120654	-0.4599629	-0.3843577	0.5385018	2.363832	0.9548189	2.008684	2.648472	2.25648
552.734375	0.182321	0.3529405	0.2379459	0.9670936	1.30766	0.4062124	0.03977095	-0.3856404	0.02038596	-0.1615062	-0.4682418	-0.2699531	0.2600574	1.139919	0.1468595	1.845155	2.329473	1.594831	-0.9574604	-0.007759896	-1.415911	1.199904	1.930393	1.243359	-0.01436175	-0.1025095	0.09971873	-0.2966704	-0.1185174	0.1154838	-1.906514	-1.143956	-2.684816	0.7645804	2.252377	0.1671211	0.6756002	0.875753	0.2976878	1.324158	1.551355	0.7757544	0.1213682	0.03038716	0.167521	-0.2797432	-0.4987363	-0.1274283	-0.106374	-0.06583852	-0.2893211	0.8516467	1.993246	1.033082	0.6216352	1.21388	0.5940664	1.182082	1.029792	0.5238149	-0.1020984	-0.2618802	-0.04982125	-0.4173623	-0.5026923	-0.2191242	-0.5215937	-0.4437692	-0.4048141	-0.5897352	0.4520325	0.57895	-0.6856247	0.7136056	0.1408749	0.8981275	1.933159	1.808747	-0.2042393	-0.4502928	-0.3632672	-0.3268434	-0.442772	-0.4271041	-1.985763	1.209656	-0.0787651	2.835531	7.919856	4.223753	-0.2675066	0.8129641	0.08005623	1.153254	2.150525	1.383386	-0.166387	-0.6750777	-0.376433	-0.5277592	-0.3773013	-0.5301576	-0.2418482	0.4766655	-0.2612426	2.038276	2.304371	2.241151	0.3358786	0.9315371	0.2873475	1.650937	2.125804	0.9956408	0.01345371	-0.2051783	-0.001116338	-0.2889504	-0.4363938	-0.3322501	0.4902939	2.101934	0.7412519	1.919474	2.392326	1.928069
554.6875	0.1289885	0.375281	0.2383099	0.9096352	1.282901	0.3925158	0.01322758	-0.4102437	-0.009340961	-0.1917526	-0.4965677	-0.2979672	0.3237031	1.221888	0.08322585	1.91438	2.328587	1.484443	-0.8860199	0.004320415	-1.37757	1.195358	1.906397	1.245143	-0.002636698	-0.1099867	0.1142811	-0.3300618	-0.1572168	0.09801443	-1.843237	-0.9966219	-2.471634	0.7968338	2.190459	0.1347145	0.6443214	0.8581303	0.3241531	1.280669	1.514571	0.7779564	0.1083405	0.03783574	0.1467823	-0.2665015	-0.4980578	-0.1146287	-0.06357501	0.01815979	-0.2504196	0.9886387	2.117709	1.078468	0.6473792	1.214818	0.6017373	1.195241	1.0176	0.5222164	-0.06886294	-0.231528	-0.0335218	-0.3479666	-0.4907588	-0.2017119	-0.4815038	-0.4027115	-0.4042194	-0.4957517	0.4753949	0.6150432	-0.6578664	0.7255954	0.168231	0.8542395	1.914015	1.798491	-0.1941177	-0.4224714	-0.352152	-0.3465326	-0.4020496	-0.4058045	-1.916433	1.211082	0.02866475	2.66886	7.719338	4.084598	-0.240964	0.8355727	0.1106253	1.196654	2.097928	1.370826	-0.1947931	-0.7205517	-0.4166301	-0.5631219	-0.4118526	-0.5604323	-0.2278873	0.5233878	-0.2806415	2.348104	2.394485	2.23266	0.27635	0.8436384	0.1815929	1.647398	2.160234	0.9861107	0.00145197	-0.2250667	-0.007896985	-0.2874745	-0.4311333	-0.3242597	0.5191979	2.003597	0.6563727	1.966478	2.161701	1.712458
556.640625	0.1124115	0.3979782	0.2423036	0.8809664	1.262554	0.3947388	0.01409256	-0.408011	-0.007195601	-0.2233406	-0.5353171	-0.3156879	0.4592049	1.246524	0.05151663	1.972885	2.264084	1.3302	-0.7809982	0.04416974	-1.334114	1.239367	1.927174	1.254418	0.002727224	-0.1172374	0.1239728	-0.360822	-0.2091547	0.07933277	-1.807754	-0.8903334	-2.395595	0.8256738	2.213759	0.08074032	0.6136147	0.8212106	0.3513572	1.221857	1.491552	0.7851119	0.1094611	0.0384938	0.1334822	-0.2593335	-0.5078052	-0.1216683	0.05205726	0.09384412	-0.1488087	1.077918	2.171861	1.082367	0.7151928	1.207965	0.6436168	1.180541	0.9389309	0.4950314	-0.04164388	-0.1888326	-0.01235386	-0.2975904	-0.4677006	-0.1708222	-0.389469	-0.3021635	-0.3530411	-0.3199666	0.5395867	0.7007802	-0.6380544	0.721125	0.251611	0.723194	1.844608	1.777452	-0.1878552	-0.4000439	-0.3363513	-0.3738573	-0.372715	-0.4037412	-1.807763	1.217896	0.07819328	2.521484	7.537036	3.834843	-0.2366867	0.8262715	0.1289968	1.219014	2.05838	1.372944	-0.2065368	-0.7456485	-0.4423899	-0.5727769	-0.4578516	-0.5851455	-0.2081956	0.4496085	-0.4041309	2.584018	2.46788	2.135887	0.1506627	0.6997867	0.06085058	1.593714	2.178599	0.9661428	-0.04921721	-0.2952153	-0.05444169	-0.2965193	-0.439223	-0.3379704	0.5549555	1.939454	0.6161475	2.083383	1.975168	1.581717
558.59375	0.1448315	0.4471022	0.2651047	0.9081396	1.262633	0.431489	0.0311504	-0.3907849	0.0190801	-0.2593858	-0.5845442	-0.3203415	0.5841604	1.126721	0.03959165	1.941874	2.141043	1.143054	-0.646515	0.1032186	-1.293161	1.307589	1.971774	1.25314	0.007255729	-0.121739	0.1318099	-0.3814474	-0.2603307	0.06029734	-1.896845	-0.9076044	-2.508032	0.8150496	2.309399	0.05396982	0.575159	0.7453106	0.3177697	1.162895	1.492317	0.7636861	0.1193241	0.03851888	0.1368303	-0.2561251	-0.5173288	-0.1384092	0.176965	0.1112143	-0.04792802	1.054496	2.107913	1.051706	0.7700009	1.18185	0.6818234	1.142161	0.8470001	0.4516656	-0.03224287	-0.1532545	0.0002887718	-0.2770304	-0.4419547	-0.1406692	-0.2941944	-0.1858919	-0.2826722	-0.1388476	0.6677679	0.817071	-0.6201014	0.7148417	0.3545771	0.5867736	1.759865	1.772284	-0.1804011	-0.37981	-0.3111619	-0.3853926	-0.3484442	-0.4084059	-1.712309	1.1811	0.05052709	2.400549	7.373862	3.557498	-0.2598667	0.7916385	0.1262213	1.225776	1.982465	1.382732	-0.2105709	-0.758531	-0.4576554	-0.5666479	-0.5064546	-0.60969	-0.2136217	0.3015638	-0.5862289	2.669054	2.484619	2.019774	0.07432645	0.6640338	0.06128415	1.542064	2.184436	1.00655	-0.0576806	-0.2860423	-0.05079633	-0.2770039	-0.4281367	-0.3090702	1.049469	2.650785	1.194256	2.454597	2.07441	1.961877
560.546875	0.2013504	0.529787	0.3113151	0.9781884	1.290085	0.5022498	0.04373027	-0.3743504	0.04749287	-0.2973804	-0.6331766	-0.3143257	0.5997046	0.857403	0.0159668	1.802957	2.014647	0.9711936	-0.5102614	0.170348	-1.249101	1.36463	1.998079	1.233493	0.01116463	-0.1265909	0.1399913	-0.3934229	-0.2988814	0.0423341	-2.084116	-1.000247	-2.701599	0.7838592	2.445827	0.1115069	0.5262831	0.639302	0.2150758	1.105751	1.49614	0.7025647	0.1263468	0.04481124	0.1564307	-0.2555663	-0.521947	-0.1487333	0.2020432	0.0337419	-0.03866539	0.9204098	1.967175	1.006026	0.7665901	1.137331	0.675746	1.098025	0.7970616	0.4020584	-0.04578091	-0.1474345	-0.01055045	-0.2830545	-0.423057	-0.1287698	-0.208368	-0.08654103	-0.2139547	0.001100059	0.8189285	0.9096514	-0.5859479	0.7262658	0.4208227	0.5516046	1.706245	1.79868	-0.1644083	-0.352683	-0.2811973	-0.3608282	-0.3131551	-0.3987959	-1.697952	1.061784	-0.02910469	2.270065	7.231036	3.337618	-0.2641937	0.797589	0.1443564	1.25228	1.852877	1.411114	-0.2124183	-0.7630012	-0.4634204	-0.5570592	-0.5477384	-0.6374192	-0.2284923	0.2371601	-0.6933769	2.620621	2.448459	1.991448	-0.008529339	0.5887983	0.05783177	1.452778	2.121366	1.00801	-0.05094732	-0.2567108	-0.04502684	-0.2602416	-0.4188658	-0.2814306	0.9994931	2.500034	1.124687	2.405627	1.959813	1.906841
562.5	0.2484176	0.6248672	0.3650098	1.057642	1.33499	0.5814891	0.03279064	-0.3742419	0.05279128	-0.330768	-0.6664835	-0.3077108	0.5115827	0.5574061	-0.03386182	1.652393	1.954041	0.8688436	-0.4174542	0.224991	-1.199508	1.386494	1.971266	1.199712	0.01191529	-0.1329217	0.1497615	-0.4016103	-0.3194246	0.02714458	-2.223324	-1.029459	-2.803363	0.7978234	2.594999	0.2644978	0.4603183	0.5207716	0.08184417	1.037306	1.467551	0.6155071	0.1212199	0.0561176	0.1765216	-0.2552377	-0.5191247	-0.143101	0.07935077	-0.1014979	-0.1507194	0.7736393	1.860592	0.9755668	0.7191809	1.094992	0.6280299	1.076117	0.8030945	0.355189	-0.07377193	-0.177779	-0.04695487	-0.2992723	-0.4177455	-0.1424029	-0.1266352	-0.01289242	-0.1543936	0.09990327	0.9376567	0.9528937	-0.5273364	0.767101	0.4246854	0.6521504	1.707782	1.854408	-0.1377775	-0.3138237	-0.2590246	-0.3005566	-0.2582159	-0.3637267	-1.746704	0.9077882	-0.1034354	2.166959	7.119363	3.208139	-0.2203212	0.8706512	0.1979531	1.311393	1.692001	1.446584	-0.2086582	-0.7593358	-0.4566356	-0.550823	-0.5762336	-0.6656234	-0.2864653	0.2755226	-0.6936718	2.501377	2.39764	2.07346	0.008428007	0.6102183	0.116162	1.40642	2.059266	1.045869	-0.07886466	-0.3014179	-0.1081749	-0.2814387	-0.4337063	-0.3107849	1.051119	2.565676	1.217689	2.312557	1.900193	1.967228
564.453125	0.2707508	0.7041439	0.4032071	1.120478	1.381452	0.6402516	0.005396393	-0.3871617	0.03024283	-0.345696	-0.6730427	-0.3054631	0.3281869	0.2990025	-0.148736	1.517491	1.957187	0.812005	-0.3942116	0.254645	-1.154922	1.380146	1.899096	1.165147	0.007028601	-0.1404707	0.1617981	-0.4113047	-0.3291971	0.01121476	-2.187646	-0.9248665	-2.737207	0.894816	2.714779	0.4343717	0.37395	0.4055183	-0.02748451	0.9460624	1.383483	0.527706	0.1006812	0.06054679	0.1762354	-0.257639	-0.5140216	-0.1291004	-0.1178786	-0.1953215	-0.3181295	0.7437211	1.886055	0.9904037	0.676263	1.078292	0.5768204	1.088696	0.848695	0.3233779	-0.1032698	-0.2299808	-0.09537823	-0.3133345	-0.4265241	-0.1733673	-0.02628945	0.05700434	-0.08900418	0.1849429	0.9907568	0.9727528	-0.4614664	0.8294184	0.3931246	0.8120318	1.747364	1.919009	-0.1051383	-0.2649901	-0.2506423	-0.2261347	-0.1910892	-0.3092321	-1.823573	0.768548	-0.1310485	2.087284	7.048295	3.129596	-0.1260172	0.9935765	0.2847688	1.383747	1.548522	1.468888	-0.2000577	-0.7499629	-0.4442338	-0.5493817	-0.5934178	-0.6868633	-0.3187688	0.4703752	-0.5544621	2.433773	2.393464	2.261872	0.007126179	0.549024	0.08182511	1.354347	1.990061	1.03808	-0.07038702	-0.3024808	-0.1349644	-0.2947317	-0.4331204	-0.3229733	1.087404	2.643958	1.292136	2.177428	1.8343	2.007442
566.40625	0.2749576	0.7493692	0.4149436	1.153713	1.408786	0.6644475	-0.02925074	-0.410705	-0.0112408	-0.3468306	-0.6578949	-0.3110627	0.1537721	0.1629926	-0.3003132	1.455151	2.010704	0.7880437	-0.4256378	0.2631063	-1.129831	1.375413	1.828793	1.143711	0.0008306999	-0.1455281	0.1774259	-0.4232872	-0.3413784	-0.0114235	-1.975385	-0.743535	-2.577155	1.047245	2.762959	0.5198758	0.2927079	0.3160862	-0.06541835	0.8396504	1.250551	0.4612201	0.07112422	0.04624942	0.1466662	-0.2645759	-0.5070316	-0.1210391	-0.2059099	-0.1143705	-0.3808979	0.9104674	2.062805	1.090661	0.683886	1.099102	0.5669444	1.131724	0.8963838	0.3152026	-0.1302703	-0.2798171	-0.1387251	-0.3219535	-0.4366286	-0.2002765	0.1099201	0.152737	-0.002716801	0.2949555	0.9844334	1.015012	-0.4132282	0.8990533	0.3895959	0.9137512	1.78904	1.973723	-0.07367826	-0.2110839	-0.2487042	-0.1636846	-0.1280168	-0.2530425	-1.859964	0.6887091	-0.1197285	2.068456	7.008529	3.040115	-0.02509134	1.078672	0.3513129	1.421699	1.438568	1.434603	-0.1911778	-0.7474357	-0.443582	-0.5491434	-0.6049611	-0.7002234	-0.334869	0.6872151	-0.4094345	2.432229	2.437632	2.454104	-0.03748551	0.4169349	-0.02233982	1.289173	1.929197	1.00721	-0.08208375	-0.3382701	-0.1724373	-0.3209918	-0.4348677	-0.344573	0.9667263	2.447507	1.1281	2.00458	1.713869	1.873364
568.359375	0.2797672	0.7696947	0.4089014	1.162766	1.412112	0.6711055	-0.06164251	-0.4395353	-0.05372604	-0.3469866	-0.6364687	-0.3189244	0.03888948	0.124461	-0.4421392	1.433638	2.067701	0.7745819	-0.4703454	0.2641444	-1.125809	1.39381	1.804712	1.140831	0.004752326	-0.1421844	0.1991839	-0.4334986	-0.3653469	-0.04237904	-1.715414	-0.61817	-2.467409	1.174084	2.714285	0.4764837	0.2470866	0.2663954	-0.02909868	0.7442511	1.112307	0.4221611	0.05113196	0.01745686	0.1062694	-0.2753676	-0.4969893	-0.126534	-0.0966919	0.1492953	-0.2640187	1.220188	2.338545	1.284398	0.7410588	1.150913	0.6076803	1.192881	0.9311893	0.337857	-0.1575412	-0.3101209	-0.1666952	-0.3296608	-0.4359865	-0.2084441	0.2605227	0.2826556	0.08990634	0.443357	0.9794663	1.112485	-0.3907338	0.964072	0.4543295	0.9070748	1.807906	2.009471	-0.05377796	-0.1622247	-0.2400111	-0.1333268	-0.08149609	-0.2130213	-1.834041	0.6602767	-0.118552	2.138126	6.99579	2.924896	0.06500672	1.131414	0.4038653	1.419089	1.364694	1.367784	-0.1773803	-0.7400225	-0.4494323	-0.5404937	-0.613632	-0.6983364	-0.325494	0.8051347	-0.3773449	2.427742	2.459004	2.543857	-0.04932555	0.3869396	-0.03057343	1.242203	1.898674	1.045685	-0.12684	-0.4131231	-0.2225688	-0.3558944	-0.4390554	-0.3667689	1.132114	2.635153	1.255079	2.096781	1.769659	1.954779
570.3125	0.2946736	0.7851478	0.4024203	1.156015	1.398601	0.6905386	-0.08661704	-0.4658677	-0.0814679	-0.3538454	-0.6227379	-0.3197905	0.001625966	0.1447326	-0.5050077	1.429023	2.104498	0.7992266	-0.4904524	0.2756762	-1.123021	1.432379	1.83279	1.154659	0.02864399	-0.1257105	0.2278504	-0.4372355	-0.3986226	-0.07382524	-1.554868	-0.6224324	-2.47885	1.211974	2.593205	0.3639194	0.2630446	0.2678657	0.05751636	0.6859521	1.012045	0.4051872	0.05119023	-0.009945226	0.08348422	-0.2862235	-0.4796411	-0.1389889	0.1597201	0.4975093	-0.004999829	1.527226	2.61276	1.540472	0.8041131	1.212098	0.6663247	1.262919	0.9606982	0.3913532	-0.1869012	-0.3195758	-0.1800193	-0.3401982	-0.4212955	-0.1983489	0.3825095	0.427577	0.1598171	0.6105559	1.032416	1.250123	-0.3844394	1.013619	0.5627418	0.8411444	1.811981	2.026424	-0.05047549	-0.1259519	-0.2202225	-0.131652	-0.04880895	-0.1937671	-1.790789	0.640361	-0.1731648	2.285925	7.028252	2.83993	0.08929775	1.081645	0.3896468	1.361287	1.278934	1.260558	-0.1689891	-0.7423029	-0.4677929	-0.5282146	-0.6288946	-0.6953775	-0.3052647	0.7713189	-0.4814355	2.30644	2.378338	2.495956	-0.1567339	0.246888	-0.08791233	1.115065	1.798082	1.011123	-0.1120688	-0.3705706	-0.1784246	-0.3430712	-0.4077491	-0.305105	1.390599	2.859324	1.428089	2.308289	1.9046	2.075269
572.265625	0.3198666	0.8089218	0.407526	1.148943	1.379714	0.7389228	-0.1111515	-0.4872366	-0.0925327	-0.3678163	-0.6175628	-0.3083476	-0.004190728	0.1720185	-0.4611188	1.40934	2.090293	0.8728927	-0.4722098	0.3151088	-1.092019	1.474299	1.881757	1.183373	0.07288329	-0.09575231	0.2630222	-0.4333662	-0.4301428	-0.09153085	-1.546686	-0.6992895	-2.55612	1.171767	2.478429	0.3123036	0.3301053	0.3088681	0.1531521	0.6668754	0.9652625	0.3994276	0.07370335	-0.01638927	0.09874549	-0.2922971	-0.4576348	-0.145775	0.3774998	0.7702711	0.2434124	1.697577	2.811921	1.790387	0.8272132	1.264137	0.6993185	1.339762	1.00615	0.4726317	-0.2123108	-0.3185584	-0.1856156	-0.3531651	-0.4032563	-0.1823731	0.4372359	0.5497794	0.1813589	0.7602864	1.160298	1.387497	-0.3787431	1.035709	0.6397012	0.8122543	1.821023	2.024653	-0.06125316	-0.1061371	-0.2010024	-0.1367437	-0.01732868	-0.1861409	-1.81109	0.5778667	-0.2912046	2.447426	7.115192	2.84584	0.07537428	1.004474	0.3586732	1.290831	1.173506	1.179968	-0.1614862	-0.7372986	-0.4773326	-0.5118286	-0.6512147	-0.6910079	-0.2420951	0.6933329	-0.5827877	2.046626	2.176958	2.378246	-0.1024174	0.3752234	0.08466134	1.04894	1.724754	1.086063	-0.1172214	-0.3519136	-0.1632173	-0.3388411	-0.3910502	-0.2547274	1.412544	2.623925	1.301727	2.359147	1.915516	1.960305
574.21875	0.3339298	0.8198336	0.4075167	1.152713	1.360236	0.7943721	-0.1385278	-0.5042737	-0.0947083	-0.3793767	-0.6167613	-0.2930609	-0.03808384	0.1878398	-0.3468432	1.368255	2.016462	0.9836826	-0.4314003	0.3860578	-1.019469	1.50392	1.908202	1.224589	0.1241447	-0.06139851	0.3013848	-0.4287641	-0.4535297	-0.09001171	-1.644184	-0.741056	-2.59986	1.12179	2.44912	0.404966	0.4077568	0.3606203	0.2273189	0.661401	0.9433151	0.3940442	0.1058215	0.002759275	0.1447544	-0.2920743	-0.4400716	-0.1415959	0.4227624	0.9033251	0.3650614	1.72125	2.919652	1.981246	0.8068002	1.306684	0.6921292	1.424566	1.071219	0.5693125	-0.2172414	-0.3136367	-0.1843094	-0.3594729	-0.4017609	-0.1731657	0.4432863	0.6285581	0.1749251	0.874684	1.303471	1.481509	-0.3698367	1.023342	0.6218864	0.8730839	1.844702	2.003497	-0.07261306	-0.1002304	-0.2001559	-0.120978	0.01720586	-0.1793129	-1.917508	0.4940823	-0.429946	2.591061	7.259841	2.977064	0.06086112	0.9696389	0.3590992	1.24449	1.074689	1.175433	-0.1598175	-0.7405131	-0.4771912	-0.5044628	-0.6872753	-0.6987766	-0.1659971	0.6475418	-0.5759125	1.711474	1.915386	2.268342	-0.1316311	0.3194183	0.1088413	0.9123108	1.580023	1.013927	-0.1449616	-0.377419	-0.1950324	-0.358522	-0.4043227	-0.2437169	1.380798	2.344971	1.183167	2.30793	1.861103	1.840468
576.171875	0.3412898	0.8068371	0.3904385	1.191084	1.33909	0.8275467	-0.1678692	-0.5209484	-0.097737	-0.3824376	-0.6165794	-0.2872782	-0.1287161	0.1950657	-0.2397848	1.31408	1.899729	1.091023	-0.397062	0.4737216	-0.9240106	1.517728	1.89205	1.273145	0.1689974	-0.0311328	0.3397772	-0.4297691	-0.4691049	-0.07653648	-1.749751	-0.6755046	-2.573928	1.145804	2.547199	0.6254382	0.4564898	0.3965928	0.2730017	0.6424437	0.9053819	0.3857485	0.1156203	0.0231395	0.1808591	-0.2927983	-0.4379793	-0.1383351	0.2784819	0.9379668	0.3382977	1.694719	2.973333	2.100064	0.7749258	1.349362	0.6651443	1.507005	1.139362	0.6637881	-0.193062	-0.3033927	-0.1719667	-0.3546289	-0.4242183	-0.1699947	0.4298997	0.6548921	0.172813	0.935692	1.398811	1.534041	-0.3750954	0.9779435	0.5192185	0.971013	1.868885	1.966809	-0.07320429	-0.1053038	-0.2242919	-0.07961779	0.04236698	-0.1713596	-2.078285	0.4263796	-0.5470781	2.687529	7.42136	3.187387	0.04291303	0.9437718	0.3636363	1.211961	1.000416	1.212146	-0.1496596	-0.730528	-0.4529304	-0.4999865	-0.7245019	-0.7044474	-0.0723917	0.7385759	-0.3875866	1.461212	1.71261	2.256114	-0.0642101	0.3571853	0.1691967	0.8461208	1.491708	0.9682624	-0.1666221	-0.407195	-0.2343282	-0.389303	-0.4367585	-0.2555039	1.440031	2.349437	1.284866	2.249404	1.817521	1.901084
578.125	0.3273585	0.7459263	0.3410621	1.24097	1.30387	0.8059464	-0.1833864	-0.5328028	-0.1033568	-0.3694269	-0.614575	-0.296339	-0.2482275	0.2119533	-0.1962493	1.271488	1.812989	1.177388	-0.3858347	0.5550079	-0.8443033	1.522964	1.851018	1.318739	0.2016388	-0.01127545	0.3745374	-0.4391056	-0.484958	-0.070434	-1.833812	-0.5719088	-2.547984	1.247887	2.710877	0.8528644	0.4356188	0.3852892	0.2805465	0.59254	0.8347929	0.3694149	0.09344281	0.02584464	0.1796191	-0.2974396	-0.4539714	-0.1473261	0.07834364	1.001101	0.2775702	1.740822	3.031167	2.197892	0.7683674	1.397523	0.6486714	1.571521	1.18558	0.7328252	-0.1445692	-0.279886	-0.1423135	-0.3373194	-0.4602146	-0.1633119	0.439618	0.6495419	0.2064792	0.94889	1.398548	1.565335	-0.3994179	0.925869	0.4075965	1.028413	1.872081	1.928497	-0.05705505	-0.1141694	-0.2540647	-0.03409568	0.03578542	-0.1676162	-2.21284	0.4124105	-0.6213907	2.752411	7.535058	3.398318	0.08541257	1.009395	0.4373979	1.217015	0.9851364	1.295566	-0.1280051	-0.7093302	-0.4155852	-0.4962107	-0.7546159	-0.7032643	-0.01781595	0.8953435	-0.1418148	1.374885	1.622744	2.327693	0.1377246	0.5743157	0.3273425	0.9084617	1.512163	1.024364	-0.1058467	-0.3102656	-0.1628093	-0.3799415	-0.4442607	-0.2070808	1.086544	1.807025	0.9279532	1.936954	1.588318	1.662354
580.078125	0.3083437	0.665206	0.2799678	1.284083	1.260297	0.7459319	-0.18791	-0.5495791	-0.1158999	-0.3576471	-0.6209891	-0.3233917	-0.3353844	0.2405165	-0.218923	1.262032	1.823053	1.246878	-0.3983392	0.604663	-0.8135026	1.522781	1.816257	1.344594	0.2278603	-0.001340979	0.4034086	-0.4525082	-0.5082691	-0.0879179	-1.893337	-0.5105084	-2.593613	1.386909	2.851931	0.9862991	0.3709852	0.3468689	0.2742156	0.5299882	0.7524968	0.3547036	0.04897042	0.005774173	0.1402096	-0.3046919	-0.4793687	-0.1697654	0.02131124	1.198598	0.3519898	1.900632	3.11946	2.341636	0.7860834	1.436458	0.6466752	1.601839	1.203995	0.7620447	-0.08979279	-0.2446413	-0.09629487	-0.3166604	-0.4918822	-0.1504407	0.4675486	0.6367064	0.2614706	0.9107565	1.344025	1.606509	-0.4335046	0.8982527	0.3692191	1.005242	1.852879	1.911154	-0.029302	-0.117664	-0.2590093	-0.01445194	-0.01121282	-0.1700171	-2.236217	0.4748455	-0.6690891	2.880073	7.582829	3.56795	0.1295965	1.043197	0.4843658	1.214004	0.9850839	1.323873	-0.09263131	-0.6661703	-0.3729694	-0.482721	-0.7666512	-0.6846721	-0.01935318	0.9965814	0.02832951	1.399206	1.588545	2.427674	0.1814449	0.5392393	0.279918	0.9297805	1.496968	0.9660596	-0.1164118	-0.3263272	-0.1572378	-0.4090669	-0.4869107	-0.2136276	1.181559	2.027884	1.094522	1.94141	1.623494	1.82061
582.03125	0.2938211	0.5999509	0.2347068	1.285468	1.213385	0.6791247	-0.1860679	-0.5713669	-0.1313975	-0.3578684	-0.6358283	-0.356586	-0.3243121	0.294995	-0.2461016	1.326263	1.966437	1.339283	-0.4283496	0.6029199	-0.8355604	1.510316	1.798242	1.335901	0.2574017	0.004668178	0.4239339	-0.4610988	-0.5370506	-0.1290376	-1.935708	-0.5212719	-2.700821	1.500842	2.900696	1.006755	0.2954548	0.3079871	0.2681814	0.4789191	0.6990052	0.3503599	0.006496323	-0.02274877	0.08851647	-0.3062121	-0.4953036	-0.1913604	0.1657263	1.49633	0.6137825	2.089578	3.217796	2.545046	0.8082007	1.440297	0.6439995	1.597231	1.188674	0.740934	-0.04996548	-0.2101827	-0.04668579	-0.3014095	-0.5013356	-0.1359276	0.5037241	0.6400847	0.312517	0.8202749	1.281108	1.643257	-0.4514648	0.911232	0.4242355	0.9411488	1.827206	1.928185	-0.004716323	-0.111126	-0.2227851	-0.0407161	-0.08426344	-0.1720132	-2.142519	0.5797712	-0.7134954	3.116812	7.586813	3.691493	0.1852348	1.066694	0.5215499	1.209155	0.9741841	1.297137	-0.04601223	-0.5969996	-0.3247117	-0.4552267	-0.7609923	-0.6454601	0.001786578	1.068619	0.152599	1.425526	1.525275	2.557349	0.2612214	0.6012538	0.3271534	1.003587	1.504725	0.9838344	-0.157618	-0.3821418	-0.1690889	-0.4404666	-0.5340564	-0.2261676	1.148063	1.940061	1.01021	1.919276	1.641289	1.748695
583.984375	0.2824785	0.5711474	0.2211838	1.22953	1.171977	0.631319	-0.1932834	-0.6032304	-0.1503843	-0.377883	-0.6539316	-0.3881892	-0.2075693	0.3816313	-0.2124365	1.475821	2.188147	1.465784	-0.4588256	0.5634739	-0.8797203	1.487763	1.790612	1.300182	0.2925546	0.01187488	0.4342285	-0.4583465	-0.5618458	-0.1785178	-1.91766	-0.5182392	-2.76143	1.585916	2.880898	0.9891809	0.2354084	0.2866621	0.2677543	0.4508352	0.6988599	0.3615263	-0.01688187	-0.0394059	0.0549253	-0.2960852	-0.490192	-0.1957284	0.4178597	1.755632	0.9662302	2.180342	3.281662	2.74859	0.7989023	1.389953	0.6132919	1.561061	1.159086	0.6853019	-0.03240132	-0.1927003	-0.00924416	-0.2962684	-0.4911526	-0.1312751	0.5555782	0.6707866	0.3469989	0.6959307	1.22433	1.627921	-0.4433911	0.9426252	0.5109059	0.9016255	1.815969	1.969411	0.008389443	-0.09270917	-0.1592715	-0.09494344	-0.1522958	-0.1614478	-2.003285	0.6728471	-0.7668865	3.432977	7.607897	3.788515	0.1988518	1.01819	0.4967445	1.179286	0.9243344	1.208032	-0.008950504	-0.5273255	-0.2809711	-0.4229097	-0.7503499	-0.5988684	0.06586252	1.060695	0.2706929	1.299603	1.32648	2.661227	0.1737878	0.4274868	0.235095	0.9721107	1.408425	0.874535	-0.1183869	-0.2987987	-0.07619284	-0.4080174	-0.5301868	-0.1512638	1.290808	2.013208	1.09292	2.017334	1.747043	1.715706
585.9375	0.2754173	0.5739778	0.232617	1.143884	1.138446	0.601833	-0.2071056	-0.634057	-0.1639009	-0.4041856	-0.6607303	-0.4086062	-0.06546231	0.4773712	-0.1146607	1.647575	2.361303	1.578008	-0.4780416	0.514015	-0.9056208	1.463141	1.772929	1.261523	0.3254634	0.0206966	0.4350062	-0.444436	-0.5741411	-0.2170996	-1.796726	-0.3935685	-2.688547	1.68972	2.887709	1.020477	0.1881508	0.2759294	0.2602227	0.4390219	0.7458057	0.3864358	-0.02792655	-0.0427033	0.044312	-0.2790005	-0.4662826	-0.1823582	0.5940877	1.844969	1.227775	2.105602	3.268843	2.85993	0.7558147	1.300239	0.55519	1.507445	1.12703	0.6207987	-0.0281218	-0.1964714	0.006935586	-0.2961523	-0.4797627	-0.1406077	0.610818	0.7049835	0.3588051	0.5428594	1.172399	1.541319	-0.4227422	0.9490408	0.5496815	0.9027467	1.807039	2.001458	0.007567165	-0.07409478	-0.1061748	-0.1461496	-0.1953256	-0.137785	-1.932678	0.6964508	-0.8186573	3.683935	7.669756	3.853488	0.150105	0.9000565	0.4111092	1.119577	0.8578265	1.102753	0.008047119	-0.4735515	-0.240009	-0.3934821	-0.7437227	-0.5532405	0.1882211	1.024794	0.4840008	0.998636	1.004247	2.7261	0.2817747	0.5913771	0.4329786	1.028695	1.380559	0.9395428	-0.1354448	-0.3090078	-0.06701583	-0.4028024	-0.5425859	-0.1345153	1.517231	2.196285	1.338577	2.145914	1.872978	1.747426
587.890625	0.2760473	0.5844356	0.2496446	1.085618	1.114775	0.5756965	-0.2219002	-0.6597834	-0.1694039	-0.42726	-0.6529279	-0.4215184	0.0107633	0.5581252	0.005012116	1.758595	2.378828	1.616932	-0.4688725	0.4954968	-0.8890024	1.453897	1.744591	1.249155	0.3451506	0.02687204	0.4317144	-0.4264834	-0.5752801	-0.2362583	-1.590738	-0.1322638	-2.504537	1.860241	3.001071	1.117791	0.1491473	0.2650417	0.2358771	0.4350388	0.8095641	0.4184898	-0.05276159	-0.05028947	0.03492951	-0.2673458	-0.4356969	-0.1669412	0.6054007	1.760602	1.293571	1.921838	3.180691	2.835625	0.7017859	1.211772	0.4969401	1.443525	1.098073	0.5736083	-0.02078952	-0.2090245	0.005678444	-0.2907687	-0.4858577	-0.1564066	0.6663766	0.7078562	0.3582134	0.3897046	1.098912	1.405416	-0.4079285	0.9131592	0.5183629	0.9054794	1.770124	2.00001	0.0009717094	-0.06899981	-0.09518319	-0.1662757	-0.214798	-0.115308	-1.97899	0.6479158	-0.8484356	3.741777	7.736373	3.860253	0.05276029	0.7653993	0.306554	1.038304	0.8171909	1.042761	0.0201409	-0.4185967	-0.1821357	-0.3613653	-0.7321802	-0.4994783	0.3418526	1.005612	0.7831098	0.6469774	0.6580451	2.726336	0.3615471	0.7029693	0.5903378	1.049817	1.345655	0.9627287	-0.186294	-0.377194	-0.1142225	-0.4227612	-0.5621817	-0.1687122	1.5122	2.129734	1.426802	2.120303	1.897851	1.714896
589.84375	0.2852179	0.5751328	0.2510327	1.096406	1.103268	0.5406743	-0.2202961	-0.6688574	-0.1600339	-0.4360554	-0.6360949	-0.4262538	-0.04145074	0.5859506	0.08136204	1.744876	2.235827	1.560817	-0.4262063	0.5215648	-0.8361362	1.461156	1.714419	1.272464	0.3528843	0.03290677	0.4330643	-0.4095336	-0.5706151	-0.2401175	-1.388711	0.1675449	-2.333662	2.092196	3.218014	1.228132	0.09720766	0.2366691	0.1784091	0.4357031	0.8683314	0.4481015	-0.1096908	-0.0788	0.003400363	-0.2706018	-0.4121713	-0.1669363	0.4934143	1.610621	1.192091	1.759434	3.081793	2.721849	0.6670909	1.167883	0.4723987	1.379973	1.076607	0.5533438	-0.005334802	-0.2120083	-0.003068827	-0.2761244	-0.5062835	-0.1625605	0.7063114	0.6524555	0.3482717	0.2716418	0.9967983	1.272834	-0.4093287	0.8556294	0.4660575	0.8546448	1.682825	1.966103	0.001627645	-0.08464454	-0.1267341	-0.1533026	-0.2348263	-0.116839	-2.089109	0.5826387	-0.8370024	3.593975	7.738596	3.80048	-0.05414262	0.6869252	0.235882	0.9603961	0.8402838	1.065137	0.03194685	-0.3614272	-0.1177786	-0.3268686	-0.7049063	-0.4400556	0.4621974	1.004791	1.053561	0.4042692	0.4080199	2.649112	0.3194814	0.596305	0.5437719	1.011958	1.289946	0.8649487	-0.1861659	-0.3579698	-0.1008826	-0.4200561	-0.5476242	-0.1743704	1.243839	1.842365	1.308658	1.946614	1.855627	1.654748
591.796875	0.2978488	0.5339321	0.2327965	1.155879	1.095544	0.497444	-0.1983926	-0.6600781	-0.1401316	-0.4336504	-0.6247486	-0.4246972	-0.1969436	0.5345428	0.09373687	1.609479	2.025104	1.452289	-0.3605663	0.5726184	-0.7753275	1.467019	1.691087	1.312942	0.3601825	0.04306122	0.4476811	-0.3967744	-0.5695325	-0.2399533	-1.305261	0.3472731	-2.288341	2.300522	3.422911	1.271526	0.04349111	0.2065957	0.1045186	0.4525042	0.9192851	0.4770746	-0.1945109	-0.1276587	-0.05679597	-0.2827226	-0.3943628	-0.1836292	0.4062464	1.529611	1.065467	1.716293	3.047697	2.614227	0.6605549	1.17494	0.4894431	1.32784	1.067054	0.544889	0.0167527	-0.1968771	-0.006398307	-0.2549036	-0.5272459	-0.155317	0.7144621	0.532359	0.3216742	0.2150185	0.8758788	1.172679	-0.4156438	0.8264685	0.4682476	0.7461153	1.563334	1.930542	0.00865579	-0.1222283	-0.1743751	-0.142013	-0.2787693	-0.1574973	-2.160628	0.5638649	-0.7720281	3.333319	7.636027	3.709005	-0.1536973	0.6621098	0.1919668	0.8923272	0.9116864	1.132313	0.03883316	-0.3172027	-0.07472903	-0.2974815	-0.6612297	-0.3914663	0.5064991	0.9902833	1.154957	0.3633516	0.3260225	2.514489	0.5245499	0.8796567	0.7445884	1.159243	1.386088	0.9966815	-0.1755968	-0.3115096	-0.07103811	-0.4122458	-0.5199244	-0.1719514	1.234778	2.122386	1.52123	1.962372	2.018818	1.959711
593.75	0.3115749	0.4790714	0.2057289	1.210566	1.085227	0.4603103	-0.1625386	-0.6349638	-0.1156322	-0.4239518	-0.6272134	-0.4167267	-0.3295684	0.4397061	0.08909763	1.463981	1.877982	1.38148	-0.3007936	0.6091367	-0.7364691	1.450102	1.671286	1.33961	0.3818946	0.06273903	0.4773853	-0.3876275	-0.5755429	-0.2431239	-1.339964	0.373998	-2.348885	2.418351	3.511	1.237449	0.01724705	0.2089463	0.05700893	0.4929062	0.9666401	0.5145364	-0.264488	-0.1616268	-0.1128006	-0.2829157	-0.3773153	-0.1979756	0.480446	1.585824	1.061834	1.793127	3.107249	2.583383	0.6722251	1.202644	0.5277547	1.300372	1.06983	0.5175225	0.03404961	-0.173862	-0.0005831202	-0.2395184	-0.5285616	-0.1413391	0.6662835	0.3654077	0.257926	0.2128751	0.7820482	1.105591	-0.4085255	0.8584732	0.5538582	0.6337715	1.458736	1.926512	0.01802149	-0.166658	-0.2074586	-0.1588047	-0.3477059	-0.2279766	-2.113168	0.6317863	-0.638671	3.105663	7.468361	3.660438	-0.2258188	0.6829532	0.1663872	0.8408776	0.9965465	1.199676	0.0409429	-0.2816774	-0.06306823	-0.2735846	-0.6082557	-0.3617988	0.5222421	0.9951724	1.099019	0.5026171	0.3952533	2.413923	0.5753174	0.9061718	0.7191738	1.244904	1.411276	1.004225	-0.2299629	-0.3680917	-0.1229551	-0.4365716	-0.5229553	-0.2208747	0.9272637	1.885121	1.258474	1.814497	2.08143	1.94786
595.703125	0.3271543	0.4405701	0.1876641	1.205603	1.052777	0.4326879	-0.128521	-0.6003885	-0.09485284	-0.4111008	-0.6367305	-0.4031194	-0.3466012	0.341723	0.1139241	1.398373	1.844771	1.386212	-0.276788	0.6102015	-0.7258514	1.413671	1.648904	1.341228	0.4208312	0.08872695	0.5137663	-0.3823808	-0.5875132	-0.2494245	-1.410478	0.308565	-2.395809	2.414805	3.435064	1.165139	0.03159315	0.2549651	0.06426015	0.5432085	1.007743	0.5623143	-0.2883927	-0.1517894	-0.1352941	-0.2529891	-0.3511978	-0.1899114	0.7126734	1.725176	1.20906	1.897247	3.208383	2.611397	0.6826679	1.204888	0.5528179	1.298051	1.081475	0.4522549	0.04112786	-0.1615157	0.01165804	-0.2396819	-0.508273	-0.1362372	0.596423	0.1994432	0.1800922	0.2474626	0.7108815	1.02442	-0.38335	0.9350945	0.6801459	0.5765592	1.40465	1.958851	0.02229325	-0.2020526	-0.2142132	-0.2093803	-0.4247612	-0.3025667	-1.964233	0.751591	-0.4407178	2.969613	7.315442	3.693249	-0.2747701	0.6924849	0.1248291	0.7894446	1.055816	1.218692	0.02165169	-0.2835048	-0.09785468	-0.2655066	-0.5709807	-0.3694299	0.5405965	0.9803446	0.965637	0.6535921	0.5105808	2.389458	0.565899	0.8403956	0.6323792	1.289558	1.370661	0.9678273	-0.2515429	-0.3866446	-0.1460583	-0.4362961	-0.5261565	-0.2405929	0.6811734	1.581865	0.9382867	1.685297	2.13428	1.823899
597.65625	0.3316425	0.425121	0.1827135	1.11495	0.9850699	0.3983666	-0.1021477	-0.5610692	-0.07962929	-0.3894603	-0.6380374	-0.3873705	-0.1811707	0.3347945	0.2108134	1.491599	1.90013	1.457497	-0.3023841	0.5932969	-0.7255885	1.389975	1.628862	1.337503	0.4688705	0.1134723	0.5456372	-0.3806666	-0.6005948	-0.2524464	-1.418027	0.2539714	-2.326134	2.326782	3.260418	1.104929	0.06783678	0.3195283	0.1109624	0.5796872	1.03467	0.6096461	-0.2609865	-0.0932822	-0.1136467	-0.1950365	-0.3195704	-0.1574359	0.9761711	1.844761	1.415371	1.935367	3.255393	2.623338	0.6867844	1.165218	0.5470077	1.310506	1.089788	0.3591233	0.04109233	-0.1685717	0.02444643	-0.2549818	-0.4806734	-0.1471277	0.5191558	0.07262923	0.1121674	0.2613259	0.6779264	0.9259934	-0.3561165	0.996428	0.7626813	0.586017	1.390877	1.993837	0.02197074	-0.2178861	-0.203662	-0.268006	-0.4889902	-0.3555838	-1.819142	0.8376701	-0.2186523	2.869224	7.237802	3.773614	-0.2894907	0.6843375	0.07995807	0.7328607	1.085485	1.197727	-0.005420709	-0.2970228	-0.1422408	-0.2611174	-0.5589106	-0.3943122	0.6561624	1.071577	0.9785792	0.7284822	0.5987721	2.511734	0.6208504	0.8942708	0.6785024	1.332454	1.314784	0.9900476	-0.1779461	-0.282037	-0.07152394	-0.3822884	-0.5072232	-0.191174	0.9462685	1.952732	1.203896	1.821675	2.338903	2.027265
599.609375	0.3242819	0.4304901	0.1882174	0.9828534	0.8940762	0.3501985	-0.08505406	-0.5261536	-0.06833466	-0.3591119	-0.6222119	-0.3751869	0.06640756	0.4146487	0.3169499	1.667637	1.957546	1.5017	-0.3718381	0.5912721	-0.7146198	1.407417	1.622511	1.355459	0.5136866	0.1294107	0.5676045	-0.3825377	-0.6132469	-0.2473952	-1.351279	0.2455573	-2.161345	2.215105	3.110879	1.071788	0.1119462	0.3747695	0.1632959	0.5908436	1.032636	0.6385773	-0.2158433	-0.02045475	-0.07467216	-0.1338162	-0.2928068	-0.1208928	1.107757	1.87138	1.540657	1.894773	3.20626	2.570028	0.6961707	1.11366	0.5215919	1.32067	1.079239	0.2755882	0.03825762	-0.1863651	0.03211593	-0.2764887	-0.4625604	-0.165205	0.4714046	0.01890721	0.09965366	0.223209	0.6619703	0.8389705	-0.3531383	0.982857	0.751367	0.6037021	1.361798	1.984113	0.02460428	-0.2158132	-0.1900578	-0.3026105	-0.5313992	-0.3789592	-1.775594	0.8179556	-0.04065657	2.708355	7.205811	3.804738	-0.2743882	0.6608767	0.04852194	0.6691021	1.104488	1.167871	-0.04556341	-0.3292879	-0.1868887	-0.2586037	-0.5716199	-0.4245538	0.8324702	1.225443	1.156984	0.6953725	0.622907	2.698597	0.6093706	0.8524005	0.6953481	1.288205	1.208965	0.9434749	-0.162008	-0.3074405	-0.08709178	-0.3746845	-0.5335355	-0.2244374	0.8501637	1.696404	1.067669	1.724987	2.296599	1.908685
601.5625	0.2953193	0.4307357	0.1910597	0.8654483	0.8127002	0.2938637	-0.0696746	-0.4983112	-0.05499832	-0.3230852	-0.5921259	-0.3659284	0.2510349	0.5222663	0.3554109	1.800642	1.960511	1.443625	-0.4583382	0.6231241	-0.684265	1.461561	1.636639	1.403539	0.5515983	0.1395919	0.5841728	-0.3837706	-0.6235515	-0.2327048	-1.29011	0.2406452	-2.026255	2.125351	3.087246	1.052074	0.1349263	0.3927324	0.1663553	0.5919613	1.01991	0.6383052	-0.190638	0.02242337	-0.05458971	-0.1001652	-0.2837608	-0.1057044	1.125539	1.891039	1.586463	1.873851	3.100681	2.506753	0.7263101	1.108461	0.5060269	1.327878	1.046044	0.2447665	0.03600732	-0.1988235	0.03272193	-0.2932457	-0.4621756	-0.1784519	0.4679429	0.0481844	0.1556776	0.144568	0.6565523	0.8148143	-0.3811028	0.8839397	0.6638179	0.5688657	1.267242	1.904942	0.03506294	-0.2094408	-0.1781113	-0.305602	-0.5599462	-0.3862538	-1.841174	0.6999962	0.04983199	2.452636	7.123748	3.709978	-0.2455326	0.6347114	0.04324435	0.6069701	1.133273	1.156683	-0.06816446	-0.3326237	-0.1915632	-0.2381678	-0.5828648	-0.4238465	0.9770104	1.369728	1.363802	0.6554883	0.6307622	2.845638	0.5822857	0.789136	0.7080725	1.218862	1.125992	0.8695005	-0.1046631	-0.2778807	-0.05424639	-0.3512175	-0.5393527	-0.2404974	0.8273885	1.661185	1.128286	1.693623	2.270301	1.978604
603.515625	0.2616717	0.4271652	0.1933356	0.8164181	0.7826948	0.2664495	-0.05152544	-0.4776035	-0.03679206	-0.2920382	-0.5607145	-0.3548109	0.3138264	0.6022677	0.3111435	1.832115	1.925343	1.293761	-0.5260348	0.6747863	-0.6459246	1.511491	1.661917	1.458466	0.5861118	0.1513927	0.6026833	-0.3798569	-0.6299993	-0.2121448	-1.331726	0.1678164	-2.034133	2.060017	3.189899	1.034322	0.136694	0.3818786	0.1143833	0.6082842	1.019671	0.614063	-0.2079968	0.005780447	-0.07821662	-0.1109615	-0.2950494	-0.1230677	1.139011	2.009673	1.626258	1.980925	3.058503	2.540598	0.782117	1.18466	0.5233917	1.347505	0.9996826	0.2807507	0.03344609	-0.197177	0.02800307	-0.3000093	-0.4725565	-0.1790818	0.5000091	0.1306257	0.2500456	0.07378861	0.6550048	0.8674037	-0.4217068	0.7479981	0.5669792	0.4731053	1.110624	1.778862	0.05188151	-0.2118312	-0.1618685	-0.2963688	-0.5865193	-0.3983842	-1.918787	0.5853156	0.06469284	2.194893	6.927755	3.508665	-0.2236437	0.6204237	0.05140292	0.5656019	1.184956	1.166833	-0.07782892	-0.3159756	-0.1780321	-0.2049351	-0.5757557	-0.3990177	1.082897	1.552725	1.512124	0.7816066	0.7198983	2.954402	0.7158546	0.9845959	0.893456	1.271927	1.179278	0.9339707	-0.1311205	-0.3680575	-0.1133393	-0.373171	-0.5650387	-0.3263561	0.7520215	1.678441	1.186603	1.676494	2.263585	2.119811
605.46875	0.2146615	0.4062561	0.1851461	0.8186046	0.810832	0.2810343	-0.03431108	-0.4615587	-0.01862307	-0.2748939	-0.5362226	-0.3361835	0.2563037	0.5755221	0.2069636	1.747546	1.879759	1.093641	-0.5522076	0.7069047	-0.6173742	1.510623	1.673623	1.488138	0.624011	0.1730523	0.6243652	-0.3665422	-0.6270568	-0.1904014	-1.475491	0.03134644	-2.179298	2.01075	3.343889	1.044593	0.1334931	0.3672645	0.0492415	0.650649	1.049871	0.5861764	-0.2488486	-0.0590306	-0.1318148	-0.1573999	-0.3225887	-0.1629776	1.333658	2.311682	1.795129	2.247169	3.147089	2.74184	0.846037	1.321116	0.5699208	1.399119	0.9650038	0.3566302	0.0328221	-0.189233	0.02436739	-0.3010589	-0.4873835	-0.1737781	0.515255	0.2017164	0.3050281	0.05923868	0.6921525	0.9689938	-0.4500134	0.6387385	0.5184911	0.3613702	0.945488	1.654483	0.06295963	-0.232259	-0.1402089	-0.3081464	-0.6188123	-0.4305599	-1.893096	0.5914646	0.07698037	2.061814	6.647137	3.306322	-0.2180269	0.6370438	0.06093715	0.5626221	1.267999	1.189988	-0.07455225	-0.2847377	-0.1620129	-0.1679649	-0.5441347	-0.3658289	1.02768	1.590229	1.374949	1.077056	0.9232185	2.976124	0.692699	0.9213847	0.8340027	1.287779	1.217984	0.8660386	-0.04485136	-0.24075	-0.01569825	-0.3083156	-0.5138199	-0.2830195	0.4098703	1.319262	0.9088371	1.520422	2.178738	2.026069
607.421875	0.1638967	0.3809182	0.1725135	0.8342685	0.8661451	0.3282154	-0.0327326	-0.4535809	-0.01230769	-0.2796696	-0.5155389	-0.3113382	0.226086	0.5043411	0.1462688	1.67648	1.873815	0.9528802	-0.5237386	0.7104909	-0.5976042	1.461298	1.666198	1.491012	0.6610255	0.1974008	0.6390699	-0.3479518	-0.6145162	-0.1744414	-1.606698	-0.08261875	-2.331179	1.979093	3.450901	1.116861	0.1483015	0.3668776	0.03489204	0.6965788	1.094728	0.5697672	-0.2775261	-0.1329339	-0.1791984	-0.2116545	-0.3550703	-0.2032384	1.700394	2.685072	2.068404	2.55369	3.322127	3.035877	0.8965773	1.457795	0.6234156	1.48404	0.9618185	0.4207722	0.0346638	-0.1915542	0.02498054	-0.3059655	-0.5019594	-0.1735853	0.4847887	0.1964316	0.2701366	0.1031096	0.7651935	1.044883	-0.4496253	0.5974563	0.5267556	0.3030231	0.8399537	1.577506	0.06461589	-0.2626268	-0.1200969	-0.3470372	-0.6553091	-0.4801926	-1.750148	0.7380651	0.1539375	2.065685	6.394713	3.206726	-0.2358132	0.6726479	0.04401527	0.5918552	1.37533	1.203282	-0.0774525	-0.2752386	-0.1745973	-0.1481569	-0.5071495	-0.358788	0.9325388	1.615943	1.098338	1.501633	1.23983	3.024502	0.7731682	1.050591	0.8828261	1.416426	1.337729	0.9301584	-0.09552613	-0.3157282	-0.08199474	-0.3037307	-0.5151492	-0.3365373	0.1728597	1.101027	0.7184469	1.411861	2.180737	1.944608
609.375	0.1085646	0.3547452	0.1551983	0.8255172	0.8998313	0.3672315	-0.04395411	-0.4467104	-0.01904043	-0.2916709	-0.4893413	-0.2827692	0.284834	0.4272517	0.145404	1.678826	1.880904	0.8875607	-0.4527252	0.7116495	-0.5654122	1.412096	1.655739	1.49962	0.686357	0.2096046	0.6354612	-0.3321451	-0.598796	-0.1696932	-1.599781	-0.08793812	-2.358541	1.966414	3.45227	1.24443	0.1616055	0.3523378	0.07314815	0.7039841	1.126849	0.5590842	-0.2713855	-0.1770941	-0.1895807	-0.2467967	-0.3816645	-0.2267387	2.1049	2.959477	2.331435	2.726353	3.423177	3.255467	0.9224557	1.541538	0.6618966	1.57494	0.9924873	0.4372427	0.03891542	-0.2095722	0.02979938	-0.3209431	-0.5151609	-0.1813571	0.4031572	0.09013733	0.1507338	0.1561899	0.8555483	1.04773	-0.4273617	0.6149718	0.5582963	0.3247003	0.8183409	1.558836	0.05655354	-0.2941177	-0.1139232	-0.4011112	-0.6931349	-0.535937	-1.559991	0.9507611	0.307958	2.132663	6.283308	3.234154	-0.25468	0.7269503	0.01334109	0.6400925	1.494012	1.208637	-0.1015771	-0.3111515	-0.2248296	-0.1576851	-0.4850343	-0.3927651	0.751066	1.513941	0.704094	1.823426	1.542178	3.051196	0.7115434	0.9979665	0.7824114	1.479413	1.392511	0.9289816	-0.1035305	-0.3239651	-0.09727731	-0.2655565	-0.498694	-0.341304	0.2732326	1.372944	0.9225402	1.478403	2.35953	2.078354
611.328125	0.05388552	0.3308007	0.1370125	0.7883705	0.8863696	0.3669439	-0.06713047	-0.4418657	-0.03976255	-0.296286	-0.4501542	-0.2576812	0.4150437	0.4038109	0.1734045	1.746602	1.87374	0.8829829	-0.3647538	0.7563205	-0.4944139	1.42044	1.669418	1.550571	0.6909514	0.1983916	0.6150141	-0.3270276	-0.594564	-0.1787191	-1.417074	0.02372625	-2.22939	1.957152	3.347909	1.360314	0.1578406	0.3006996	0.1230377	0.6562721	1.12491	0.5401412	-0.2315137	-0.1704548	-0.1564655	-0.2477828	-0.3924281	-0.2258443	2.298356	2.956333	2.381541	2.65497	3.341786	3.248997	0.926484	1.561509	0.6771411	1.6234	1.037341	0.4092581	0.04725866	-0.2284043	0.0380238	-0.3420615	-0.5305496	-0.1927826	0.2848404	-0.08999752	0.002411296	0.1391523	0.9409457	0.9880107	-0.4014673	0.6492155	0.5674518	0.4050217	0.8506019	1.573472	0.05443178	-0.3098941	-0.1224368	-0.4314798	-0.7256341	-0.5802016	-1.441374	1.087077	0.4602621	2.144541	6.324492	3.300447	-0.273382	0.7616099	-0.03070005	0.6784312	1.591493	1.205673	-0.1346742	-0.3550949	-0.2761882	-0.1800799	-0.4751432	-0.4354539	0.6257616	1.519351	0.4733408	1.983896	1.780042	3.134556	0.536777	0.8136464	0.6009763	1.453307	1.374392	0.8846081	-0.07135034	-0.2862076	-0.07326537	-0.2098478	-0.468248	-0.3162402	0.1163434	1.207359	0.8026724	1.406268	2.443424	1.955827
613.28125	-0.00367218	0.3017281	0.1157829	0.7393154	0.8456255	0.331457	-0.08090639	-0.4257821	-0.06103166	-0.2684735	-0.3989038	-0.2333596	0.5189505	0.4343278	0.1488329	1.81206	1.84403	0.8876631	-0.2893057	0.8568415	-0.3768165	1.494842	1.705458	1.640269	0.6807986	0.1727199	0.5998453	-0.3315448	-0.6133029	-0.1951838	-1.138101	0.1657009	-2.02103	1.910152	3.166255	1.380825	0.1166717	0.2087612	0.1173927	0.5786719	1.101662	0.5051165	-0.1805802	-0.1220446	-0.1031393	-0.2187963	-0.3832939	-0.2046545	2.225282	2.71424	2.192596	2.396892	3.078553	3.012214	0.9151283	1.549038	0.6743757	1.593695	1.073105	0.3777191	0.05520971	-0.2249454	0.04522394	-0.360163	-0.5380092	-0.1947128	0.1890535	-0.257699	-0.08450679	0.03042852	0.9807698	0.9096571	-0.3849683	0.6651697	0.5338836	0.5059658	0.8912637	1.5892	0.06810698	-0.3031994	-0.1315234	-0.418323	-0.7455381	-0.6009496	-1.438269	1.071141	0.5238078	2.07375	6.424129	3.292142	-0.2755588	0.7860935	-0.04863305	0.7035713	1.642183	1.217524	-0.1757149	-0.3927414	-0.3130965	-0.2029308	-0.469631	-0.4607904	0.4909521	1.513599	0.3421663	1.947263	1.898235	3.164895	0.3984115	0.7132766	0.5125096	1.403243	1.353271	0.9007989	-0.09493249	-0.3528424	-0.1256867	-0.1978541	-0.4570024	-0.3497714	0.08022401	1.273902	0.8344669	1.462289	2.610105	1.968161
615.234375	-0.05631419	0.2704043	0.09211867	0.7052848	0.8246762	0.2990739	-0.07579377	-0.3941852	-0.07298595	-0.2054867	-0.3473879	-0.2076243	0.5221549	0.4775497	0.03683826	1.818372	1.806059	0.8652406	-0.2386082	0.9821275	-0.2370256	1.588861	1.733131	1.723743	0.6739277	0.1595502	0.615327	-0.3350708	-0.6496435	-0.2051394	-0.8779958	0.2400039	-1.844598	1.794504	2.946361	1.279619	0.03935525	0.1112652	0.03311633	0.5205609	1.089995	0.4652641	-0.1341857	-0.05371045	-0.05621681	-0.1746383	-0.3591621	-0.171208	2.026723	2.435226	1.898846	2.15754	2.80348	2.701494	0.8964168	1.542847	0.667046	1.488446	1.077993	0.3767617	0.06332382	-0.1860526	0.05302542	-0.3674678	-0.5327493	-0.1824407	0.1526971	-0.3335065	-0.0654367	-0.1294432	0.9601046	0.8640664	-0.3713182	0.6622594	0.465914	0.6189888	0.9206038	1.588389	0.09310342	-0.2794889	-0.1249116	-0.3719832	-0.745454	-0.5956678	-1.504015	0.9447334	0.4702203	2.003219	6.476206	3.172307	-0.2909796	0.7656677	-0.06149998	0.710079	1.631251	1.226605	-0.2167436	-0.4021153	-0.3255181	-0.2122647	-0.452099	-0.4485188	0.3734295	1.540261	0.3004363	1.871644	1.986789	3.178358	0.3535728	0.7408337	0.5438516	1.358506	1.363663	0.9866733	-0.1247203	-0.4170949	-0.1808031	-0.1920219	-0.4315513	-0.3807603	-0.0681821	1.173539	0.6707284	1.517259	2.728556	1.88121
617.1875	-0.101303	0.2402297	0.06611811	0.691352	0.8547615	0.3044496	-0.05937456	-0.3559012	-0.07655886	-0.1290839	-0.3055139	-0.1818153	0.4744167	0.5177237	-0.09470562	1.81663	1.803735	0.8382621	-0.2070794	1.072134	-0.1163893	1.634331	1.706814	1.750012	0.6790926	0.1734614	0.6640463	-0.3319607	-0.6878043	-0.1996584	-0.687858	0.2242692	-1.747587	1.632227	2.728722	1.119931	-0.04680986	0.05342308	-0.08153522	0.5103786	1.105896	0.4383014	-0.1081715	-0.002239715	-0.04132462	-0.1389569	-0.3336077	-0.1417273	1.968612	2.350583	1.732263	2.130076	2.693858	2.508227	0.8695135	1.551272	0.6598726	1.350846	1.054874	0.4070531	0.07212225	-0.1241756	0.06458409	-0.3648237	-0.5127043	-0.1588055	0.188437	-0.2943363	0.03579247	-0.2524028	0.8765013	0.8546519	-0.3590841	0.6526645	0.382014	0.7404967	0.9537036	1.568013	0.1174134	-0.24832	-0.09605987	-0.3202767	-0.7223006	-0.5688326	-1.529853	0.843556	0.3782953	2.044665	6.433736	3.012945	-0.304491	0.7517874	-0.05266124	0.7256659	1.589265	1.238332	-0.2473216	-0.3891629	-0.3187054	-0.2105217	-0.4252027	-0.4124377	0.2673538	1.537931	0.2337838	1.900909	2.140044	3.198292	0.2623021	0.6378666	0.4805319	1.256224	1.355415	0.9908993	-0.1094324	-0.3746071	-0.1651839	-0.1508095	-0.3695383	-0.3470877	-0.4570145	0.6362308	0.1226218	1.437762	2.690701	1.531054
619.140625	-0.1416572	0.2089875	0.04020029	0.6731359	0.9111621	0.3371252	-0.04498231	-0.3259693	-0.07827005	-0.06776448	-0.2768962	-0.1617183	0.4665161	0.5399092	-0.1450685	1.86748	1.825898	0.8299836	-0.1841376	1.084585	-0.05014788	1.597889	1.60988	1.707059	0.6895512	0.2060366	0.7180525	-0.3240173	-0.7068146	-0.17948	-0.5513715	0.169546	-1.697076	1.486122	2.547153	1.006868	-0.1034265	0.05677177	-0.1414446	0.5370412	1.137224	0.4361467	-0.09476601	0.01435284	-0.05256182	-0.1283142	-0.3255384	-0.1312421	2.208363	2.545636	1.831187	2.357641	2.804977	2.52403	0.8291276	1.549225	0.6465447	1.230705	1.027428	0.4356185	0.08912008	-0.0670557	0.08726687	-0.3560596	-0.4952582	-0.1370084	0.2453142	-0.1983986	0.1338983	-0.2847385	0.7660127	0.8693336	-0.3508492	0.653182	0.30393	0.863687	1.01645	1.537203	0.1286009	-0.2210993	-0.05836342	-0.2889239	-0.6854351	-0.5327216	-1.469302	0.857972	0.3424213	2.203877	6.345175	2.925413	-0.3446406	0.7155233	-0.07581998	0.7434815	1.553083	1.216635	-0.2683109	-0.3805979	-0.3136109	-0.2123442	-0.4030418	-0.3878056	0.1786403	1.454057	0.08256046	2.063459	2.399941	3.252351	0.1153978	0.4111052	0.3143615	1.12143	1.340389	0.9254029	-0.1445173	-0.3840469	-0.1956309	-0.133849	-0.3334555	-0.3364655	-0.3707095	0.8089744	0.122461	1.580463	2.808871	1.583937
621.09375	-0.1693498	0.1824399	0.02103048	0.648839	0.9463405	0.3581533	-0.04638895	-0.3193832	-0.08745994	-0.04163464	-0.2543046	-0.1528152	0.5838879	0.5803418	-0.04462389	2.032144	1.858057	0.8711917	-0.1669641	1.030399	-0.04446257	1.507474	1.478195	1.636606	0.6857482	0.2270365	0.7361983	-0.32197	-0.6980374	-0.1564973	-0.4329978	0.1593883	-1.631957	1.42275	2.44375	1.01193	-0.1282155	0.0830102	-0.1148061	0.5538073	1.150962	0.4443578	-0.09087826	-0.007505167	-0.07551052	-0.146059	-0.3392745	-0.1476737	2.606829	2.859089	2.09299	2.685853	3.035207	2.676131	0.7916571	1.514513	0.6279418	1.164917	1.01166	0.420056	0.1133458	-0.03970226	0.1193091	-0.3489856	-0.4928543	-0.1262665	0.2585467	-0.1369617	0.1501188	-0.2454603	0.6734779	0.8898927	-0.3572022	0.6651675	0.2425743	0.9617848	1.114274	1.502929	0.1266532	-0.203898	-0.03325059	-0.282548	-0.6529249	-0.502452	-1.358209	0.9741573	0.3973753	2.371075	6.285688	2.965827	-0.3563746	0.7366948	-0.08782811	0.7907699	1.570862	1.193754	-0.2772145	-0.3994208	-0.3205882	-0.2319898	-0.4045635	-0.4052424	0.165561	1.348382	-0.07811668	2.289351	2.711218	3.346998	0.103182	0.4321961	0.3231682	1.09198	1.420544	1.01047	-0.1793374	-0.3837818	-0.2138163	-0.1275913	-0.3158482	-0.3179939	-0.2956911	0.9413082	0.1396766	1.642462	2.867729	1.678507
623.046875	-0.1873693	0.1561986	0.01142781	0.6245935	0.9289017	0.3306871	-0.06271157	-0.3332808	-0.1053769	-0.04387386	-0.2270904	-0.1509588	0.771457	0.6318716	0.1491078	2.226185	1.853698	0.9316062	-0.1686298	0.9585741	-0.07723293	1.424067	1.377141	1.59917	0.6529586	0.208771	0.6974692	-0.335372	-0.6712788	-0.1455708	-0.3590067	0.206354	-1.526744	1.437536	2.421735	1.110621	-0.1359881	0.08009645	-0.04264931	0.5322406	1.133499	0.4426087	-0.08876776	-0.04354099	-0.08794772	-0.1758465	-0.3607506	-0.1795699	2.833205	3.015265	2.2588	2.886746	3.220539	2.804182	0.7827033	1.454493	0.6147672	1.158561	1.008788	0.3531885	0.1369486	-0.04446709	0.1506942	-0.3445795	-0.5075612	-0.1277972	0.2058936	-0.1604899	0.07408792	-0.1963551	0.6178437	0.9014354	-0.3838458	0.6802489	0.2154349	0.9950788	1.219594	1.472633	0.1218006	-0.1962813	-0.03225728	-0.2898439	-0.640859	-0.4888997	-1.261597	1.102241	0.4721397	2.446375	6.289241	3.089894	-0.3405616	0.7837635	-0.1011643	0.8572623	1.632951	1.168338	-0.2714736	-0.437539	-0.3317364	-0.2668315	-0.430784	-0.4605105	0.173857	1.184483	-0.2430992	2.425166	2.945201	3.387927	-0.00403162	0.3634582	0.2488231	1.040626	1.485041	1.059661	-0.1293258	-0.2586686	-0.1259834	-0.09744846	-0.2777609	-0.2330076	-0.2799351	1.036754	0.1919468	1.635804	2.878226	1.834306
625	-0.1977533	0.1305859	0.001937218	0.6272506	0.8811671	0.2622748	-0.08062986	-0.3476546	-0.1255044	-0.04712471	-0.1889742	-0.144614	0.9360782	0.7133912	0.3292192	2.360882	1.829447	1.001175	-0.2026326	0.9201167	-0.1164311	1.395234	1.35696	1.625025	0.5981089	0.1553951	0.6221694	-0.3601236	-0.6433021	-0.149062	-0.3910505	0.2634264	-1.408991	1.46264	2.450461	1.219918	-0.1526468	0.02712062	-0.004928485	0.4828716	1.098728	0.4223181	-0.08610635	-0.06231082	-0.08141316	-0.1920743	-0.3634785	-0.2010656	2.685741	2.866537	2.155758	2.837688	3.251792	2.789418	0.8161219	1.399947	0.6198916	1.181698	1.004076	0.2670721	0.1520926	-0.06174293	0.1691332	-0.3381076	-0.5268846	-0.1364105	0.1163976	-0.2488703	-0.03516044	-0.193636	0.5803168	0.8940675	-0.4239607	0.6890855	0.2369459	0.9434643	1.296916	1.455309	0.1300967	-0.1889742	-0.04611808	-0.2912605	-0.6500575	-0.4909733	-1.235058	1.131872	0.436902	2.396166	6.309883	3.172867	-0.2958083	0.8425307	-0.09455398	0.9397908	1.70358	1.160528	-0.2765821	-0.5065163	-0.3645048	-0.3129116	-0.4669594	-0.5403152	0.1683665	1.022133	-0.3658197	2.421478	3.047506	3.34903	-0.04993657	0.4458099	0.2799259	1.044438	1.585576	1.18528	-0.1660585	-0.2972619	-0.1552894	-0.1448611	-0.2832572	-0.2423457	-0.5057737	0.8239079	0.03916585	1.515423	2.780122	1.844473
626.953125	-0.2212829	0.09457091	-0.03013383	0.6520996	0.8545303	0.1922241	-0.08606832	-0.3402621	-0.1394334	-0.02674316	-0.1416606	-0.1233109	0.9585609	0.7748592	0.3694369	2.343183	1.820129	1.047477	-0.2699458	0.9284369	-0.1382222	1.422992	1.412566	1.694944	0.547466	0.1035164	0.5589192	-0.3781978	-0.6222107	-0.153597	-0.5434049	0.2786574	-1.319944	1.430779	2.479038	1.271977	-0.2053247	-0.0576161	-0.06320105	0.4445183	1.087641	0.3966165	-0.06910859	-0.03280717	-0.04983375	-0.1733073	-0.3318018	-0.1846365	2.175666	2.442613	1.768525	2.589982	3.166887	2.620672	0.8843992	1.382796	0.6510342	1.207159	0.975096	0.2070768	0.1550056	-0.06865562	0.1683984	-0.326686	-0.5320114	-0.1426642	0.03493879	-0.3429806	-0.1092884	-0.2504026	0.5203115	0.8480082	-0.4535787	0.6950587	0.3106313	0.8410759	1.333647	1.462764	0.155852	-0.1735858	-0.05441439	-0.2803948	-0.662878	-0.4961135	-1.267076	1.057057	0.2394363	2.307162	6.303145	3.146271	-0.230548	0.9213857	-0.03926102	1.042362	1.753024	1.195724	-0.2943164	-0.5753756	-0.4036954	-0.350679	-0.4863694	-0.6057086	0.1150501	0.8519405	-0.4635261	2.319057	3.030905	3.240455	-0.2071514	0.3327934	0.1566535	0.9714426	1.611031	1.163128	-0.1792267	-0.3092686	-0.1679917	-0.1834326	-0.2607711	-0.23904	-0.608502	0.8279099	0.03345867	1.513629	2.727438	1.889086
628.90625	-0.2514406	0.06800669	-0.08466846	0.6886362	0.8981623	0.1779372	-0.07938962	-0.3084839	-0.1441091	0.01525533	-0.09273378	-0.08860308	0.8650107	0.8115126	0.2734441	2.234871	1.889542	1.096617	-0.3436709	0.9718934	-0.1316528	1.480483	1.499165	1.768807	0.5232664	0.0895387	0.5434639	-0.37392	-0.6039274	-0.1424785	-0.7418669	0.2446172	-1.290051	1.337477	2.474836	1.265528	-0.2810912	-0.1213558	-0.1911801	0.4439602	1.115072	0.3866395	-0.04124996	0.0355378	-0.007681427	-0.1279073	-0.2791946	-0.1316237	1.581299	1.958421	1.297465	2.32124	3.075297	2.390346	0.9476397	1.404483	0.6943289	1.218529	0.9258881	0.203019	0.1508254	-0.05827405	0.1539277	-0.3121558	-0.5171769	-0.1412892	-0.01718975	-0.3948227	-0.1247626	-0.3265771	0.4145116	0.7446663	-0.4556341	0.6992475	0.4165283	0.7419897	1.340168	1.493707	0.1865195	-0.1500993	-0.04383996	-0.2685561	-0.6572145	-0.4889879	-1.300437	0.9639033	-0.03093875	2.283268	6.261142	3.038856	-0.2210655	0.9264225	-0.01238001	1.122532	1.756821	1.225995	-0.3051877	-0.5990162	-0.4205667	-0.3572523	-0.4670278	-0.6233811	0.008643496	0.6523557	-0.5772939	2.217241	3.002297	3.145984	-0.2057641	0.4166417	0.1891165	0.9594173	1.679408	1.194785	-0.159284	-0.2665788	-0.1493403	-0.1837838	-0.2025344	-0.2068103	-0.7340756	0.6842269	-0.1298982	1.49264	2.609455	1.698575
630.859375	-0.3035783	0.04001126	-0.1594766	0.6764183	0.9896919	0.2164599	-0.05885339	-0.2607764	-0.1363247	0.06411812	-0.04937991	-0.04876655	0.7515762	0.8107843	0.1250644	2.170398	2.050738	1.172061	-0.3913151	1.025859	-0.09805613	1.533056	1.561653	1.819804	0.5277162	0.120108	0.5726377	-0.3469715	-0.5796598	-0.1097291	-0.8575867	0.2071612	-1.315544	1.257656	2.452109	1.252317	-0.3533003	-0.1372392	-0.3157231	0.4687343	1.158755	0.3958913	-0.009082396	0.1104268	0.03337374	-0.08569628	-0.2415701	-0.06894839	1.16985	1.60459	0.9510004	2.17821	3.064496	2.200905	0.9748676	1.440583	0.730722	1.222529	0.8685646	0.2396099	0.1497568	-0.04416605	0.1402117	-0.3025238	-0.4945071	-0.13431	-0.07819079	-0.4235499	-0.1309933	-0.3970989	0.2794791	0.58793	-0.4351515	0.6963349	0.5094559	0.6930102	1.342821	1.533381	0.203905	-0.1250539	-0.01693131	-0.2713794	-0.6245555	-0.4603717	-1.291634	0.9543666	-0.2218027	2.370702	6.233728	2.952052	-0.2480165	0.9089895	0.002474983	1.178852	1.750767	1.261278	-0.3209613	-0.6040803	-0.4332333	-0.3456487	-0.4200229	-0.6108345	0.01654024	0.6413332	-0.5373188	2.244605	3.081808	3.256011	-0.1011317	0.6126072	0.3191346	0.9791324	1.780767	1.253601	-0.1842406	-0.2950785	-0.1949026	-0.1828958	-0.1602387	-0.2175562	-0.7857049	0.4998606	-0.3550119	1.435093	2.456734	1.380582
632.8125	-0.3486976	0.02944139	-0.2119938	0.6063814	1.07434	0.2793627	-0.03866511	-0.2247401	-0.1207005	0.08931736	-0.01890942	-0.01934885	0.742132	0.8003914	0.04477416	2.277902	2.263452	1.289267	-0.3957629	1.073341	-0.04441967	1.559363	1.57094	1.847986	0.5461716	0.1702205	0.6127051	-0.3122583	-0.5473053	-0.06437659	-0.8267016	0.1991249	-1.385035	1.269006	2.450176	1.269643	-0.3968023	-0.1237048	-0.3782258	0.4795113	1.173504	0.4026151	0.01164552	0.1517328	0.06169667	-0.07926151	-0.2509073	-0.03327361	1.029533	1.454677	0.8296254	2.182284	3.125593	2.107858	0.9492666	1.46046	0.7403198	1.222532	0.8376639	0.2880947	0.1538795	-0.04993068	0.1365386	-0.3071076	-0.4819127	-0.1296071	-0.1789541	-0.4788619	-0.1835635	-0.4548621	0.1409522	0.4043425	-0.4065037	0.6844891	0.5424793	0.7203856	1.361838	1.561042	0.1983342	-0.1060043	0.01053106	-0.2935199	-0.5769554	-0.4138971	-1.240078	1.059406	-0.2333773	2.524046	6.268656	2.968262	-0.3147831	0.8464007	-0.0445429	1.187446	1.755104	1.265039	-0.3221978	-0.5870727	-0.4264561	-0.3225095	-0.365878	-0.5819788	0.09290621	0.6542874	-0.4519965	2.314883	3.216691	3.463465	-0.1367507	0.577734	0.2789007	0.9196776	1.835202	1.192572	-0.171739	-0.2660746	-0.1961648	-0.1472226	-0.1157579	-0.2010068	-0.5567364	0.6879458	-0.2957322	1.447702	2.403698	1.291453
634.765625	-0.3602203	0.04468889	-0.2085194	0.5084361	1.101615	0.3229008	-0.02271041	-0.2101969	-0.09827358	0.08254285	-0.002819094	-0.004963258	0.818915	0.7706453	0.05049203	2.527103	2.443616	1.407185	-0.3661499	1.104757	0.01735658	1.548519	1.530646	1.86225	0.5621824	0.2059305	0.6330479	-0.2880114	-0.5171245	-0.02339242	-0.6963226	0.2201236	-1.482767	1.390085	2.504674	1.306027	-0.3976751	-0.1166977	-0.3746571	0.4539644	1.133981	0.3809945	0.01652441	0.148437	0.07765836	-0.113961	-0.3074779	-0.03847062	1.026834	1.439019	0.8625306	2.246477	3.198997	2.105501	0.9082339	1.46105	0.7356097	1.218475	0.8296081	0.3147334	0.1575404	-0.08767292	0.1421825	-0.3299887	-0.4907666	-0.1370654	-0.3143781	-0.5939824	-0.2975042	-0.5117738	0.03000725	0.2471233	-0.3997023	0.6558042	0.5006542	0.7849913	1.395036	1.563673	0.1761616	-0.09512397	0.02394746	-0.3226228	-0.5359752	-0.3623407	-1.174283	1.216305	-0.1031177	2.662711	6.347852	3.074964	-0.3616745	0.7992352	-0.1159501	1.16583	1.782093	1.253481	-0.3073082	-0.5554817	-0.3972917	-0.298228	-0.3240624	-0.5490127	0.2314821	0.6869191	-0.3151732	2.360063	3.330694	3.662398	-0.1512744	0.6224107	0.3101079	0.9008191	1.922266	1.221445	-0.1085014	-0.1618165	-0.1318452	-0.09254763	-0.07188445	-0.1447544	-0.3046063	0.9644992	-0.1247299	1.432858	2.372851	1.382099
636.71875	-0.3264943	0.08487167	-0.1479569	0.4419998	1.071596	0.3295251	-0.01528806	-0.2108639	-0.07315603	0.05378938	-0.0004801838	-0.0005813639	0.9307345	0.7709931	0.1041961	2.821053	2.551787	1.495721	-0.3289528	1.10599	0.0749613	1.492423	1.457366	1.858922	0.5704489	0.2136956	0.6329376	-0.2800406	-0.5034418	0.003448848	-0.6093674	0.2090262	-1.593567	1.534976	2.583677	1.301307	-0.3654652	-0.1309585	-0.3487566	0.4118438	1.063089	0.3306226	0.02627156	0.1318012	0.09813127	-0.1609951	-0.3807826	-0.06448574	0.9500456	1.422013	0.8841869	2.262692	3.240413	2.144273	0.8971555	1.46175	0.741704	1.201665	0.828637	0.3151707	0.1560685	-0.1461163	0.1497168	-0.3618403	-0.5207052	-0.1622231	-0.4296134	-0.7449991	-0.4286121	-0.5756267	-0.0383904	0.1648617	-0.4112011	0.6335811	0.4176113	0.8588445	1.437183	1.557149	0.1531755	-0.08879244	0.02231959	-0.344776	-0.51916	-0.3205771	-1.112824	1.342611	0.02570224	2.777649	6.425311	3.194104	-0.3729195	0.760932	-0.2055752	1.130425	1.805045	1.218281	-0.2885404	-0.5250883	-0.3618339	-0.278861	-0.3017898	-0.5202597	0.3245538	0.64588	-0.2392682	2.333656	3.336837	3.68534	-0.3141208	0.4487412	0.1791189	0.8281698	1.930262	1.170756	-0.1212397	-0.1879011	-0.1572738	-0.1100093	-0.08578768	-0.1613769	-0.510505	0.6187952	-0.3540189	1.19217	2.15742	1.25051
638.671875	-0.2549114	0.1459022	-0.06981368	0.4614033	1.039492	0.3204996	-0.009866445	-0.2021726	-0.04523643	0.03041161	-0.007067709	0.007288684	0.966864	0.8054519	0.1108524	3.003816	2.582367	1.517911	-0.2893151	1.085164	0.1199766	1.406502	1.386706	1.832171	0.5752715	0.2092582	0.6344507	-0.2764891	-0.507295	0.01994776	-0.6619941	0.1318444	-1.682672	1.596961	2.618581	1.218817	-0.3115851	-0.1381685	-0.3335637	0.3990889	1.012203	0.2831665	0.05356731	0.1328622	0.1278465	-0.1862316	-0.4320194	-0.08186278	0.7268049	1.342676	0.8041202	2.195483	3.244838	2.178477	0.9392753	1.481952	0.7788978	1.163315	0.8034481	0.3010149	0.1499274	-0.1985189	0.1519128	-0.3879025	-0.5568739	-0.1981	-0.4618223	-0.8692148	-0.5088014	-0.6285629	-0.07882445	0.1661084	-0.4260906	0.6345518	0.3599147	0.8921688	1.464965	1.558457	0.1482605	-0.07722706	0.02057896	-0.349802	-0.5302519	-0.2967383	-1.070205	1.387666	0.03522703	2.887889	6.461957	3.253998	-0.3440069	0.7437344	-0.2747522	1.103063	1.793557	1.173836	-0.267409	-0.4879647	-0.3218885	-0.2606143	-0.2913614	-0.4864624	0.3893387	0.6346121	-0.1757532	2.316909	3.246898	3.555454	-0.2969356	0.5234435	0.2493574	0.8636153	1.952428	1.256729	-0.09242155	-0.1435959	-0.1187224	-0.1290401	-0.09384491	-0.1395502	-0.2651659	1.087592	0.1133584	1.299761	2.145734	1.581878
640.625	-0.1739236	0.2131143	-0.02555383	0.5584822	1.05131	0.3241842	-0.008837375	-0.1790553	-0.02393471	0.02357227	-0.02149216	0.01910805	0.9071416	0.8823258	0.03223496	3.035799	2.596597	1.492279	-0.2386153	1.056941	0.1508147	1.3225	1.346023	1.784462	0.5735938	0.2127623	0.6506288	-0.2625167	-0.514688	0.03635062	-0.8244031	0.02356313	-1.708655	1.53907	2.564634	1.088071	-0.2325151	-0.09049901	-0.3163086	0.4456153	1.015678	0.2784653	0.1026633	0.1618521	0.1641179	-0.1782461	-0.4487925	-0.07891543	0.4203181	1.195656	0.621106	2.069529	3.230598	2.169553	1.01341	1.520088	0.8388282	1.113671	0.7436451	0.2841523	0.1482676	-0.2206061	0.1503669	-0.3972417	-0.5883955	-0.2291412	-0.4023656	-0.9198614	-0.5083416	-0.6525792	-0.1101494	0.2159004	-0.4018457	0.6859806	0.3872807	0.8919561	1.465716	1.582922	0.1709774	-0.05432313	0.03739481	-0.3437988	-0.5647951	-0.2934077	-1.05199	1.377327	-0.06724701	3.018293	6.493337	3.267344	-0.3185843	0.7055373	-0.3296199	1.075381	1.730454	1.111481	-0.2471703	-0.4493925	-0.2925758	-0.2444822	-0.284272	-0.4516124	0.3828331	0.5744478	-0.1939514	2.341161	3.096811	3.315697	-0.07163896	0.8341421	0.5169277	0.9814255	1.96699	1.422553	-0.1284184	-0.2067987	-0.1581928	-0.1968698	-0.1455335	-0.1872971	-0.1105354	1.338484	0.457857	1.383084	2.016831	1.686459
642.578125	-0.1326931	0.2535549	-0.05158132	0.658478	1.110447	0.3426973	-0.0002121082	-0.1421276	-0.008165047	0.04082236	-0.03543384	0.03427313	0.767505	0.9370803	-0.1220826	2.955077	2.639187	1.441424	-0.1589217	1.054752	0.1739061	1.285918	1.359092	1.738744	0.5497558	0.2245548	0.6644289	-0.2350122	-0.5060174	0.05832505	-0.9789044	-0.04603228	-1.658229	1.416055	2.438013	0.974849	-0.1382077	0.01503908	-0.2752359	0.532423	1.069184	0.32746	0.1554184	0.1958803	0.1932531	-0.1573982	-0.4485276	-0.07127105	0.1279709	0.9930488	0.3838141	1.919442	3.203059	2.093066	1.05506	1.547469	0.878852	1.069717	0.6794746	0.2759258	0.1544186	-0.210702	0.148556	-0.389975	-0.6073135	-0.2392614	-0.3148053	-0.9031816	-0.4610747	-0.6569758	-0.1392602	0.2565653	-0.3199778	0.7802789	0.5042272	0.8741838	1.426137	1.613204	0.2176006	-0.02197427	0.08085246	-0.3433387	-0.6140679	-0.3078389	-1.083641	1.344312	-0.1805391	3.118984	6.574337	3.294123	-0.2919362	0.6870117	-0.3305484	1.051785	1.642749	1.064576	-0.2050935	-0.3887943	-0.25895	-0.2266143	-0.2784058	-0.4164851	0.4899537	0.7357038	-0.06126161	2.494467	2.99132	3.230487	-0.002444991	0.8005221	0.5254682	0.9510717	1.83137	1.330927	-0.08064777	-0.145805	-0.0982555	-0.2133291	-0.1773441	-0.1854006	0.02792412	1.391994	0.6380168	1.402192	1.784918	1.553683
644.53125	-0.1422871	0.2583272	-0.1191674	0.6931826	1.174461	0.3628176	0.0167549	-0.1112777	0.001109133	0.06890804	-0.0439566	0.04293598	0.6209614	0.9073371	-0.2821496	2.870242	2.716467	1.395074	-0.05756864	1.094436	0.1916613	1.317338	1.423193	1.715711	0.4907194	0.2260888	0.6443812	-0.2042842	-0.4718559	0.0828208	-1.010723	-0.01156785	-1.561533	1.335513	2.32689	0.9350245	-0.02867912	0.1400421	-0.1974422	0.6087859	1.126802	0.4007419	0.1894036	0.2032339	0.2022521	-0.1541599	-0.4585889	-0.08396931	-0.06918294	0.7842202	0.181462	1.771488	3.14289	1.963859	1.019495	1.534651	0.8613421	1.043921	0.6459482	0.2740444	0.1659374	-0.1869548	0.149581	-0.3753556	-0.6155931	-0.227517	-0.2651926	-0.8662066	-0.4194058	-0.6711081	-0.1766705	0.2329793	-0.1982984	0.8806625	0.6558582	0.8506243	1.338241	1.612119	0.2761689	0.01059852	0.1417401	-0.3612975	-0.6732708	-0.3382784	-1.170154	1.313665	-0.2071705	3.138291	6.733058	3.38818	-0.2824379	0.6728678	-0.3003427	1.01176	1.556459	1.036767	-0.1548591	-0.3428374	-0.2442718	-0.2238197	-0.2898802	-0.4125625	0.6357635	0.9080047	0.1077002	2.628509	2.895118	3.265024	0.1243207	0.8537821	0.5866567	0.9234496	1.72251	1.247806	-0.0557817	-0.1502339	-0.08700055	-0.2364805	-0.2431688	-0.2396643	0.3239772	1.560666	0.8375872	1.415393	1.575839	1.437463
646.484375	-0.1856108	0.2317701	-0.1718028	0.6452379	1.199139	0.3653905	0.03657519	-0.1015162	0.003731685	0.09278095	-0.0407958	0.03982256	0.5097892	0.75814	-0.3996163	2.853122	2.808336	1.363201	0.03352344	1.156931	0.199443	1.39167	1.501758	1.707555	0.404953	0.2028415	0.5782667	-0.1824182	-0.4195867	0.1044982	-0.9196342	0.09447768	-1.482142	1.345228	2.295933	0.9479818	0.07342163	0.2205472	-0.1133371	0.6317528	1.148906	0.4524795	0.1797058	0.164618	0.1773238	-0.1805311	-0.4821942	-0.1242518	-0.2067904	0.5933072	0.04309256	1.629159	3.04153	1.819737	0.9105284	1.474125	0.7807009	1.030317	0.66339	0.2749738	0.1659921	-0.1768123	0.1462087	-0.3678916	-0.6121935	-0.2061933	-0.2441199	-0.8438376	-0.3968137	-0.7109629	-0.2430254	0.1203027	-0.08939559	0.9364208	0.7543564	0.8143906	1.207265	1.546607	0.3313994	0.03479292	0.1995059	-0.3958019	-0.7325076	-0.3799755	-1.296722	1.271248	-0.143836	3.052374	6.925477	3.528011	-0.2641388	0.6871443	-0.2333214	0.9624434	1.490259	1.043702	-0.09475777	-0.3060184	-0.2319578	-0.2330668	-0.3245866	-0.4383222	0.8752657	1.207339	0.4101197	2.711526	2.844108	3.466343	0.1088941	0.743591	0.4984512	0.8207851	1.610166	1.084187	0.01261139	-0.1117695	-0.0433298	-0.2299595	-0.3032276	-0.2762494	0.6460142	1.774099	1.002945	1.377289	1.419735	1.414082
648.4375	-0.214343	0.2069574	-0.1541902	0.573376	1.182841	0.358122	0.05246901	-0.1038123	0.001607007	0.113151	-0.01422681	0.03511815	0.4673947	0.5512334	-0.4604971	2.927858	2.900948	1.343926	0.08394107	1.197901	0.1868056	1.453503	1.542991	1.677672	0.3259894	0.1643788	0.4927108	-0.1702295	-0.3664985	0.121226	-0.793415	0.1855649	-1.471347	1.406874	2.345058	0.9448072	0.1288264	0.2170133	-0.07521793	0.5971477	1.129387	0.4547738	0.1404155	0.1049195	0.1327117	-0.2168248	-0.5035146	-0.1701101	-0.3156642	0.471017	-0.02084345	1.530874	2.94958	1.728197	0.7894174	1.390091	0.6791824	1.012502	0.707959	0.2729677	0.1438588	-0.1936927	0.131621	-0.3755299	-0.5978273	-0.1944371	-0.2075026	-0.8445044	-0.3767938	-0.7738971	-0.323503	-0.03937518	-0.04216362	0.9227828	0.7487704	0.745071	1.055487	1.421642	0.3706442	0.04702757	0.2376369	-0.4362357	-0.7807372	-0.4272439	-1.410004	1.209497	-0.06701142	2.920645	7.071678	3.632209	-0.2196677	0.7355857	-0.135538	0.9196543	1.442224	1.08309	-0.04009647	-0.2781012	-0.2186945	-0.2430941	-0.3713153	-0.4773831	1.042835	1.397185	0.6181573	2.664893	2.787654	3.627656	0.1489929	0.7981126	0.513797	0.7942441	1.598484	1.053581	0.07032098	-0.09931856	-0.02412468	-0.2257455	-0.3613125	-0.3133554	0.6021641	1.535682	0.8017414	1.140774	1.205717	1.265283
650.390625	-0.2132843	0.1945333	-0.07579034	0.5317491	1.15023	0.3529133	0.05067746	-0.1057143	-0.008505607	0.1292828	0.03205099	0.03791533	0.4619991	0.3646547	-0.5015857	3.013159	2.965282	1.300678	0.09538217	1.182274	0.1488078	1.459985	1.514581	1.590936	0.2877643	0.1375938	0.4325158	-0.1568841	-0.3248171	0.1338857	-0.7279754	0.1845274	-1.530732	1.434927	2.407039	0.8733986	0.128218	0.1647502	-0.09225774	0.5497319	1.102851	0.4301896	0.09411787	0.05567255	0.08624709	-0.2385531	-0.506463	-0.1958656	-0.3541412	0.4899798	0.01446498	1.528401	2.918824	1.744258	0.716342	1.317128	0.6087469	0.9758995	0.7442528	0.2685881	0.1063459	-0.2260928	0.1075732	-0.3921027	-0.5744309	-0.2022378	-0.08203696	-0.8336669	-0.3129652	-0.818383	-0.4150318	-0.1792895	-0.05647539	0.8610211	0.654703	0.6481689	0.9063919	1.274948	0.3926861	0.05504495	0.2538497	-0.4626424	-0.8061836	-0.4709559	-1.444892	1.153121	-0.04936631	2.851179	7.122402	3.617792	-0.1558657	0.7978329	-0.02993331	0.8987698	1.403064	1.134095	-0.009867373	-0.2700948	-0.2131165	-0.2455555	-0.4084587	-0.5103988	1.048697	1.400102	0.6072082	2.545038	2.7386	3.643483	0.0761153	0.6702479	0.392204	0.747322	1.565616	0.95941	0.07139628	-0.1612794	-0.06382313	-0.2494976	-0.4183625	-0.3640038	0.8801931	2.014568	1.176667	1.196723	1.275277	1.600575
652.34375	-0.1770094	0.2060286	0.01465818	0.555803	1.13613	0.3645954	0.02194109	-0.104716	-0.03212758	0.1385952	0.08057357	0.04987983	0.5243375	0.3407783	-0.5091986	3.089437	3.013833	1.25061	0.1037976	1.113697	0.09344489	1.415269	1.430029	1.448256	0.2947048	0.1405025	0.4175931	-0.1324207	-0.2918275	0.140347	-0.746006	0.0923963	-1.607395	1.381445	2.410634	0.7489741	0.09741128	0.1377756	-0.1227395	0.5365107	1.101952	0.4241035	0.0555351	0.02759689	0.04998619	-0.2434006	-0.4976023	-0.1980961	-0.2832333	0.6437714	0.1282685	1.62507	2.961557	1.855778	0.7143025	1.281619	0.5961422	0.9342346	0.7527075	0.2650025	0.07445688	-0.2496271	0.0854106	-0.4049678	-0.5482264	-0.2245068	0.1186138	-0.796187	-0.2096918	-0.8194019	-0.4797564	-0.2351152	-0.1008253	0.788095	0.5424457	0.5275917	0.7727584	1.150842	0.4033315	0.06662334	0.2616405	-0.4712775	-0.8114068	-0.5054913	-1.376993	1.141712	-0.07137844	2.884369	7.08062	3.463277	-0.1012816	0.842612	0.05327461	0.9034903	1.380449	1.174564	0.003959146	-0.2578153	-0.2054104	-0.227574	-0.4041146	-0.5057305	1.016732	1.418535	0.5189187	2.507613	2.74136	3.602598	0.223296	0.8359312	0.5202231	0.8638451	1.630976	1.035316	0.08281842	-0.1708661	-0.0668235	-0.2559083	-0.4307465	-0.3613576	1.299041	2.840447	1.856951	1.449593	1.495746	2.137256
654.296875	-0.1448962	0.2151202	0.05002429	0.5987642	1.132076	0.3743114	-0.02553057	-0.1090404	-0.06589068	0.1361126	0.104951	0.0617891	0.566564	0.4386272	-0.5089546	3.062901	3.014194	1.169667	0.1506542	1.03411	0.03930752	1.362682	1.340534	1.290951	0.3115618	0.1566401	0.42258	-0.1027862	-0.2601696	0.1299461	-0.7889478	-0.0005247897	-1.638506	1.290225	2.361986	0.6537739	0.06553265	0.1726761	-0.1258959	0.5683227	1.138211	0.4627041	0.0274596	0.007621334	0.0287626	-0.2553762	-0.5088429	-0.200137	-0.1391826	0.8281942	0.2495168	1.736723	3.014063	1.981754	0.758117	1.286432	0.6255346	0.9184238	0.7427591	0.263732	0.06692643	-0.2462533	0.07712471	-0.4037569	-0.5265971	-0.2451238	0.2957746	-0.7502342	-0.1233519	-0.7897608	-0.4816161	-0.1929957	-0.112211	0.7521968	0.4877594	0.4298508	0.6570945	1.079812	0.4123131	0.08344903	0.2748541	-0.4721076	-0.8116485	-0.5308034	-1.226833	1.193461	-0.04369563	2.970712	6.960455	3.20531	-0.08226565	0.8636476	0.0969195	0.9276767	1.396968	1.204256	0.01510995	-0.2316713	-0.1951753	-0.1949756	-0.3509811	-0.4596411	0.934799	1.38103	0.3542506	2.530927	2.75261	3.50433	0.2994652	0.8127144	0.5285059	0.9558402	1.657722	0.9947307	0.08199714	-0.168188	-0.06381631	-0.2566503	-0.4134386	-0.3436121	1.280926	2.950295	2.009665	1.500069	1.521349	2.231743
656.25	-0.1284925	0.2135643	0.02276759	0.6088783	1.101094	0.3572792	-0.07068296	-0.1310062	-0.09583651	0.1154461	0.08362115	0.059453	0.5762854	0.599441	-0.4589777	2.939404	2.933301	1.083151	0.2455676	0.9908828	0.002183898	1.343816	1.298776	1.170164	0.2953582	0.1522128	0.3998762	-0.08310688	-0.2244197	0.09257786	-0.7971883	-0.01563541	-1.604991	1.241928	2.321594	0.647683	0.06929374	0.259745	-0.07891016	0.6234576	1.190366	0.535822	0.003293507	-0.02419954	0.01796564	-0.2983644	-0.5646479	-0.2285989	0.003496135	0.924242	0.3108672	1.74887	2.976363	2.024732	0.8012263	1.31604	0.6574637	0.9527161	0.7420472	0.2655222	0.08223013	-0.2220968	0.08213639	-0.392142	-0.5141892	-0.2536678	0.3538408	-0.7403544	-0.1142239	-0.7806045	-0.4398434	-0.1202392	-0.06675133	0.7576339	0.5152165	0.3675745	0.5486494	1.053359	0.4272816	0.09923212	0.297735	-0.4814019	-0.8259234	-0.551921	-1.048291	1.277403	0.1027733	3.006576	6.758265	2.905811	-0.0988479	0.8759692	0.1027319	0.9651422	1.46969	1.237584	0.03754142	-0.1886972	-0.1809559	-0.1650683	-0.2707562	-0.3904026	0.9912206	1.498212	0.3962533	2.610279	2.760801	3.487303	0.2890068	0.6453853	0.4296307	1.004359	1.670554	0.872986	0.09162939	-0.1324455	-0.04538123	-0.2390439	-0.371302	-0.3139593	1.274696	3.016824	2.108181	1.541498	1.520689	2.266476
658.203125	-0.136449	0.1949517	-0.03113816	0.5589067	1.021867	0.2992446	-0.08880532	-0.1688337	-0.1052739	0.07986133	0.01973294	0.03521809	0.4640748	0.6572455	-0.3950457	2.683105	2.746426	0.9800461	0.3471095	0.9888345	-0.01483913	1.353872	1.308705	1.103361	0.2367472	0.1119429	0.3285819	-0.08062124	-0.1873204	0.03220868	-0.7359664	0.07916985	-1.534066	1.296964	2.360516	0.7245428	0.1101828	0.3370242	-0.01068993	0.6626326	1.22435	0.6001963	-0.0165711	-0.0673996	0.01422093	-0.3688596	-0.6593108	-0.2876887	0.06390131	0.868368	0.2796638	1.602627	2.806089	1.936216	0.822584	1.352748	0.6680303	1.030601	0.7641147	0.2666928	0.1059682	-0.1996154	0.09106214	-0.3804174	-0.5166156	-0.2548246	0.2645589	-0.799296	-0.2056265	-0.8445774	-0.4058307	-0.1139657	0.01349256	0.7841815	0.5961502	0.3271138	0.4497205	1.050842	0.449041	0.1064496	0.3206662	-0.5046051	-0.8598502	-0.5734656	-0.8845869	1.338735	0.3470533	2.930156	6.448866	2.613693	-0.1159342	0.9398573	0.1182345	1.014332	1.586615	1.311935	0.07779184	-0.125995	-0.1503681	-0.1523125	-0.2031288	-0.3202918	1.141342	1.673621	0.6159323	2.617831	2.731155	3.508989	0.2263117	0.4725323	0.3028715	1.025706	1.701752	0.7752749	0.1180963	-0.06822325	-0.01734266	-0.202984	-0.3234101	-0.2794417	1.246243	2.992629	2.106786	1.519431	1.483113	2.247559
660.15625	-0.1498324	0.1677755	-0.05182587	0.4707249	0.9009625	0.2100127	-0.06984995	-0.2052936	-0.08546619	0.04040182	-0.06110075	-0.004935494	0.2539511	0.5619165	-0.3521369	2.349447	2.493648	0.876774	0.4023606	1.003	-0.01579532	1.356621	1.334942	1.071649	0.1750951	0.06087639	0.2411352	-0.08402883	-0.1582033	-0.03073986	-0.6324142	0.2140435	-1.485221	1.424092	2.467916	0.7981933	0.1464336	0.3397326	0.02014934	0.6620163	1.225034	0.6167663	-0.02313686	-0.09790969	0.01787964	-0.4304261	-0.7500662	-0.3512425	-0.004632445	0.6711717	0.1563915	1.340438	2.561456	1.737377	0.8363034	1.387111	0.6652474	1.118718	0.7971909	0.2595069	0.1207379	-0.1991223	0.09252191	-0.378322	-0.5341648	-0.2597794	0.09074451	-0.9237646	-0.3601727	-0.9963999	-0.4354132	-0.2339575	0.07199188	0.7975701	0.6746963	0.2628983	0.3701172	1.051295	0.4654842	0.09620451	0.3252592	-0.5387098	-0.9022844	-0.6012813	-0.7603632	1.338748	0.5843273	2.767974	6.0548	2.362848	-0.1350214	1.018972	0.134876	1.046053	1.689831	1.405822	0.1112349	-0.07849593	-0.120062	-0.169547	-0.1839964	-0.2808219	1.363826	1.892283	0.9521583	2.519076	2.683757	3.537952	0.1562792	0.3950911	0.2157981	1.036214	1.74007	0.7746586	0.1269174	-0.03770485	-0.0229903	-0.1705305	-0.3047443	-0.268141	1.276391	3.066432	2.166635	1.50553	1.494615	2.30776
662.109375	-0.1425581	0.1499415	-0.006511941	0.4036333	0.7866856	0.1254363	-0.02234713	-0.221052	-0.04559607	0.01237182	-0.1261872	-0.0460825	-0.01344937	0.3296576	-0.3851991	1.982521	2.231372	0.7715871	0.385401	1.001809	-0.008243163	1.321245	1.333952	1.040136	0.1680324	0.04655545	0.1985537	-0.0725588	-0.1456711	-0.07283312	-0.5318205	0.2895839	-1.497464	1.537902	2.558587	0.7827865	0.1355922	0.2590062	-0.01559558	0.6269177	1.19752	0.5817207	-0.009279336	-0.09156547	0.03246459	-0.4486318	-0.7983508	-0.3893101	-0.08180822	0.4784176	0.05546897	1.102306	2.344353	1.525427	0.861626	1.415662	0.6705183	1.178508	0.826067	0.2450963	0.1247033	-0.2200187	0.08628653	-0.3845963	-0.5612565	-0.2737581	-0.06293984	-1.06547	-0.5041314	-1.190498	-0.5370213	-0.4472882	0.07500269	0.7879258	0.7146795	0.1562997	0.3238061	1.051578	0.4661046	0.07294597	0.3061668	-0.5692907	-0.9319614	-0.6336657	-0.6745321	1.305388	0.7326784	2.616806	5.692937	2.20596	-0.13386	1.107465	0.1730341	1.05386	1.736248	1.505208	0.1283909	-0.05109218	-0.08765784	-0.2050663	-0.2132666	-0.2703753	1.546573	2.028922	1.193723	2.318106	2.637494	3.498323	0.07269076	0.3551193	0.1434156	1.018186	1.725332	0.8282073	0.1991879	0.09557867	0.05435563	-0.09546157	-0.2844855	-0.1947396	1.576946	3.611873	2.602391	1.681652	1.701664	2.641816
664.0625	-0.0958688	0.1496451	0.09045075	0.3853233	0.7082914	0.07069377	0.01597733	-0.227337	-0.01539983	-0.008898302	-0.1651756	-0.08208525	-0.2255391	0.09970602	-0.4773725	1.703088	2.049415	0.7092567	0.3135768	0.9695336	0.004211028	1.250311	1.283437	0.9857389	0.2428281	0.09697296	0.238638	-0.03661378	-0.1523481	-0.08620758	-0.4671021	0.2634628	-1.574996	1.577333	2.560293	0.6711881	0.06737717	0.1382125	-0.1009237	0.5787812	1.156676	0.5199043	0.02506688	-0.04527243	0.06054803	-0.4165484	-0.7925891	-0.3885885	-0.09821748	0.3695595	0.02605995	0.9857901	2.233376	1.375903	0.8984725	1.434796	0.6903402	1.199721	0.8464423	0.2305171	0.1338031	-0.2393459	0.08742654	-0.389864	-0.5905788	-0.2894199	-0.135508	-1.17123	-0.5823539	-1.357263	-0.6597369	-0.646292	0.03391686	0.7683688	0.7117153	0.04120788	0.3171552	1.0569	0.446055	0.04439597	0.2746488	-0.5907193	-0.9400672	-0.6686229	-0.6233605	1.297418	0.7851492	2.561429	5.512891	2.194034	-0.108769	1.182529	0.2349183	1.038922	1.719827	1.589399	0.1307397	-0.03339012	-0.05254706	-0.2384844	-0.2604646	-0.2689071	1.613438	2.005889	1.186378	2.081584	2.593472	3.360032	0.008187155	0.3249438	0.09020861	0.9873508	1.644207	0.8834819	0.1645063	0.05068658	0.008459423	-0.08083769	-0.3374335	-0.2141821	1.135744	2.9505	2.127376	1.485238	1.62939	2.29581
666.015625	-0.01786163	0.1644775	0.1900542	0.4053298	0.6685783	0.05199805	0.01846651	-0.2437692	-0.01540861	-0.03002566	-0.1873281	-0.1099176	-0.317896	-0.01957115	-0.5628043	1.585566	1.964639	0.7226357	0.2376247	0.92503	0.01425987	1.184664	1.209034	0.9120603	0.3615516	0.1829262	0.3349954	0.004814942	-0.1769708	-0.08878575	-0.4769437	0.1511143	-1.69572	1.542905	2.472583	0.5316935	-0.02261025	0.04558429	-0.1841664	0.5452219	1.125441	0.4698733	0.05785733	0.01163896	0.09203022	-0.3634874	-0.752841	-0.3603796	-0.05863756	0.3421909	0.05551419	0.9808508	2.209324	1.305942	0.9187781	1.437097	0.7037123	1.201028	0.8705924	0.2279363	0.1637251	-0.2315727	0.1112532	-0.3855317	-0.6104444	-0.2923465	-0.1583961	-1.22117	-0.5988586	-1.443829	-0.705907	-0.7128292	-0.004860321	0.7598142	0.6832351	-0.01395938	0.3415254	1.070549	0.4151992	0.02231123	0.2496311	-0.6000512	-0.9307511	-0.6991525	-0.6083226	1.356122	0.8104271	2.608313	5.5961	2.346233	-0.09153222	1.183885	0.2737839	1.001078	1.666874	1.623929	0.1314846	-0.02077049	-0.02336818	-0.2583584	-0.2976339	-0.2666765	1.630112	1.954708	1.05311	1.927351	2.547672	3.217038	0.1310858	0.5312679	0.244795	1.051835	1.604824	1.034167	0.1860997	0.0865014	0.04034235	-0.03588241	-0.3710493	-0.1892529	0.8433817	2.506996	1.807411	1.444332	1.659162	2.052247
667.96875	0.06330852	0.1854363	0.2468558	0.4219446	0.6378249	0.05188373	-0.01499627	-0.2803766	-0.04247021	-0.05324474	-0.2052439	-0.1277264	-0.3396923	-0.03404061	-0.5811344	1.605286	1.921326	0.8045229	0.1908218	0.8855654	0.005063971	1.159451	1.148816	0.8295962	0.4500652	0.2445273	0.4144544	0.02442442	-0.2047333	-0.1059537	-0.586771	0.02023423	-1.83202	1.497867	2.388047	0.4553671	-0.08346758	0.02018533	-0.2208997	0.5369027	1.115222	0.452518	0.07330543	0.04945238	0.1167295	-0.3248076	-0.7090986	-0.3221175	-0.03020729	0.3429249	0.08556196	1.005382	2.195803	1.280014	0.9043444	1.41905	0.6880609	1.209301	0.8987989	0.2361449	0.2101541	-0.1914698	0.1570926	-0.375755	-0.6092829	-0.2742592	-0.1800409	-1.216187	-0.5795099	-1.437294	-0.6359394	-0.614311	-0.00483039	0.7634025	0.6421791	0.03045991	0.373033	1.081104	0.389521	0.01062806	0.2461181	-0.606761	-0.9232571	-0.7194941	-0.6258581	1.471689	0.8775603	2.695371	5.872096	2.614548	-0.06851579	1.15387	0.3032223	0.9767236	1.626688	1.626506	0.158323	0.007483417	0.01095279	-0.2634137	-0.3225355	-0.2591601	1.602139	1.89517	0.9170474	1.869327	2.458465	3.102016	0.1527471	0.5025834	0.244545	1.052918	1.525899	1.010654	0.2449407	0.1608401	0.1086944	0.02141182	-0.3808495	-0.1519206	0.734884	2.321682	1.668465	1.524883	1.729052	1.948059
669.921875	0.1410202	0.2330117	0.2678184	0.4303066	0.6025953	0.06650381	-0.06170836	-0.324226	-0.07360686	-0.07360301	-0.2168469	-0.1314722	-0.3775392	-0.005121635	-0.5141987	1.683189	1.8698	0.9342293	0.1645435	0.8502005	-0.04825256	1.178152	1.131244	0.7451021	0.4437985	0.2299122	0.4062508	0.008999037	-0.2133671	-0.1502659	-0.7965962	-0.08076641	-1.969682	1.505945	2.409631	0.4699321	-0.08159661	0.05651478	-0.1987401	0.5530636	1.134912	0.4699759	0.0636478	0.05516585	0.122339	-0.3123744	-0.6699222	-0.281243	-0.1104709	0.3051455	0.04087181	0.9807445	2.13554	1.243457	0.8609685	1.383651	0.640346	1.228302	0.9189189	0.2426227	0.2488993	-0.139219	0.2052231	-0.3723225	-0.5827296	-0.2403961	-0.2194943	-1.16946	-0.5460381	-1.374746	-0.4867957	-0.4163878	0.03544891	0.767912	0.5952246	0.1520035	0.3933367	1.078066	0.3840405	0.008500304	0.2630356	-0.6148878	-0.9323347	-0.7264189	-0.6571776	1.591628	0.998357	2.737397	6.142956	2.888025	-0.04051942	1.107462	0.3172631	0.9744031	1.607938	1.594129	0.2223856	0.05277664	0.05710391	-0.2665893	-0.3645803	-0.2617339	1.568889	1.873302	0.9107564	1.888228	2.330159	3.031692	0.1547955	0.4093584	0.2089868	1.045787	1.476911	0.9215385	0.2200772	0.07321043	0.05437148	0.01170658	-0.4249994	-0.2189365	0.8385459	2.451857	1.779747	1.682942	1.789949	2.033249
671.875	0.1913627	0.3025603	0.2673142	0.4359468	0.5779196	0.08858261	-0.09701101	-0.3505867	-0.08797414	-0.08469597	-0.202328	-0.1178928	-0.5059469	-0.0148147	-0.4195985	1.704089	1.795375	1.061228	0.1179579	0.8006891	-0.1623968	1.215163	1.160763	0.6596667	0.3386919	0.1452566	0.2936982	-0.01834692	-0.1737965	-0.2053488	-1.054117	-0.1470258	-2.104063	1.583126	2.561598	0.5279865	-0.04001038	0.1099176	-0.1472097	0.5763758	1.177097	0.5084913	0.0481762	0.04826261	0.1145116	-0.308976	-0.6284143	-0.2348666	-0.3044525	0.225692	-0.08725846	0.9044555	2.021499	1.165108	0.8175191	1.340065	0.5824504	1.232951	0.9112819	0.2233405	0.257257	-0.1058781	0.2321357	-0.3853059	-0.544743	-0.2095045	-0.2370259	-1.090018	-0.4904825	-1.320501	-0.3579241	-0.237261	0.0810003	0.755997	0.5521904	0.2580748	0.3872514	1.054444	0.4031619	0.01238004	0.2896181	-0.6233298	-0.9602157	-0.7233549	-0.6690053	1.676507	1.122109	2.715786	6.233251	3.06755	0.02878307	1.106806	0.3586056	1.00089	1.599268	1.54484	0.3140412	0.093284	0.1157824	-0.2850506	-0.4588224	-0.2990449	1.609076	1.991924	1.108277	1.973149	2.242785	3.044137	0.1852579	0.3697591	0.222876	1.05236	1.45872	0.8590969	0.3062888	0.1526143	0.1278556	0.05072659	-0.4212011	-0.2064999	0.6340985	2.077986	1.56541	1.575187	1.59552	1.865066
673.828125	0.2222811	0.3894951	0.272229	0.464739	0.583979	0.1186422	-0.1093228	-0.3449286	-0.08287838	-0.08621907	-0.1516768	-0.09081933	-0.6905421	-0.07029015	-0.3777828	1.622075	1.742676	1.145023	0.02596347	0.7338347	-0.322201	1.2513	1.232674	0.5892436	0.188665	0.04475146	0.1224716	-0.01761212	-0.07354773	-0.2406794	-1.253756	-0.1883371	-2.225256	1.708376	2.782575	0.5632746	-0.0042473	0.1393356	-0.1050899	0.5859976	1.215436	0.5504448	0.04512233	0.04941197	0.1023246	-0.2935357	-0.5776383	-0.1869033	-0.511244	0.1611053	-0.2364951	0.8588823	1.921282	1.072524	0.7958231	1.297718	0.541657	1.194503	0.8718674	0.1647812	0.2297492	-0.1109462	0.225887	-0.4113616	-0.5165544	-0.1959508	-0.1827426	-0.9857119	-0.3950722	-1.330966	-0.3363601	-0.1582387	0.1021061	0.732006	0.526879	0.2769276	0.3608728	1.019486	0.4401489	0.01770552	0.3132043	-0.6271753	-0.9985685	-0.7239258	-0.6506816	1.719157	1.193097	2.654763	6.112155	3.129931	0.1178383	1.105058	0.3972309	1.012988	1.558683	1.444617	0.4150681	0.1249678	0.1920881	-0.3158689	-0.5952845	-0.3664103	1.654297	2.113721	1.300676	2.033598	2.232817	3.071066	0.2400601	0.3994066	0.2872925	1.068818	1.438262	0.8448935	0.3681751	0.1950641	0.182674	0.06133609	-0.4410839	-0.2191969	0.1483598	1.26524	1.085811	1.239638	1.227132	1.475466
675.78125	0.2526422	0.4721391	0.2940605	0.5153191	0.6212752	0.1493965	-0.1028189	-0.3212488	-0.07472933	-0.08882795	-0.0888819	-0.06784666	-0.8622925	-0.1453235	-0.4418026	1.438848	1.744469	1.158293	-0.09281314	0.6722898	-0.4791011	1.287698	1.335724	0.5613809	0.06776085	-0.0120552	-0.03208769	0.03244185	0.06675906	-0.2366288	-1.302514	-0.2021841	-2.317046	1.851876	2.977798	0.5586426	-0.01487157	0.131004	-0.1033994	0.569695	1.216138	0.580894	0.06513917	0.06529891	0.09643366	-0.2622186	-0.5272958	-0.1535686	-0.6013082	0.1627895	-0.3177882	0.897775	1.861955	0.999578	0.7907534	1.254955	0.5236701	1.110737	0.8124669	0.07193808	0.1873305	-0.1471698	0.1962197	-0.4350063	-0.5201909	-0.2045083	-0.03615886	-0.8652722	-0.2469707	-1.42381	-0.4435542	-0.1820305	0.09793895	0.7125119	0.5326749	0.1989829	0.3213834	0.9820822	0.4854979	0.02320427	0.3271045	-0.6191049	-1.034654	-0.7450808	-0.6048696	1.750523	1.190947	2.628413	5.904789	3.134483	0.1947416	1.057561	0.4051009	0.9794349	1.483967	1.28555	0.50074	0.1432616	0.2722172	-0.3414769	-0.7162685	-0.4419259	1.746311	2.262511	1.425702	2.064659	2.313077	3.145312	0.2482384	0.3850472	0.3023535	1.056676	1.378807	0.8171999	0.3956922	0.1966815	0.2158948	0.04987916	-0.4791799	-0.2499626	0.3896455	1.670379	1.533648	1.350669	1.278518	1.763795
677.734375	0.2902769	0.5133449	0.3204668	0.5481781	0.6463857	0.1581905	-0.09963168	-0.320575	-0.08563388	-0.1155998	-0.06701233	-0.07561294	-0.9389067	-0.1670491	-0.5656738	1.234188	1.794347	1.130853	-0.1948055	0.6352568	-0.5793558	1.325631	1.439481	0.5906767	0.02714814	-0.002102906	-0.1080852	0.1108359	0.1930961	-0.2010273	-1.193821	-0.1671771	-2.365543	2.000217	3.094589	0.5548079	-0.07949328	0.09828155	-0.1517971	0.5318626	1.159008	0.5861904	0.1130589	0.0911018	0.1078081	-0.2273576	-0.4969301	-0.1486509	-0.5003144	0.2422622	-0.274568	1.009307	1.838333	0.9719256	0.7772033	1.204547	0.5114146	1.010984	0.7475323	-0.0306149	0.157862	-0.1902544	0.1647105	-0.4456657	-0.5620272	-0.228479	0.1672989	-0.7489416	-0.06079056	-1.571093	-0.6333841	-0.2540379	0.08790469	0.7042122	0.5608485	0.08080029	0.2739815	0.9402747	0.5257832	0.02215763	0.3268576	-0.6023812	-1.058457	-0.7974069	-0.5596644	1.787628	1.143218	2.666824	5.764826	3.156806	0.230165	0.942404	0.3601306	0.9014629	1.410456	1.090657	0.5491344	0.1509943	0.3334068	-0.342973	-0.7573265	-0.4933999	1.756345	2.281415	1.343988	2.029645	2.421107	3.226753	0.2214351	0.3337845	0.2521281	1.031762	1.321642	0.7677515	0.4585516	0.2775365	0.3112666	0.06940895	-0.4771136	-0.2202562	0.077496	1.178558	1.20611	1.202084	1.204557	1.542603
679.6875	0.3718649	0.531794	0.3633922	0.5634973	0.6243556	0.1498714	-0.09365013	-0.3513631	-0.1080865	-0.1601968	-0.1212237	-0.1174246	-0.8884674	-0.07681944	-0.6511704	1.120628	1.852801	1.123718	-0.2200201	0.645695	-0.5813679	1.364023	1.510479	0.6686967	0.07565869	0.05462313	-0.08195831	0.1683017	0.2455472	-0.1613443	-1.018792	-0.07082967	-2.362311	2.145935	3.137739	0.5992938	-0.161703	0.07531357	-0.2263693	0.4955671	1.055264	0.5636539	0.1835342	0.1174568	0.1377614	-0.2022738	-0.4945966	-0.1677362	-0.2768502	0.3392362	-0.1460646	1.104901	1.810292	0.9715521	0.7292167	1.141168	0.4807883	0.9304003	0.6871614	-0.1062323	0.1568769	-0.2157037	0.149131	-0.4445811	-0.6287364	-0.2563772	0.3845854	-0.648252	0.1428944	-1.710013	-0.8476114	-0.3272336	0.09138235	0.6896773	0.5753621	-0.009060649	0.2093291	0.8734267	0.5578275	0.01023614	0.3079921	-0.5760075	-1.070626	-0.8768471	-0.5434663	1.813987	1.092955	2.730019	5.752381	3.216511	0.2022142	0.7709796	0.2589176	0.802843	1.378539	0.9057488	0.5526551	0.1503599	0.3525211	-0.3129551	-0.699078	-0.5058181	1.680519	2.235091	1.190431	1.996127	2.512833	3.356881	0.2739374	0.4167842	0.2651598	1.059637	1.352624	0.7865271	0.4328257	0.2280956	0.2940573	0.05212047	-0.4762736	-0.2433122	-0.1099736	0.9009747	0.9094605	1.196203	1.297673	1.412926
681.640625	0.4692571	0.5333329	0.4148349	0.5553282	0.5487714	0.1302743	-0.07055307	-0.3909684	-0.118258	-0.1999115	-0.2362344	-0.1754302	-0.7917478	0.09411162	-0.6368293	1.116741	1.862639	1.174176	-0.1568005	0.6847286	-0.4887664	1.374076	1.505166	0.7508776	0.1897444	0.1223791	0.03241457	0.1664376	0.1953265	-0.1423504	-0.8872766	0.06989889	-2.307102	2.270887	3.136747	0.6887075	-0.2046346	0.09600271	-0.2764767	0.486932	0.9433181	0.5270066	0.2699161	0.1431169	0.1812216	-0.1872303	-0.5082891	-0.1879425	-0.04466579	0.4128974	0.003460524	1.120483	1.758716	0.9749224	0.6594219	1.080031	0.4354077	0.8910215	0.6245722	-0.1332971	0.1764852	-0.2156178	0.151896	-0.4451526	-0.6939766	-0.2780989	0.5740211	-0.5669916	0.3336304	-1.788057	-1.035755	-0.3851526	0.1084097	0.6396815	0.5426502	-0.05210617	0.1087164	0.7589235	0.5763578	-0.02014124	0.2673075	-0.551418	-1.081567	-0.9655849	-0.5302768	1.831365	1.069225	2.798107	5.812006	3.275918	0.114184	0.5723901	0.1158119	0.7048934	1.381317	0.7631612	0.517851	0.1359548	0.3234919	-0.2648655	-0.5922871	-0.4909844	1.497701	2.131848	1.068339	2.025162	2.566705	3.501488	0.2628987	0.3838127	0.1792061	1.038746	1.38353	0.7437357	0.475768	0.3017954	0.3531651	0.08499401	-0.4114188	-0.1829632	-0.1188454	0.9355815	0.7706389	1.303438	1.473077	1.429325
683.59375	0.5773801	0.5633554	0.4833687	0.5769574	0.4695539	0.1306836	-0.02069623	-0.4000827	-0.09461596	-0.2109172	-0.3543613	-0.2214359	-0.7317443	0.2728356	-0.5381495	1.187465	1.818044	1.278224	-0.02895003	0.7319582	-0.3325126	1.336876	1.413465	0.7953239	0.3410129	0.1856965	0.2045716	0.1112773	0.0650115	-0.1469294	-0.8350879	0.2150423	-2.202921	2.347365	3.106953	0.7694631	-0.1963198	0.1532549	-0.2744479	0.5062261	0.8652567	0.4948493	0.3494065	0.1631067	0.2191808	-0.1778123	-0.5196908	-0.1924095	0.1082428	0.4523459	0.1179266	1.054396	1.678319	0.9537873	0.5988017	1.045415	0.3980956	0.8860051	0.5622649	-0.1131863	0.1974992	-0.1985778	0.1644635	-0.4553976	-0.733348	-0.2856085	0.7280511	-0.4994399	0.4918581	-1.784104	-1.191425	-0.4510303	0.1245933	0.5387351	0.4530497	-0.0794955	-0.04033256	0.5906435	0.5891682	-0.05880687	0.21203	-0.5227879	-1.102031	-1.03661	-0.5055802	1.827038	1.066733	2.814061	5.826365	3.266322	0.03526621	0.4538882	0.01735365	0.6384655	1.396726	0.707148	0.4704719	0.1202734	0.2749848	-0.2171187	-0.5216408	-0.4673472	1.308384	2.115096	1.098923	2.190697	2.642372	3.669016	0.2968729	0.4079015	0.1778482	1.015843	1.398756	0.748143	0.4155781	0.2160909	0.2799207	0.05336421	-0.3983034	-0.2076397	-0.1591319	0.9462852	0.6334542	1.330165	1.528983	1.421704
685.546875	0.6624935	0.6234303	0.549221	0.6505212	0.4412227	0.1596103	0.05279494	-0.3567325	-0.03803569	-0.1847375	-0.4230778	-0.241431	-0.6968948	0.4230574	-0.3962493	1.294049	1.771397	1.419666	0.112495	0.7703092	-0.153855	1.256558	1.262643	0.7888678	0.5089098	0.2547462	0.4002153	0.04592173	-0.08811183	-0.1593782	-0.802227	0.3297828	-2.062143	2.359216	3.043112	0.7900305	-0.1646661	0.2136261	-0.2215335	0.5216297	0.8248081	0.4778014	0.4098983	0.1772565	0.2448976	-0.1739839	-0.5302273	-0.1878045	0.1843541	0.4907878	0.1858539	0.9882554	1.601872	0.9127455	0.5726846	1.054091	0.3888009	0.899497	0.521678	-0.0686475	0.201519	-0.1832742	0.1731472	-0.4723441	-0.7382271	-0.2773102	0.8220195	-0.4559828	0.5883056	-1.736209	-1.309136	-0.5305911	0.1383995	0.4140291	0.3399384	-0.1175072	-0.2240515	0.4000425	0.607188	-0.08890957	0.1633386	-0.4892933	-1.146331	-1.073782	-0.445792	1.829135	1.076334	2.784114	5.731368	3.18106	-0.01595477	0.402739	-0.03445724	0.581839	1.374473	0.6983698	0.427379	0.0964953	0.2303804	-0.1895132	-0.5419929	-0.459853	1.20619	2.234607	1.25431	2.469102	2.786124	3.835769	0.3903955	0.5327794	0.3269657	1.003368	1.359392	0.8353899	0.3722006	0.1736621	0.2491077	0.01899647	-0.4092303	-0.2127248	-0.374887	0.693309	0.3921447	1.167988	1.375387	1.282598
687.5	0.6944247	0.6687323	0.5769793	0.7371386	0.4680883	0.18358	0.1254454	-0.284472	0.02550978	-0.1490675	-0.4446642	-0.2529674	-0.6427035	0.5057886	-0.2651924	1.364001	1.747385	1.539498	0.2251218	0.801493	0.0153147	1.163219	1.109727	0.7573295	0.6764908	0.3403895	0.5881552	0.0112598	-0.2145291	-0.1641185	-0.7102048	0.4057481	-1.917645	2.325328	2.958314	0.756346	-0.1492125	0.244519	-0.1479639	0.4979493	0.7906979	0.4706109	0.4397967	0.1787548	0.255001	-0.1805998	-0.5508195	-0.1994007	0.2198505	0.5445758	0.2136022	0.9996853	1.559167	0.8708991	0.5782747	1.09351	0.4022116	0.9206525	0.5209142	-0.03370509	0.1834601	-0.1856397	0.169924	-0.4863723	-0.7222288	-0.2579297	0.8314577	-0.4560755	0.6031694	-1.69478	-1.383944	-0.5973881	0.1642893	0.3211533	0.2549531	-0.1467867	-0.4005583	0.2451508	0.6459879	-0.08861422	0.1467076	-0.44314	-1.218601	-1.075209	-0.3340473	1.870089	1.075464	2.784044	5.546561	3.071717	-0.03764731	0.3727363	-0.0674568	0.5173353	1.300889	0.6765935	0.4032406	0.0860891	0.2213072	-0.179949	-0.6290774	-0.45877	1.158185	2.291176	1.306999	2.706809	2.940129	3.885064	0.2974136	0.3812637	0.3260159	0.8811967	1.172767	0.7947801	0.3456643	0.1778075	0.2714772	-0.01638452	-0.4460658	-0.1957104	-0.1026567	1.237476	0.8362758	1.265788	1.400862	1.628403
689.453125	0.6978003	0.6782668	0.5583366	0.8032118	0.5211352	0.1774174	0.184775	-0.2211935	0.07267739	-0.1292402	-0.4656014	-0.2844019	-0.5623183	0.4895011	-0.1685156	1.314841	1.725539	1.58731	0.2877079	0.825537	0.1578433	1.081471	0.9963637	0.7392931	0.8219748	0.431242	0.7394688	0.01338375	-0.2992004	-0.1617949	-0.5533923	0.4544421	-1.812698	2.289758	2.889693	0.7250754	-0.17414	0.2326918	-0.09589222	0.4287505	0.7346402	0.4573699	0.45811	0.1779498	0.2677732	-0.1928704	-0.588026	-0.2394606	0.2793841	0.6269965	0.2399779	1.114902	1.566534	0.8612142	0.5898058	1.123276	0.4096952	0.9441333	0.5474864	-0.03751574	0.1484141	-0.2104016	0.1530172	-0.4973171	-0.7110066	-0.2401931	0.7634158	-0.5059355	0.5501744	-1.698509	-1.433341	-0.6202669	0.226609	0.3109835	0.2415112	-0.1161766	-0.5283039	0.179858	0.7168099	-0.04748539	0.1753585	-0.3798683	-1.313137	-1.053751	-0.1935177	1.93997	1.051474	2.851233	5.330804	3.006315	-0.01952206	0.3848856	-0.07213657	0.4671015	1.220878	0.6372095	0.3968319	0.1019326	0.2514406	-0.1764108	-0.7059188	-0.4453943	1.204439	2.312763	1.27354	2.840997	3.057157	3.858507	0.3281647	0.4725893	0.5099239	0.8651425	1.066996	0.895482	0.3726741	0.2799718	0.3821147	-0.02266993	-0.4692093	-0.1203905	-0.4699492	0.6952996	0.4564903	1.018016	1.157835	1.420189
691.40625	0.6916665	0.6420943	0.5057132	0.8188305	0.568892	0.1347468	0.2344777	-0.1887535	0.1002458	-0.1334062	-0.5242271	-0.345971	-0.4041618	0.4669445	-0.0497833	1.221961	1.717001	1.601743	0.2957633	0.8328375	0.2554782	1.014357	0.9360678	0.7569771	0.9135157	0.4905456	0.8276126	0.02241178	-0.3564959	-0.1681113	-0.4247039	0.4819685	-1.784262	2.282552	2.874252	0.7414883	-0.2056369	0.2183622	-0.06651992	0.3599118	0.6661271	0.4389564	0.483505	0.189694	0.2944769	-0.1895522	-0.6150051	-0.2863069	0.392268	0.7330502	0.2987565	1.28875	1.627881	0.9092295	0.5832356	1.104142	0.3853477	0.9607219	0.5566885	-0.08952434	0.1083865	-0.2512656	0.1276294	-0.5177416	-0.7319701	-0.2422212	0.6451147	-0.5813398	0.4620845	-1.746111	-1.453177	-0.5679525	0.3264709	0.3840407	0.3027164	-0.007520551	-0.5968647	0.2144983	0.8136241	0.01991438	0.2355412	-0.3073385	-1.417325	-1.029226	-0.05189712	2.000287	0.992044	3.000414	5.127153	3.006812	-0.002806158	0.391639	-0.09044868	0.4364533	1.16424	0.5606971	0.3960738	0.1330433	0.2977377	-0.1724767	-0.7125694	-0.4165715	1.266131	2.237477	1.164984	2.851377	3.075087	3.754387	0.3331793	0.5440049	0.62021	0.8683129	1.038524	0.968903	0.338086	0.2686159	0.405402	-0.06339282	-0.5111172	-0.1003907	-0.03758845	1.405341	0.98312	1.317665	1.356142	1.919804
693.359375	0.693917	0.5926392	0.4579255	0.8049401	0.6134869	0.09539653	0.2910331	-0.1695964	0.1239553	-0.1314067	-0.5953039	-0.4073299	-0.2544347	0.4550963	0.07189684	1.133555	1.734482	1.60547	0.2444698	0.7995071	0.2814898	0.9456374	0.9153417	0.7981955	0.9228875	0.4860124	0.8343608	0.00830131	-0.3948522	-0.1950381	-0.4336311	0.4720015	-1.830863	2.289787	2.896663	0.7878607	-0.211741	0.2372122	-0.04974694	0.3522272	0.6453835	0.4324786	0.5209427	0.2244265	0.3303507	-0.1467445	-0.5876454	-0.2969908	0.5246672	0.8368164	0.3929464	1.436888	1.74158	1.021101	0.5619203	1.033671	0.3345574	0.958309	0.4973057	-0.1753576	0.07149892	-0.297299	0.09919515	-0.5642663	-0.7909815	-0.2738253	0.5532989	-0.6219757	0.3987882	-1.804335	-1.471407	-0.4621486	0.4321514	0.4857225	0.4052221	0.122423	-0.6406388	0.3045334	0.9160962	0.085903	0.297297	-0.2413942	-1.516623	-1.014625	0.07443829	2.027461	0.9101185	3.196873	4.949348	3.049874	0.02322697	0.4340539	-0.08318419	0.4447705	1.148617	0.491939	0.3935343	0.1539366	0.3322986	-0.1754078	-0.6582868	-0.3934107	1.243827	2.050424	1.034715	2.785432	2.970879	3.580189	0.2992738	0.5367364	0.6007895	0.8519002	1.071257	0.9666473	0.344109	0.2854044	0.4441806	-0.087505	-0.5272315	-0.06584854	-0.06523303	1.306293	0.859986	1.373909	1.343099	1.93739
695.3125	0.6974191	0.5749714	0.4482087	0.8159677	0.6980995	0.1215867	0.3549114	-0.1351168	0.1541899	-0.08989463	-0.6092561	-0.4213142	-0.1707526	0.4775275	0.1667656	1.137338	1.833096	1.634426	0.1238064	0.7087181	0.206291	0.8690273	0.9266155	0.8323599	0.8359531	0.4093531	0.7519649	-0.03239612	-0.3994192	-0.240391	-0.5917442	0.4123301	-1.903701	2.273815	2.898416	0.8002356	-0.1821999	0.3005002	-0.02727112	0.4284663	0.7205623	0.4578325	0.5513994	0.2738729	0.3548336	-0.06426211	-0.4860662	-0.2467993	0.6075455	0.8968479	0.4842334	1.488064	1.879075	1.169025	0.5356057	0.9450991	0.2798402	0.9232281	0.3763334	-0.2601276	0.0377712	-0.3400483	0.06966461	-0.6382156	-0.8629959	-0.3274846	0.5273971	-0.5781024	0.3862222	-1.845909	-1.475672	-0.3350548	0.511196	0.5538635	0.5012238	0.198276	-0.7080217	0.3793724	0.9956148	0.1243848	0.3343082	-0.2032744	-1.599194	-1.010895	0.1657383	2.023703	0.8213264	3.377053	4.804306	3.098626	0.05259136	0.497065	-0.04232187	0.4664882	1.141849	0.4496532	0.4057615	0.1614051	0.3554839	-0.1920575	-0.6005214	-0.3969189	1.110115	1.811476	0.9174091	2.739428	2.79476	3.360469	0.3047219	0.5567182	0.5773692	0.8227999	1.128408	0.9518303	0.3642949	0.2742724	0.4616718	-0.1251289	-0.5485639	-0.06144127	-0.1578176	1.080832	0.6754153	1.351401	1.243036	1.830652
697.265625	0.6715705	0.5985465	0.4683954	0.879815	0.8435404	0.23665	0.4070836	-0.07519756	0.1804308	0.003657917	-0.5139239	-0.361687	-0.1426116	0.5340866	0.2004472	1.295507	2.043059	1.703222	-0.06736638	0.572898	0.02087419	0.8068856	0.9849127	0.8421966	0.6648088	0.2826977	0.5874959	-0.07487299	-0.3422098	-0.2890917	-0.7938932	0.3224485	-1.937455	2.215759	2.834055	0.7381399	-0.1468272	0.3747369	-0.001890184	0.5451732	0.8776125	0.5116128	0.5381637	0.3071765	0.3422288	0.02171255	-0.3449657	-0.1600163	0.598283	0.8806273	0.5184559	1.43189	1.991289	1.302538	0.5113713	0.8847713	0.2438564	0.8588589	0.2565036	-0.3077892	0.0002691665	-0.3800276	0.03583541	-0.718955	-0.9048421	-0.3823783	0.5573185	-0.4517269	0.4100076	-1.8575	-1.448016	-0.2239611	0.5438312	0.5500024	0.5557262	0.1709213	-0.8260353	0.3823748	1.035474	0.1321015	0.3434765	-0.2016629	-1.653655	-1.007237	0.1960003	2.021536	0.7382091	3.487688	4.735265	3.164629	0.09622712	0.5654674	0.03133385	0.4798187	1.119114	0.4414309	0.4424738	0.1529598	0.3708313	-0.2278236	-0.5902838	-0.4381749	1.014687	1.754399	0.9335711	2.828663	2.659006	3.225221	0.3312623	0.5882951	0.6043959	0.7561271	1.143278	0.941442	0.41906	0.2833667	0.5061809	-0.1693446	-0.5683109	-0.06543156	-0.1752758	0.9827056	0.6526289	1.302671	1.114082	1.746935
699.21875	0.5822288	0.6213005	0.4760506	0.9524698	1.000652	0.3920973	0.414159	-0.02203355	0.180642	0.1071669	-0.3458008	-0.2573389	-0.1506569	0.5621415	0.1558832	1.55814	2.302636	1.770521	-0.3024689	0.4297671	-0.2390703	0.7959027	1.105718	0.834049	0.4447635	0.1394577	0.3647785	-0.09479387	-0.218224	-0.3267483	-0.9018525	0.2650841	-1.893849	2.151814	2.741459	0.6454484	-0.1475332	0.4121794	0.007844888	0.6199057	1.029654	0.5600067	0.4684842	0.3025647	0.2918354	0.06644125	-0.2342206	-0.09097045	0.5174723	0.7989996	0.4659497	1.327047	2.039986	1.382827	0.4776525	0.8706551	0.2223833	0.7900975	0.2190147	-0.303189	-0.05262219	-0.4253605	-0.008951285	-0.7803249	-0.8818786	-0.4165699	0.5740327	-0.3229983	0.4153226	-1.856059	-1.380975	-0.1546925	0.5375919	0.4855315	0.5551472	0.07803711	-0.9656179	0.3087102	1.038999	0.1285982	0.3406906	-0.2230584	-1.665767	-0.9885731	0.1310221	2.013475	0.6365151	3.483742	4.75123	3.260159	0.149675	0.6118031	0.1030356	0.4813093	1.095431	0.4548915	0.4751913	0.09770658	0.3518699	-0.2884133	-0.6249312	-0.516892	0.916886	1.723939	0.8915382	2.966822	2.589608	3.133513	0.2759074	0.4996948	0.5959256	0.6246296	1.087965	0.8926569	0.417207	0.199231	0.4865685	-0.2533093	-0.5964316	-0.1256718	-0.04407716	1.149712	0.8651175	1.306112	1.074439	1.804534
701.171875	0.4405524	0.6019326	0.4326018	0.9754103	1.088402	0.5065302	0.3688029	-0.01114942	0.1482208	0.1667484	-0.2094448	-0.1683555	-0.1378707	0.5433053	0.08189106	1.838289	2.505862	1.808802	-0.5245116	0.3237365	-0.4995219	0.8529097	1.27716	0.8314087	0.2217966	0.004258581	0.1212762	-0.09264759	-0.06179832	-0.35136	-0.8755905	0.2963704	-1.798463	2.140711	2.727599	0.6252276	-0.2041037	0.389819	-0.01439527	0.6017734	1.09447	0.5693442	0.3716739	0.2670842	0.2326451	0.05278217	-0.2057386	-0.07897827	0.4314545	0.7067932	0.3420622	1.264205	2.03723	1.407264	0.4150077	0.8784232	0.1909234	0.7389128	0.2947629	-0.2605831	-0.1245902	-0.4822642	-0.06614718	-0.8113116	-0.8001994	-0.4262601	0.4972614	-0.3003377	0.3477145	-1.868299	-1.281929	-0.129398	0.5255323	0.4156696	0.5094197	0.02776248	-1.057556	0.2057707	1.024312	0.1393234	0.3432869	-0.2371701	-1.621395	-0.9456797	-0.01936284	1.987369	0.4910296	3.397498	4.833404	3.398203	0.1665567	0.5695313	0.08587725	0.4780773	1.10153	0.4433707	0.5088395	0.05209859	0.3305093	-0.3366426	-0.6274329	-0.5696654	0.9463814	1.84645	0.890152	3.146137	2.650085	3.190876	0.2385928	0.4847703	0.6668943	0.5380771	1.095775	0.9342854	0.4298559	0.1756842	0.5015201	-0.2988253	-0.5493617	-0.1313518	-0.1552832	0.9233271	0.7323942	1.204368	1.025762	1.665205
703.125	0.2858692	0.5288025	0.3327429	0.9155003	1.061968	0.5267155	0.3060708	-0.04090254	0.1103489	0.1579302	-0.1911728	-0.1359147	-0.07693401	0.5124595	0.04480654	2.050458	2.575913	1.817641	-0.6632412	0.2849461	-0.6781208	0.9559227	1.450846	0.8523083	0.03420739	-0.1150185	-0.1025173	-0.09255333	0.07211021	-0.3725034	-0.8233114	0.3901283	-1.726248	2.192394	2.864132	0.7435001	-0.276909	0.34919	-0.04298816	0.5248194	1.071712	0.5497401	0.3067064	0.2392232	0.2072818	0.01204884	-0.2447613	-0.1087513	0.4156937	0.6938738	0.2246675	1.316199	2.055603	1.422637	0.3269261	0.8670096	0.1346943	0.7112384	0.4239211	-0.2179591	-0.2079823	-0.5470966	-0.1287128	-0.8259095	-0.7009727	-0.422737	0.3092015	-0.4441321	0.1990926	-1.911319	-1.192165	-0.1514594	0.527571	0.3867084	0.4383935	0.09493121	-1.046674	0.1329823	1.002358	0.1672483	0.3460873	-0.2242247	-1.517835	-0.8844875	-0.2205402	1.899938	0.3031556	3.251691	4.89299	3.530038	0.1671102	0.5238771	0.01044931	0.5307942	1.193999	0.4386251	0.5074494	0.008660183	0.2869743	-0.3572556	-0.5361741	-0.570873	0.9937235	1.928967	0.8356705	3.262346	2.801578	3.302747	0.2359809	0.567421	0.7744126	0.5367405	1.241995	1.075571	0.3758282	0.09564758	0.4399943	-0.3288137	-0.4439476	-0.1320117	-0.07621907	0.9964877	0.7441883	1.300961	1.192894	1.709311
705.078125	0.1662187	0.4349726	0.2084404	0.8083403	0.9642532	0.467002	0.2780785	-0.06536011	0.1069687	0.1125831	-0.2742301	-0.1444614	-0.01075052	0.505838	0.05269155	2.131079	2.521374	1.796962	-0.6767522	0.3109086	-0.7314563	1.053823	1.567348	0.8881921	-0.09844501	-0.2166357	-0.2758146	-0.1157603	0.1499842	-0.3991355	-0.8857431	0.4617684	-1.733263	2.250087	3.113928	0.9706371	-0.3076392	0.353065	-0.03795328	0.4807831	1.054652	0.5532067	0.3072063	0.2495148	0.2307058	-0.005884327	-0.285348	-0.1297978	0.4949496	0.8132929	0.2045254	1.476143	2.161175	1.482967	0.2281854	0.812909	0.05639109	0.6847478	0.5198652	-0.2024937	-0.2778728	-0.6014649	-0.1764793	-0.8457738	-0.6400346	-0.4218478	0.08930244	-0.7074975	0.02834711	-1.973424	-1.175668	-0.2328038	0.540617	0.4114866	0.362483	0.2668638	-0.9276354	0.1255621	0.9754942	0.1958529	0.3293832	-0.1814504	-1.373756	-0.8211643	-0.4016455	1.757399	0.1283378	3.101318	4.851896	3.596766	0.1477335	0.5090499	-0.09072743	0.6465561	1.365967	0.4579987	0.4810508	0.002488138	0.2464851	-0.3302776	-0.3394244	-0.502564	0.9749362	1.899861	0.7220382	3.297859	3.00437	3.380464	0.08913396	0.4221704	0.6414768	0.4991832	1.417158	1.108424	0.3315074	0.06728005	0.3802606	-0.3039225	-0.2813782	-0.07932983	0.07764713	1.167881	0.7606061	1.51237	1.449858	1.800158
707.03125	0.09203608	0.3595684	0.0983594	0.7170101	0.9027516	0.3964108	0.311028	-0.03715838	0.1539349	0.08944929	-0.3532825	-0.1406499	0.02050814	0.5635448	0.06681623	2.102568	2.457434	1.767079	-0.5785059	0.3697833	-0.6804518	1.101406	1.595109	0.9055309	-0.1802849	-0.2994373	-0.3889143	-0.1615733	0.1799034	-0.4316525	-1.118099	0.4074889	-1.81752	2.218198	3.329384	1.184164	-0.2588191	0.4354853	0.02426932	0.5432927	1.147962	0.6304822	0.359041	0.2918067	0.2803051	0.02124463	-0.2729673	-0.1081183	0.6634574	1.057493	0.3555692	1.663966	2.347943	1.612781	0.1494061	0.7339564	-0.01542673	0.6363398	0.5183322	-0.221839	-0.3068905	-0.6264108	-0.1901302	-0.878345	-0.6488177	-0.4308678	-0.06946538	-0.974592	-0.09741037	-2.032202	-1.233674	-0.3553259	0.5514297	0.4733636	0.299222	0.4666529	-0.7442702	0.1814277	0.9356126	0.2008545	0.2763305	-0.1300185	-1.222327	-0.7713885	-0.5296385	1.59796	0.04317921	2.961596	4.707499	3.58019	0.1242781	0.551551	-0.1616194	0.7953122	1.562761	0.5239818	0.4414311	0.02847051	0.2146118	-0.2652398	-0.09806737	-0.3977622	0.9418642	1.893122	0.6694812	3.330677	3.231215	3.416488	0.1164776	0.5486854	0.6685954	0.5702865	1.667626	1.278408	0.2756526	0.0223569	0.2893785	-0.2706686	-0.1468651	-0.04214212	0.1113761	1.147285	0.6264062	1.65673	1.619717	1.776069
708.984375	0.04126969	0.3113755	0.02846867	0.676818	0.942217	0.3686994	0.3782805	0.042247	0.2231449	0.120879	-0.3279292	-0.08802896	-0.0149802	0.6470994	0.02592662	2.00988	2.470787	1.717347	-0.4313259	0.4237173	-0.5957691	1.091782	1.556306	0.8738937	-0.2198974	-0.3516088	-0.4468304	-0.2037766	0.1999067	-0.4595358	-1.42209	0.2100143	-1.914834	2.059407	3.377821	1.269264	-0.1563959	0.5541796	0.1102411	0.6960545	1.360795	0.7681239	0.3959528	0.3121871	0.2997193	0.06273721	-0.2141634	-0.06827949	0.8329576	1.303067	0.6332006	1.754173	2.524638	1.764794	0.09989352	0.667419	-0.06101628	0.5625568	0.4418075	-0.255023	-0.282425	-0.6149654	-0.1641307	-0.9048505	-0.7114948	-0.4427125	-0.09363603	-1.126102	-0.1258805	-2.066155	-1.33565	-0.4850034	0.5458406	0.5412195	0.2626014	0.6064966	-0.5543424	0.2753677	0.8800641	0.1759353	0.1949147	-0.09328418	-1.094804	-0.7380339	-0.6190322	1.474477	0.07071678	2.842401	4.55224	3.532962	0.1135717	0.6196867	-0.1830439	0.929145	1.721506	0.6244862	0.4003749	0.06691325	0.1871617	-0.185777	0.110582	-0.3024301	0.8982091	1.927062	0.6394527	3.404026	3.442662	3.387894	-0.02803464	0.3762412	0.4776387	0.5004401	1.717991	1.244875	0.2915637	0.07237188	0.2790559	-0.212742	-0.05883425	0.01483136	0.3494211	1.479432	0.8017149	1.882827	1.828733	1.942619
710.9375	-0.02672092	0.2487428	-0.01310542	0.6524614	1.040205	0.3651094	0.4357729	0.1242681	0.2716416	0.189253	-0.1995661	-0.005899605	-0.08073597	0.7032599	-0.06360089	1.913523	2.559078	1.654525	-0.3134261	0.4443591	-0.5467411	1.05342	1.502891	0.7882435	-0.2233701	-0.3670841	-0.4601398	-0.2199761	0.2317888	-0.4752735	-1.631649	-0.03269986	-1.956383	1.843503	3.26312	1.206204	-0.07767121	0.6116224	0.139675	0.8436037	1.590139	0.8816401	0.3756605	0.2663339	0.2597608	0.06662435	-0.1730023	-0.07236849	0.9957821	1.458619	0.9732736	1.681196	2.558317	1.864632	0.06898269	0.6367789	-0.08309149	0.4890869	0.3652725	-0.2779931	-0.2172923	-0.5791467	-0.1136232	-0.8977237	-0.7821991	-0.4472938	0.01322549	-1.123447	-0.05394787	-2.067221	-1.432645	-0.5710939	0.5243493	0.5985321	0.2645333	0.658249	-0.3841969	0.3875571	0.8219833	0.1429676	0.1182283	-0.07315089	-0.9986488	-0.7072918	-0.7314789	1.39466	0.1339633	2.735016	4.516175	3.537198	0.1284246	0.6883166	-0.1671039	1.024344	1.818703	0.7370988	0.3754422	0.1138937	0.1672777	-0.1070485	0.2546532	-0.2353815	0.8543995	1.936898	0.5720913	3.505982	3.582521	3.29959	-0.03662061	0.4222704	0.4921783	0.4680834	1.684968	1.287437	0.2518185	0.00731629	0.2034908	-0.2119442	-0.07677787	-0.02731679	0.449746	1.612363	0.8514833	1.989673	1.959728	2.020627
712.890625	-0.1261512	0.1276509	-0.04342905	0.5736743	1.072009	0.3174535	0.4499518	0.1449156	0.2735066	0.2329437	-0.06972453	0.04110498	-0.1430256	0.6620097	-0.1524273	1.822463	2.617151	1.578844	-0.275071	0.4267731	-0.5560362	1.023792	1.475771	0.6782185	-0.1799461	-0.3411068	-0.4301648	-0.2047572	0.2645913	-0.4780656	-1.67986	-0.1998962	-1.936383	1.689224	3.119271	1.072428	-0.09786745	0.5286525	0.04559386	0.8918261	1.712182	0.8809769	0.3021614	0.1475489	0.1692014	0.008859354	-0.1976916	-0.1616041	1.166258	1.49088	1.2797	1.490551	2.425018	1.873025	0.04932124	0.6368451	-0.09495845	0.4563118	0.3445306	-0.283269	-0.1455281	-0.5428121	-0.06699378	-0.8459396	-0.8170996	-0.4408015	0.1695501	-1.025687	0.06918087	-2.039642	-1.48113	-0.5718731	0.5076582	0.6547294	0.3075734	0.6708889	-0.2274895	0.5098662	0.7871699	0.1403922	0.08473908	-0.04538406	-0.9155838	-0.6576913	-0.9016972	1.320806	0.09943365	2.643092	4.654675	3.620492	0.1524886	0.7115161	-0.1749868	1.085121	1.866192	0.8134362	0.329852	0.103534	0.101961	-0.05585361	0.3455579	-0.2173565	0.8747394	1.972923	0.5073566	3.651548	3.671623	3.25581	0.04337079	0.6230933	0.6556575	0.4730785	1.615718	1.387582	0.2803879	0.05217684	0.2212557	-0.1680922	-0.08440218	-0.02408996	0.4181776	1.52915	0.7307346	2.020617	2.066455	1.991134
714.84375	-0.219262	-0.03281249	-0.06449828	0.4346378	0.9717846	0.189711	0.4360354	0.09176523	0.2444251	0.2158071	-0.03587407	0.007422433	-0.1354053	0.5666496	-0.154422	1.775295	2.577369	1.548826	-0.3037523	0.400896	-0.5817254	1.031636	1.485875	0.5907651	-0.07699854	-0.2772808	-0.3527308	-0.1716318	0.2665392	-0.4761007	-1.629059	-0.2078808	-1.902829	1.686547	3.11524	0.9882401	-0.211055	0.3297669	-0.1492283	0.8364194	1.700202	0.7612551	0.2270443	0.002767107	0.07259396	-0.07833795	-0.2664167	-0.3056585	1.330335	1.433615	1.471196	1.292144	2.218913	1.808027	0.0278086	0.6413002	-0.11911	0.4806289	0.4056197	-0.2691707	-0.09827678	-0.5197326	-0.04556917	-0.7656522	-0.8009498	-0.4252048	0.2877201	-0.9269387	0.1812883	-1.982941	-1.475325	-0.4933667	0.5116053	0.7206525	0.3802565	0.70407	-0.07007283	0.6331872	0.7906028	0.1904507	0.1087079	0.01424816	-0.8162391	-0.5772417	-1.11899	1.192244	-0.122426	2.557856	4.903739	3.717401	0.1755388	0.7075007	-0.2211612	1.14023	1.897533	0.8432729	0.2770898	0.07521822	0.01994975	-0.01254782	0.43917	-0.2033108	0.9258306	1.952725	0.4302255	3.793869	3.731955	3.261418	-0.04545298	0.5525436	0.6067376	0.4002426	1.491897	1.332465	0.1822123	-0.09000971	0.08615172	-0.1696943	-0.1146101	-0.1184406	0.476416	1.564111	0.679257	2.132385	2.241622	1.998886
716.796875	-0.2793136	-0.1819296	-0.08506668	0.2904701	0.800817	0.01227119	0.4323597	0.01543288	0.2211026	0.1598006	-0.08360196	-0.08118165	-0.0926112	0.4628546	-0.07515414	1.749896	2.463475	1.593839	-0.347851	0.4072246	-0.5590972	1.079485	1.513743	0.5597419	0.08376316	-0.183175	-0.2293828	-0.1335534	0.2228732	-0.478007	-1.641241	-0.1188051	-1.927026	1.792315	3.278284	0.999983	-0.3611915	0.1153343	-0.3600028	0.7636928	1.668231	0.6221582	0.1802507	-0.1195595	-0.003602117	-0.135587	-0.2895251	-0.4183712	1.466447	1.374823	1.540874	1.204942	2.113124	1.750638	0.01914962	0.6391845	-0.1502426	0.5503784	0.5115475	-0.2468628	-0.08827316	-0.5059378	-0.05228318	-0.6860565	-0.7427337	-0.3994007	0.3124846	-0.8904579	0.2308748	-1.892437	-1.416826	-0.3814478	0.5480488	0.8063563	0.4557138	0.8066713	0.09564412	0.7464025	0.8282014	0.2839834	0.1718105	0.1132223	-0.685128	-0.4749263	-1.297623	1.013993	-0.4817293	2.509569	5.12768	3.724398	0.1686607	0.6873179	-0.2921903	1.194722	1.924789	0.8410029	0.2083922	0.02648306	-0.07531581	0.02849302	0.5549753	-0.1827259	0.9101754	1.744543	0.2653491	3.842377	3.762525	3.217937	-0.1304963	0.4816785	0.5312294	0.370181	1.451828	1.289012	0.1943944	-0.0262303	0.08383062	-0.06985017	-0.03723114	-0.08996306	0.6648378	1.766406	0.7553639	2.336001	2.425899	2.017812
718.75	-0.2922178	-0.2437904	-0.107503	0.2452018	0.7318295	-0.1107833	0.4595459	-0.008813541	0.2225628	0.1387643	-0.07914259	-0.135554	-0.02778362	0.4500214	0.03797166	1.776909	2.418103	1.740678	-0.3577931	0.4681938	-0.4537882	1.151302	1.534821	0.5794466	0.2724913	-0.07089828	-0.08066695	-0.09063609	0.1563397	-0.4867189	-1.791367	-0.0439428	-2.020889	1.89035	3.490441	1.066268	-0.4816429	-0.008820118	-0.4972215	0.7731647	1.769548	0.5959727	0.1563731	-0.1925628	-0.055475	-0.1262558	-0.1940791	-0.4209183	1.484789	1.332603	1.490483	1.252489	2.218629	1.756992	0.02410932	0.6398357	-0.1760815	0.6301206	0.6382877	-0.2116746	-0.1025178	-0.4863309	-0.07180667	-0.6238124	-0.6622549	-0.3584306	0.2556218	-0.905318	0.200727	-1.743928	-1.297719	-0.2858934	0.6047672	0.8985413	0.5098772	0.9581699	0.2565986	0.8367091	0.8791751	0.3885869	0.2402216	0.2331231	-0.5317697	-0.3734675	-1.370826	0.8435122	-0.8173676	2.506955	5.222327	3.591282	0.1526412	0.7154311	-0.298569	1.252667	1.943785	0.8678964	0.1421459	-0.01372208	-0.1517694	0.07793543	0.6790482	-0.1525695	0.8963367	1.536301	0.1420018	3.794885	3.80048	3.144032	-0.1950993	0.4290731	0.4542152	0.3788031	1.479887	1.269659	0.1976506	0.02977245	0.0639957	0.02996643	0.05400893	-0.0719785	0.6823053	1.670081	0.6564562	2.391106	2.390986	1.795385
720.703125	-0.2956253	-0.2035623	-0.1509801	0.3446083	0.898847	-0.09553016	0.4801101	0.03535525	0.2207047	0.1974929	0.1027412	-0.08653136	0.01292069	0.5431778	0.1028489	1.841529	2.54823	1.948207	-0.3202951	0.5752397	-0.2933192	1.227283	1.544697	0.6160775	0.4407845	0.04545176	0.05760282	-0.03177078	0.1136368	-0.4959333	-2.011444	-0.07336918	-2.128688	1.879809	3.572497	1.091824	-0.5400689	-0.005454251	-0.5305691	0.8947705	2.05804	0.7418438	0.108492	-0.2344212	-0.1082724	-0.0681744	0.01205955	-0.3069426	1.407155	1.341516	1.422683	1.388255	2.485365	1.846351	0.04060492	0.6609322	-0.1784014	0.6898466	0.7628878	-0.163237	-0.125479	-0.4553975	-0.09092025	-0.5767086	-0.5662526	-0.2956311	0.1646281	-0.9206849	0.1046937	-1.523463	-1.098325	-0.2185621	0.6666668	0.9835747	0.5368738	1.122936	0.401444	0.9107407	0.9252196	0.4749143	0.2919427	0.3473587	-0.3829938	-0.2938024	-1.307715	0.7712544	-0.9615821	2.565506	5.176495	3.372276	0.1233263	0.7709834	-0.2229842	1.291971	1.939011	0.9396422	0.08960059	-0.03506914	-0.1969004	0.1328594	0.7784364	-0.1312706	0.842838	1.312255	-0.001648454	3.603758	3.81085	2.974685	-0.1062099	0.5993171	0.5605394	0.4778754	1.562052	1.367325	0.1313782	-0.04722951	-0.04059789	0.05022602	0.07548109	-0.1471888	0.6640458	1.534971	0.5988711	2.341653	2.204301	1.531071
722.65625	-0.3278652	-0.1012134	-0.2273734	0.5444404	1.273742	0.06024504	0.4487218	0.1124148	0.1796063	0.3330464	0.4703347	0.0686091	0.02572475	0.6950809	0.09890554	1.910047	2.816869	2.142338	-0.2707287	0.6859507	-0.1485344	1.288286	1.552544	0.6375245	0.5444357	0.1496225	0.153433	0.04875923	0.126052	-0.4954182	-2.1123	-0.1652244	-2.164524	1.790514	3.461112	1.017452	-0.5591137	0.06712972	-0.5076479	1.057333	2.419387	0.987162	0.009145836	-0.2702163	-0.1740884	-0.0107609	0.2350138	-0.1448291	1.27665	1.368478	1.387528	1.525347	2.768421	1.968357	0.05096841	0.7014729	-0.1540305	0.7128866	0.8754089	-0.1053945	-0.1463804	-0.4253727	-0.105776	-0.5327039	-0.4623328	-0.2205055	0.09961955	-0.8863509	-0.01184849	-1.241673	-0.8208606	-0.141694	0.7243847	1.058713	0.5578709	1.27428	0.5309573	0.9958313	0.9670238	0.5381333	0.3312722	0.4435373	-0.2659058	-0.2423607	-1.169745	0.8073405	-0.8888864	2.641573	5.059003	3.169839	0.07277986	0.795644	-0.1160471	1.294125	1.902047	1.018009	0.05790237	-0.0447639	-0.2185683	0.1807953	0.8296565	-0.1410937	0.7821236	1.13511	-0.1276905	3.291822	3.766203	2.758845	-0.2656317	0.3123053	0.3533636	0.400393	1.437422	1.177133	0.09615853	-0.1073008	-0.09273263	0.02591938	0.042783	-0.2324927	0.5356114	1.244451	0.4723908	2.142788	1.893733	1.225917
724.609375	-0.4089848	-0.01617019	-0.3324032	0.7185621	1.662877	0.2619989	0.3463422	0.1513167	0.08960001	0.4739442	0.8678277	0.2459657	0.0436677	0.8322744	0.0700198	1.948594	3.055837	2.256899	-0.253827	0.7622066	-0.07463016	1.32644	1.570849	0.6447292	0.5681986	0.232215	0.1956856	0.1438372	0.1905011	-0.4753136	-1.954319	-0.2044978	-2.088703	1.749819	3.250269	0.8612074	-0.5868624	0.1108474	-0.5067723	1.153776	2.663078	1.185852	-0.1194906	-0.3057891	-0.2392433	0.01039627	0.3678189	-0.02454827	1.221663	1.431819	1.439883	1.626752	2.930133	2.075399	0.04403122	0.7386709	-0.1122018	0.6980057	0.9532875	-0.05641959	-0.1700478	-0.4192605	-0.1247091	-0.493214	-0.3639465	-0.1569722	0.1157844	-0.7917502	-0.08469506	-0.9366869	-0.5335273	-0.02597856	0.7789872	1.134054	0.6050782	1.405445	0.651437	1.115903	1.0179	0.5928996	0.3808544	0.5232897	-0.1960202	-0.2119804	-1.00326	0.9174241	-0.7066771	2.733847	4.956204	3.063317	0.008044017	0.7658977	-0.04684125	1.263879	1.852515	1.051933	0.03726478	-0.07300901	-0.2453185	0.1997654	0.828061	-0.1963702	0.7456522	1.058209	-0.18667	2.965905	3.689025	2.591576	-0.2212433	0.2923404	0.3771484	0.4113808	1.313713	1.089725	0.05926328	-0.1996131	-0.1309361	-0.05300861	-0.04863241	-0.3384985	0.786311	1.570837	0.8227577	2.124391	1.769927	1.334209
726.5625	-0.4993159	0.01579165	-0.4284568	0.7821705	1.852507	0.3985726	0.2148125	0.1167063	-0.01111413	0.5449827	1.096235	0.3465027	0.1045322	0.9070152	0.08343065	1.942932	3.091221	2.271741	-0.2760424	0.8097031	-0.06473742	1.353471	1.607587	0.6773967	0.5342776	0.2968815	0.2019286	0.2380056	0.2764492	-0.4291404	-1.552017	-0.0873749	-1.939949	1.881372	3.117739	0.7060444	-0.6480072	0.07333539	-0.567629	1.134906	2.683928	1.239277	-0.2110111	-0.3136519	-0.2683843	0.005887784	0.3718832	0.01272763	1.281836	1.528854	1.546041	1.69513	2.938885	2.137322	0.02744371	0.7527953	-0.06345095	0.649389	0.966813	-0.03325837	-0.2016522	-0.4455984	-0.1514637	-0.4737128	-0.2949993	-0.1285067	0.1942312	-0.6734792	-0.08980577	-0.6786614	-0.3015897	0.138309	0.8285092	1.210904	0.6883515	1.504658	0.7543621	1.254266	1.086404	0.6511461	0.4560041	0.5874098	-0.1747247	-0.196428	-0.8652939	0.9918367	-0.5838743	2.792824	4.892767	3.019385	-0.07888348	0.6647455	-0.07857648	1.194054	1.801343	0.9965082	0.03664903	-0.1134925	-0.2728708	0.1834235	0.789483	-0.2768559	0.7313929	1.036422	-0.1703731	2.721215	3.593699	2.505136	-0.2471889	0.09310034	0.2740044	0.3534177	1.101631	0.8706811	0.0381946	-0.2791124	-0.1412856	-0.1464111	-0.1595649	-0.4289931	0.5490846	1.044955	0.5005922	1.805955	1.444053	1.006089
728.515625	-0.5514904	0.00725614	-0.4780368	0.7325298	1.764794	0.4176941	0.1340654	0.04306854	-0.06145164	0.5285482	1.065889	0.3359062	0.2483901	0.9555494	0.1813972	1.953266	2.902485	2.237072	-0.307282	0.8596861	-0.06301428	1.382393	1.650257	0.7703663	0.4895227	0.3610685	0.205742	0.3218299	0.3554817	-0.353978	-1.082243	0.1697137	-1.800182	2.181742	3.158556	0.628927	-0.71733	-0.01037681	-0.6539021	1.039634	2.532133	1.167719	-0.2174903	-0.2699233	-0.243674	0.01098809	0.2959425	-0.006322392	1.376468	1.610868	1.595116	1.750767	2.875341	2.145425	0.02305884	0.7524976	-0.01277027	0.578345	0.9154404	-0.03180122	-0.2325789	-0.4865263	-0.174663	-0.4897282	-0.2771795	-0.1409558	0.2864743	-0.5665569	-0.0405306	-0.5172479	-0.1744073	0.3040681	0.8734373	1.27896	0.7794723	1.561944	0.8130851	1.350673	1.165544	0.7074286	0.551342	0.6261551	-0.1965325	-0.1994695	-0.7524173	0.9803205	-0.5998089	2.829569	4.851682	2.956336	-0.1855395	0.5125934	-0.2063332	1.082509	1.751399	0.864922	0.04231842	-0.1877133	-0.3130638	0.1194219	0.7140581	-0.3756371	0.7066312	0.9876789	-0.1215294	2.595602	3.498063	2.463102	-0.2282833	-0.05638216	0.2055005	0.3084892	0.9205005	0.6827675	-0.002232633	-0.3870583	-0.1814236	-0.246124	-0.2777104	-0.5287054	1.143558	1.827305	1.162133	1.988819	1.52425	1.38535
730.46875	-0.5420241	0.005828099	-0.4714363	0.6546256	1.508175	0.3541231	0.1405876	-0.01469714	-0.04008451	0.4581767	0.853291	0.2553638	0.4660483	1.03916	0.3470086	2.039577	2.623337	2.220044	-0.2937953	0.9504517	-0.003262584	1.423101	1.676769	0.9219341	0.4756573	0.4386218	0.2355634	0.392154	0.4123454	-0.256644	-0.7521217	0.452882	-1.730678	2.520271	3.32166	0.6520878	-0.7529884	-0.06033826	-0.698602	0.9547023	2.366138	1.082084	-0.1526254	-0.1856756	-0.1840064	0.04147721	0.2181149	-0.02489262	1.351296	1.592485	1.475718	1.784879	2.827976	2.094018	0.05288708	0.7697201	0.04283208	0.5043994	0.8350051	-0.03112385	-0.2492728	-0.5100031	-0.1768066	-0.5351858	-0.3020057	-0.1686393	0.3273456	-0.4903392	0.009257725	-0.4601288	-0.1292324	0.411648	0.9074152	1.320426	0.8339267	1.55921	0.8055052	1.346483	1.232847	0.7404704	0.6416515	0.6230223	-0.2490493	-0.2321663	-0.6434245	0.9114512	-0.6951	2.872591	4.807497	2.819776	-0.258773	0.4102905	-0.3157075	0.9631662	1.709504	0.7513024	0.04996892	-0.2800395	-0.3505186	0.01547993	0.6042249	-0.4736754	0.6533195	0.8843604	-0.09359569	2.543675	3.40518	2.418365	-0.1865012	-0.1317084	0.1840132	0.2754098	0.805226	0.5722613	-0.05664972	-0.5085912	-0.2524282	-0.3402232	-0.3928674	-0.6436883	0.9303892	1.268699	0.8021092	1.683215	1.198748	0.9672356
732.421875	-0.497979	0.03884842	-0.4359721	0.6314653	1.272382	0.281624	0.2066491	-0.0235703	0.02123839	0.3914306	0.627634	0.1826522	0.6986578	1.183262	0.5167429	2.222173	2.435041	2.252191	-0.2006398	1.091218	0.1389103	1.47263	1.668644	1.087481	0.5124305	0.5338741	0.3027861	0.4506309	0.446771	-0.149722	-0.6512428	0.6499417	-1.723472	2.742464	3.466775	0.7380549	-0.7352932	-0.03265752	-0.663502	0.9210939	2.287629	1.067836	-0.07884213	-0.1053641	-0.1276628	0.07025009	0.1708465	-0.01183773	1.129022	1.416817	1.167003	1.771392	2.815984	1.975765	0.1125352	0.8209991	0.1007383	0.4464137	0.7846449	-0.01017873	-0.2466826	-0.4977315	-0.1529902	-0.5803862	-0.3307413	-0.1742992	0.2822405	-0.4396933	0.009699402	-0.4662912	-0.09919489	0.4341532	0.928158	1.327947	0.8284039	1.496701	0.7352421	1.232624	1.273126	0.7356111	0.7026842	0.5775677	-0.3171613	-0.3015681	-0.5269453	0.8717762	-0.73842	2.951022	4.76266	2.643649	-0.314833	0.3298688	-0.3837342	0.8517858	1.660033	0.6903107	0.06027485	-0.3599475	-0.3633318	-0.1079181	0.4674344	-0.5557886	0.5632687	0.6850996	-0.1455061	2.432827	3.261221	2.316078	-0.1559052	-0.1491661	0.2030229	0.237634	0.7402589	0.53584	0.01620255	-0.4156289	-0.172503	-0.3539792	-0.4443579	-0.6551633	0.6223536	0.6086287	0.3714541	1.316602	0.8301011	0.4603255
734.375	-0.4748327	0.08726028	-0.4203522	0.6745252	1.177158	0.2466028	0.2554832	-0.006324154	0.06049321	0.3547201	0.511233	0.1601149	0.8877469	1.359918	0.6473433	2.442347	2.404151	2.313513	-0.03555079	1.252137	0.3311531	1.513392	1.618541	1.204606	0.5889233	0.6313356	0.3996266	0.4908206	0.4536045	-0.05309182	-0.7070954	0.7302439	-1.715486	2.782432	3.479951	0.8246142	-0.6704528	0.05555162	-0.5562782	0.909878	2.26317	1.116998	-0.06231162	-0.08092624	-0.1085908	0.04739458	0.1207579	0.01091353	0.8140425	1.142148	0.7960305	1.709028	2.783378	1.806839	0.1756113	0.8900447	0.153065	0.4190299	0.8001859	0.03553899	-0.2341428	-0.4606171	-0.117531	-0.591682	-0.3238991	-0.1380298	0.1780869	-0.4034574	-0.04456919	-0.4788751	-0.04330735	0.3876264	0.9439041	1.317484	0.7883928	1.397407	0.6316153	1.06502	1.291795	0.7002859	0.7275854	0.5130614	-0.389469	-0.4028102	-0.4120019	0.9278036	-0.64095	3.05218	4.73601	2.512797	-0.3281887	0.3008829	-0.3780875	0.8018971	1.61373	0.7020079	0.0605021	-0.4216792	-0.3598416	-0.2317316	0.3179818	-0.6240211	0.5128137	0.5473097	-0.1823566	2.215016	3.074977	2.247427	-0.1906138	-0.21074	0.1693336	0.1725575	0.6696332	0.4914128	-0.02205221	-0.5075181	-0.2287113	-0.4441138	-0.554549	-0.7772781	0.4474349	0.2667553	0.1636137	1.042988	0.5754119	0.1390456
736.328125	-0.4972877	0.1122597	-0.4479828	0.725881	1.189247	0.2376393	0.2204959	-0.02617199	0.03339921	0.3167264	0.4845404	0.1549268	0.9883513	1.485937	0.7220123	2.586549	2.433406	2.337263	0.1603064	1.385531	0.5187169	1.523693	1.52862	1.238274	0.6774198	0.7095996	0.5077863	0.5018939	0.4244951	0.01507882	-0.7382596	0.7730721	-1.640645	2.711452	3.364637	0.8780189	-0.5919493	0.1283162	-0.4319385	0.8511691	2.171333	1.136548	-0.1137893	-0.127059	-0.1257061	-0.05353285	0.006991866	-0.007760711	0.6095889	0.9154437	0.5536752	1.633362	2.666887	1.63828	0.2091849	0.927947	0.1881192	0.4131202	0.8602783	0.08417303	-0.2358443	-0.4336299	-0.09950498	-0.5640349	-0.2694739	-0.07423903	0.07665323	-0.3801244	-0.1163915	-0.4581569	0.03012804	0.3196589	0.9776051	1.324723	0.7714403	1.307998	0.5285774	0.9263105	1.302963	0.6518383	0.7277533	0.4455026	-0.4686595	-0.5251062	-0.3109917	1.079917	-0.421935	3.124261	4.743483	2.487481	-0.3337098	0.2728277	-0.3663646	0.809413	1.565678	0.7172996	0.03674714	-0.4880562	-0.3672495	-0.349795	0.1639372	-0.6969569	0.5251896	0.4932537	-0.1768174	1.898808	2.841234	2.237561	-0.2528594	-0.3073359	0.08002692	0.1121307	0.5766565	0.4101977	-0.03598249	-0.5663374	-0.240801	-0.5373912	-0.6656444	-0.8717794	0.5709575	0.488855	0.3475033	0.9781837	0.5282198	0.1588401
738.28125	-0.5440056	0.08445339	-0.5026299	0.7076049	1.173776	0.2047697	0.1146318	-0.1126566	-0.04187651	0.2388301	0.4329854	0.1051343	1.013723	1.502568	0.7624052	2.562328	2.359504	2.27111	0.3462794	1.464945	0.6664066	1.493857	1.407477	1.200408	0.7502456	0.7555051	0.6085127	0.4777831	0.3574103	0.04607794	-0.6016983	0.874466	-1.487294	2.657979	3.205037	0.9014004	-0.5138465	0.1314669	-0.3284594	0.7067289	1.919564	1.039986	-0.1902974	-0.2163734	-0.1559457	-0.2088094	-0.1922222	-0.1024247	0.6032437	0.828495	0.5187352	1.572001	2.454035	1.513568	0.1980773	0.8956431	0.1995431	0.4011233	0.8963794	0.1013871	-0.2628841	-0.4417267	-0.1125188	-0.5245134	-0.2009639	-0.023567	0.03694972	-0.3847921	-0.1565959	-0.4139572	0.05870285	0.2512838	1.037263	1.365405	0.8144303	1.250418	0.4372136	0.8585747	1.315225	0.6030445	0.7182177	0.3699359	-0.5694596	-0.6585255	-0.213248	1.271949	-0.1723339	3.125201	4.76797	2.540388	-0.3594964	0.2201749	-0.4089455	0.8258791	1.506217	0.6617654	0.01486473	-0.5393202	-0.3723913	-0.4500978	0.008806697	-0.7716293	0.5826582	0.5563805	-0.09939139	1.60089	2.608803	2.312332	-0.1826559	-0.2180921	0.106873	0.1535892	0.5215887	0.3988955	-0.0292874	-0.5987324	-0.2175768	-0.6327432	-0.7811471	-0.932209	0.4055815	0.2642185	0.1433098	0.7823851	0.3860739	-0.04708293
740.234375	-0.5806882	-0.005044817	-0.5539531	0.5785706	1.017235	0.1037998	0.004740229	-0.2467304	-0.1097491	0.09941787	0.254182	-0.0291643	0.9968445	1.392835	0.7790637	2.354497	2.089698	2.092762	0.509164	1.500957	0.7802776	1.433253	1.263775	1.130164	0.7920482	0.7693259	0.6894025	0.4231669	0.2633031	0.04183251	-0.3054939	1.037727	-1.307483	2.685762	3.06032	0.9055959	-0.4321603	0.06510342	-0.2593315	0.5128816	1.55026	0.826427	-0.226424	-0.2951935	-0.1706794	-0.3579532	-0.4373637	-0.2599756	0.7117641	0.8521553	0.6028157	1.523783	2.188883	1.431978	0.154552	0.8050827	0.1915328	0.3584109	0.8564739	0.07296307	-0.3041211	-0.48068	-0.1438771	-0.5158464	-0.170495	-0.02191519	0.06283269	-0.4318688	-0.1551515	-0.3938728	0.0005340956	0.180551	1.115807	1.428467	0.9016255	1.220001	0.3422547	0.8368225	1.320877	0.5512889	0.7042382	0.2616907	-0.7041171	-0.7967865	-0.1106391	1.423606	0.01497775	3.038272	4.773952	2.570835	-0.4409027	0.1100663	-0.5382897	0.7660313	1.417047	0.4973665	0.0009477747	-0.5925145	-0.3807366	-0.5491961	-0.1676337	-0.8609975	0.6443962	0.654416	0.005899214	1.425138	2.391456	2.392817	-0.1696646	-0.2497454	0.04277308	0.167977	0.4225879	0.2973287	-0.0186799	-0.6288325	-0.1933674	-0.7324671	-0.9084821	-0.9787824	0.4094323	0.3096112	0.1350766	0.7002766	0.3078662	-0.09025978
742.1875	-0.5888233	-0.1376926	-0.5742837	0.3640637	0.7176517	-0.0649552	-0.03841056	-0.3729817	-0.124306	-0.0767701	-0.05109361	-0.2272771	0.9963472	1.229986	0.79302	2.057891	1.686005	1.845978	0.6588792	1.526439	0.8849704	1.362074	1.105937	1.063385	0.8043921	0.760963	0.7479306	0.3507146	0.1604315	0.01226009	0.0383283	1.206989	-1.168043	2.779155	2.944478	0.9018948	-0.3278677	-0.01088265	-0.2055042	0.3490794	1.19196	0.5782947	-0.1834256	-0.3222971	-0.1546412	-0.4507476	-0.6650797	-0.4337531	0.741091	0.8319345	0.6066009	1.437308	1.908231	1.317239	0.1246204	0.7182486	0.1859429	0.2876586	0.727966	0.003230098	-0.3291137	-0.5181567	-0.1613789	-0.560272	-0.2131533	-0.07722045	0.1246777	-0.5143166	-0.1317515	-0.4454102	-0.1518658	0.08689381	1.185756	1.483096	0.9803452	1.184663	0.2267099	0.8043506	1.299252	0.4816291	0.6801014	0.09530666	-0.8685775	-0.9333835	-0.008258536	1.489568	0.104098	2.905526	4.745566	2.488843	-0.5352863	0.01454388	-0.6720686	0.6129991	1.301468	0.2904516	-0.005101741	-0.6593115	-0.3930771	-0.6667563	-0.3842366	-0.9712336	0.6900873	0.7478684	0.1121769	1.408277	2.192466	2.429454	-0.2260447	-0.3806346	-0.06632102	0.1242993	0.2943754	0.1372502	0.02486236	-0.6058196	-0.1453333	-0.815084	-1.033499	-1.0014	0.3289889	0.2190962	0.07204888	0.5352677	0.1348508	-0.1922065
744.140625	-0.5760726	-0.2765101	-0.558961	0.1338134	0.3731536	-0.2582881	-0.0001515914	-0.4503202	-0.08455133	-0.2469989	-0.3944512	-0.430345	1.051258	1.118724	0.8289024	1.805178	1.309889	1.605532	0.8019353	1.556011	0.995875	1.290668	0.9336942	1.006866	0.8021442	0.7399802	0.7920876	0.2699806	0.05723057	-0.03159203	0.2783408	1.285324	-1.110329	2.854044	2.807999	0.8679795	-0.1960657	-0.03003037	-0.1481045	0.2771608	0.9586092	0.3937182	-0.08092859	-0.2988122	-0.1184113	-0.4805256	-0.8330431	-0.5784225	0.5370688	0.6119792	0.3678351	1.259788	1.620539	1.075541	0.144959	0.695159	0.1993167	0.2160159	0.5580217	-0.08551843	-0.3187992	-0.5253037	-0.1456219	-0.643169	-0.3162703	-0.1631467	0.178566	-0.6024781	-0.1197717	-0.5745503	-0.3465113	-0.021935	1.212206	1.499811	1.005276	1.10558	0.09238123	0.7272483	1.238242	0.3880808	0.6361812	-0.1154745	-1.033023	-1.054718	0.07474744	1.479884	0.1164497	2.798147	4.688149	2.281693	-0.6366096	-0.09599119	-0.7983907	0.3915625	1.158742	0.0803885	8.308294e-05	-0.7199139	-0.3930779	-0.804963	-0.6332296	-1.086641	0.6839675	0.7345453	0.1399318	1.44641	1.963922	2.366707	-0.1258425	-0.2014173	0.1053063	0.1312636	0.2510934	0.1567749	0.06293381	-0.5930568	-0.1284257	-0.9024038	-1.171271	-1.050416	0.1698753	0.03151374	0.01762909	0.2570232	-0.1209643	-0.3202552
746.09375	-0.5567242	-0.3787499	-0.5199732	-0.04142342	0.100574	-0.4189179	0.08165244	-0.4746469	-0.02260875	-0.3741828	-0.6737291	-0.5838456	1.162481	1.125495	0.8927401	1.691255	1.100054	1.427345	0.9298802	1.579074	1.103747	1.21386	0.7468131	0.9462768	0.8035268	0.7074955	0.8376869	0.1787527	-0.05999501	-0.08186468	0.3573381	1.253744	-1.119984	2.860459	2.625088	0.7875355	-0.0499474	0.03770575	-0.07769273	0.2971961	0.8586761	0.313576	0.03179364	-0.25573	-0.0770665	-0.4823102	-0.9511566	-0.67996	0.1460968	0.1806277	-0.08998312	0.9989339	1.322655	0.6860387	0.2248092	0.7481391	0.2361158	0.1709278	0.407579	-0.1749379	-0.282037	-0.5044774	-0.109477	-0.7259967	-0.4336222	-0.245865	0.1830599	-0.6756544	-0.1432014	-0.7525795	-0.5069639	-0.1122824	1.187114	1.479831	0.9814222	0.9756108	-0.0431973	0.6232977	1.14601	0.2837579	0.5758506	-0.3253829	-1.161119	-1.143557	0.106961	1.420031	0.0748792	2.743597	4.610846	2.004608	-0.6857269	-0.1612569	-0.860238	0.2174796	1.01742	-0.06504185	0.02323958	-0.7432099	-0.3633565	-0.9439764	-0.8851965	-1.184164	0.6502241	0.6072221	0.08363409	1.417583	1.675931	2.233421	-0.2644853	-0.3674641	0.03334454	-0.04584211	0.09662653	-0.01512731	0.0580074	-0.6568166	-0.1797685	-1.022078	-1.341058	-1.163182	0.3237064	0.3811641	0.4308535	0.1018788	-0.2447533	-0.1330092
748.046875	-0.5311949	-0.411361	-0.4704565	-0.1291524	-0.04465368	-0.5101964	0.1505728	-0.4786519	0.02626805	-0.4549736	-0.8546683	-0.6787711	1.299225	1.240557	0.9874198	1.713435	1.066708	1.328561	1.022442	1.568136	1.193033	1.114552	0.5423999	0.8670349	0.826569	0.6650859	0.9014837	0.07132095	-0.2125189	-0.1321318	0.3245886	1.159147	-1.142933	2.798156	2.398176	0.6622995	0.08236451	0.1678891	0.003027994	0.3563366	0.8121721	0.3062117	0.1199987	-0.2223219	-0.03395908	-0.4957522	-1.057516	-0.7531572	-0.208474	-0.2714386	-0.5371435	0.7376969	1.024153	0.259776	0.3356089	0.8319316	0.2819318	0.1627689	0.3128947	-0.2565851	-0.2430822	-0.4837618	-0.08493558	-0.7709472	-0.5212731	-0.3074133	0.1293381	-0.7335211	-0.2011215	-0.9153079	-0.5878991	-0.1631065	1.119264	1.43986	0.9543254	0.8027179	-0.1576236	0.5384304	1.048322	0.1953301	0.5146115	-0.4848828	-1.23342	-1.191489	0.1028939	1.373552	0.02020644	2.746434	4.538635	1.769818	-0.6815284	-0.1963281	-0.880558	0.1588098	0.8816833	-0.158356	0.03990519	-0.7636621	-0.3367009	-1.075306	-1.122645	-1.27734	0.6896163	0.5296602	0.05283065	1.306868	1.364142	2.142396	-0.3053738	-0.3757073	0.062363	-0.1818404	-0.0306537	-0.1067839	0.1182115	-0.6220863	-0.1460241	-1.112257	-1.492884	-1.230123	0.249737	0.32424	0.5228912	-0.2210974	-0.4843279	-0.2156235
750	-0.4979902	-0.3748427	-0.424189	-0.1494288	-0.09027212	-0.5349455	0.1728447	-0.4995886	0.05020823	-0.5136697	-0.9757709	-0.746365	1.44777	1.405195	1.096708	1.826493	1.117209	1.287398	1.079779	1.520938	1.26936	0.9844609	0.3214527	0.77184	0.8820796	0.6194783	0.992067	-0.05269068	-0.4098051	-0.1775074	0.3094451	1.105936	-1.109897	2.717676	2.172879	0.5406476	0.2028861	0.3264236	0.109022	0.4038967	0.7316013	0.3152462	0.1762574	-0.2115076	0.01215416	-0.5372173	-1.179103	-0.822682	-0.3485827	-0.5262066	-0.7487945	0.5754611	0.7789221	-0.03408045	0.4296813	0.8854735	0.3165654	0.1756299	0.2668533	-0.3264624	-0.2241288	-0.4934173	-0.09698737	-0.7707806	-0.5648132	-0.3533292	0.04209696	-0.7986481	-0.2765961	-1.0098	-0.6082041	-0.2054914	1.048336	1.406651	0.9666715	0.6299708	-0.2479377	0.4936173	0.9651429	0.1379183	0.4701357	-0.5875991	-1.262797	-1.209456	0.106689	1.39312	-0.01455222	2.791761	4.495989	1.658191	-0.6285329	-0.1960851	-0.8682224	0.2086565	0.740877	-0.2283307	0.06644055	-0.7575985	-0.2995386	-1.168921	-1.328159	-1.354211	0.7672141	0.4658984	0.001068499	1.140182	1.031948	2.060928	-0.2113437	-0.2182859	0.1790117	-0.2266725	-0.1307663	-0.1054124	0.1789434	-0.5931639	-0.09292141	-1.208439	-1.656744	-1.294658	0.4140992	0.5493073	0.7477784	-0.3793847	-0.6259149	-0.2464902
751.953125	-0.4581189	-0.3035081	-0.3941182	-0.1444402	-0.1041272	-0.5322716	0.1656336	-0.5390694	0.06935254	-0.569975	-1.097342	-0.8181722	1.543308	1.491313	1.158452	1.910979	1.128478	1.238379	1.135159	1.469974	1.36851	0.8348573	0.08515242	0.6742615	0.9692116	0.5797653	1.108248	-0.1855084	-0.641863	-0.2169308	0.3821085	1.130189	-0.9888121	2.63457	1.965857	0.4703066	0.3150969	0.4760022	0.2394095	0.4237747	0.6028978	0.3073192	0.2156238	-0.2153292	0.05931577	-0.5906515	-1.305401	-0.8979304	-0.2511174	-0.471722	-0.6407732	0.5670175	0.6482328	-0.07802847	0.4716343	0.8787163	0.3263241	0.184296	0.2386904	-0.381501	-0.2192807	-0.5358116	-0.1345615	-0.7485402	-0.5855115	-0.4003184	-0.05740571	-0.9070139	-0.3724482	-1.023686	-0.6027105	-0.2972658	1.004324	1.385724	1.016295	0.4905613	-0.3253589	0.4639241	0.9017787	0.1092819	0.4515648	-0.665511	-1.277192	-1.217795	0.1555497	1.497874	0.01426125	2.852535	4.503115	1.681816	-0.5708099	-0.1889363	-0.8431044	0.2643344	0.5670485	-0.3118956	0.1030336	-0.7488738	-0.2625804	-1.227735	-1.518208	-1.432039	0.9104148	0.5328007	0.01413536	1.064693	0.7419431	2.014193	-0.253359	-0.3533396	0.04778099	-0.3320292	-0.3313411	-0.2455141	0.2249223	-0.5879955	-0.03691309	-1.311812	-1.834708	-1.358452	0.4235873	0.3937135	0.5758191	-0.5790641	-0.8739078	-0.5996962
753.90625	-0.4108066	-0.2354374	-0.3785814	-0.1436525	-0.1412864	-0.5464891	0.163996	-0.5749385	0.104888	-0.6326555	-1.250147	-0.9040226	1.616651	1.478803	1.175728	1.938231	1.052335	1.158136	1.244885	1.469971	1.530014	0.6975672	-0.1580018	0.587769	1.080185	0.5589144	1.241132	-0.3119957	-0.8791229	-0.2507907	0.5342401	1.215239	-0.7806471	2.540854	1.779084	0.4779443	0.4459801	0.6150625	0.3964378	0.4353904	0.4666755	0.2911752	0.268915	-0.2054066	0.113626	-0.6277601	-1.412557	-0.967314	-0.07087945	-0.2034321	-0.3424733	0.6704102	0.6272489	0.07643596	0.4652474	0.8364154	0.3186126	0.1826119	0.197593	-0.4174866	-0.2001777	-0.5822812	-0.1583537	-0.7349442	-0.6182701	-0.457092	-0.1345087	-1.067089	-0.4884557	-0.9837919	-0.6194174	-0.4748185	0.9968285	1.370277	1.068763	0.4021043	-0.3985891	0.4125629	0.8534988	0.0963001	0.4563456	-0.75332	-1.297233	-1.230483	0.2553727	1.672794	0.1285243	2.934509	4.580114	1.79318	-0.5165492	-0.1719506	-0.788589	0.2348606	0.3495464	-0.408794	0.1443732	-0.7490943	-0.2318701	-1.26652	-1.706901	-1.516644	1.045318	0.6669694	0.07949471	1.134861	0.4858666	1.948373	-0.2401471	-0.4351134	-0.02661399	-0.4002598	-0.5254931	-0.3234597	0.2442352	-0.6160407	-0.00420525	-1.415475	-2.016518	-1.428032	0.517386	0.3108338	0.4263658	-0.6876026	-1.093939	-0.9418396
755.859375	-0.3761367	-0.2122183	-0.3801739	-0.1694023	-0.2267563	-0.6148358	0.1942678	-0.5774379	0.1646061	-0.6926708	-1.417347	-0.9861446	1.637961	1.352315	1.1443	1.868246	0.914287	1.02653	1.441874	1.551749	1.755818	0.6063061	-0.3894823	0.5176882	1.201309	0.5609511	1.381904	-0.4207199	-1.094506	-0.2821578	0.6753907	1.295617	-0.5359911	2.417655	1.611349	0.5350726	0.5943134	0.7466694	0.5493371	0.4654866	0.3806476	0.2927396	0.334658	-0.1741025	0.165165	-0.6377673	-1.483702	-1.016801	0.02607408	0.07934134	-0.06855989	0.796866	0.6517237	0.2512665	0.4424051	0.8084418	0.3103831	0.1834103	0.1435281	-0.4344805	-0.1472509	-0.5986669	-0.1367164	-0.7478199	-0.6789406	-0.5131181	-0.1479664	-1.240029	-0.6007303	-0.9299113	-0.6869629	-0.7012405	1.021239	1.358332	1.091371	0.3722923	-0.4651785	0.3351578	0.8106822	0.08468683	0.4730183	-0.8586828	-1.321	-1.24413	0.363468	1.854887	0.2930002	3.044311	4.715398	1.905831	-0.4559843	-0.1371793	-0.6927112	0.1034057	0.1098959	-0.495179	0.1994093	-0.7340931	-0.190711	-1.293877	-1.891668	-1.591277	1.149072	0.8384013	0.2239319	1.333811	0.2598249	1.868201	-0.1708372	-0.4103062	0.02191537	-0.4539119	-0.688798	-0.3161288	0.2464573	-0.6564144	-0.0003329553	-1.499921	-2.179452	-1.495715	0.928764	0.7686681	0.757873	-0.6012806	-1.137738	-0.89404
757.8125	-0.3622988	-0.2371039	-0.3969372	-0.2178726	-0.3507333	-0.7384909	0.2618183	-0.5323523	0.2416395	-0.7357494	-1.566822	-1.041064	1.616539	1.170608	1.096779	1.731537	0.7842034	0.866468	1.709988	1.698217	2.00254	0.5797812	-0.5835316	0.4626252	1.321124	0.5852767	1.523649	-0.502714	-1.268073	-0.3091174	0.7195252	1.318225	-0.3219565	2.273917	1.472584	0.5788222	0.725614	0.8596274	0.6511618	0.5132902	0.357396	0.316576	0.4024163	-0.1217545	0.2134768	-0.6283731	-1.528191	-1.040482	0.00904313	0.2383031	0.05623491	0.8717119	0.6256378	0.272429	0.4474199	0.8291782	0.3215047	0.2013563	0.08312207	-0.4468498	-0.06252614	-0.5722311	-0.06940611	-0.7770226	-0.7653806	-0.5527443	-0.0945772	-1.369434	-0.6762576	-0.9060448	-0.786979	-0.8725768	1.048832	1.346991	1.086183	0.3758036	-0.5156698	0.2739696	0.7813841	0.08216871	0.4936824	-0.9377756	-1.330683	-1.239222	0.4287564	1.975815	0.4309015	3.168603	4.864569	1.955295	-0.3967363	-0.1101455	-0.5967125	-0.06493606	-0.1085941	-0.5629799	0.2508187	-0.7195004	-0.1604137	-1.322996	-2.06341	-1.656233	1.176682	0.9104564	0.3783685	1.533396	0.03555879	1.753924	-0.06477264	-0.2780775	0.1751638	-0.4979536	-0.8011948	-0.247337	0.3241036	-0.5605914	0.0817053	-1.504184	-2.271146	-1.482382	1.37491	1.350151	1.297336	-0.5085266	-1.104859	-0.61668
759.765625	-0.3365801	-0.2609183	-0.4018445	-0.2602834	-0.4961095	-0.8760255	0.3411598	-0.4629299	0.3188843	-0.7686518	-1.690387	-1.070044	1.555116	0.990179	1.049765	1.58036	0.7213201	0.7203863	1.982172	1.849231	2.195544	0.6102782	-0.7149706	0.4175503	1.428921	0.6244816	1.654487	-0.5507439	-1.38783	-0.325535	0.6621969	1.290747	-0.1908959	2.15798	1.389898	0.5628623	0.8165494	0.9462509	0.6832212	0.561588	0.3668344	0.3453481	0.4611323	-0.05854486	0.2621776	-0.6173251	-1.571239	-1.048184	-0.05334524	0.2563303	0.03574127	0.8738975	0.5093123	0.09644426	0.5009096	0.8894139	0.3553104	0.233817	0.0243587	-0.4737085	0.02729284	-0.519529	0.01089144	-0.7996386	-0.8585733	-0.5663704	0.01920565	-1.401431	-0.6725882	-0.9139395	-0.9057693	-0.916375	1.055401	1.33741	1.081761	0.3831191	-0.5479258	0.2785091	0.7695048	0.09471624	0.5132201	-0.9578474	-1.320969	-1.20773	0.4495413	2.017317	0.4867971	3.295739	4.965014	1.935934	-0.3098735	-0.04981805	-0.4963596	-0.1556649	-0.2588862	-0.5837054	0.3097241	-0.6875145	-0.1301676	-1.342727	-2.201632	-1.69651	1.235055	0.9911049	0.5857388	1.701706	-0.1411385	1.698787	-0.2026635	-0.4978687	0.04547366	-0.6718056	-0.9736533	-0.3871795	0.3243591	-0.5892729	0.05161582	-1.522325	-2.366781	-1.534962	1.273502	1.074212	1.266452	-0.7488232	-1.260261	-0.6885875
761.71875	-0.2811393	-0.2390746	-0.3778554	-0.2794732	-0.6377369	-0.9718303	0.4236503	-0.3876901	0.3942627	-0.7881454	-1.796284	-1.084287	1.49054	0.8624281	1.016104	1.497133	0.7396391	0.6369611	2.17223	1.933426	2.272664	0.6670062	-0.7740751	0.3708099	1.511733	0.6659978	1.749871	-0.5584112	-1.44336	-0.3261287	0.5766843	1.256652	-0.1536854	2.116922	1.370479	0.4843024	0.8567736	0.994747	0.658396	0.5861043	0.3655883	0.3484151	0.5123335	0.007587119	0.3161744	-0.6120232	-1.625694	-1.053886	-0.02005564	0.2599125	0.01337988	0.8438808	0.3292646	-0.1538415	0.5897183	0.947915	0.3994527	0.2556606	-0.03626423	-0.5252401	0.09649856	-0.4684214	0.06944618	-0.7980456	-0.9432009	-0.5614967	0.1199412	-1.336484	-0.6061054	-0.9454079	-0.9827595	-0.8183953	1.030828	1.321152	1.096335	0.3689379	-0.5788739	0.347131	0.7745026	0.1254054	0.5295549	-0.916429	-1.300562	-1.159669	0.4552136	2.015601	0.475251	3.403424	4.987881	1.903105	-0.21311	0.03482505	-0.4115052	-0.1316204	-0.3414041	-0.5661736	0.3727309	-0.6494175	-0.1029613	-1.346735	-2.297376	-1.713613	1.327989	1.039775	0.7275408	1.826069	-0.2373112	1.684002	-0.2079031	-0.4808816	0.04639697	-0.7111034	-1.009484	-0.40803	0.3830903	-0.5255188	0.09198642	-1.481159	-2.40736	-1.533451	1.491277	1.306869	1.604045	-0.7556738	-1.206695	-0.4719819
763.671875	-0.2048326	-0.17025	-0.3184606	-0.2947259	-0.7747663	-1.00678	0.4937654	-0.3324685	0.4625854	-0.804727	-1.90116	-1.105642	1.466452	0.8097492	0.998383	1.53914	0.812808	0.6441084	2.223213	1.913844	2.215027	0.7162423	-0.7646096	0.3092841	1.547843	0.6885478	1.774398	-0.5283018	-1.429263	-0.3156009	0.5249252	1.224524	-0.1932055	2.135509	1.371155	0.3682942	0.8817376	1.023031	0.6313688	0.5831963	0.3296753	0.3170366	0.5750388	0.08046088	0.3804728	-0.6039996	-1.683978	-1.063187	0.1598607	0.3648926	0.1057545	0.835295	0.1658552	-0.2986957	0.6829045	0.9698709	0.4393413	0.243499	-0.1108417	-0.5952982	0.1448094	-0.4303535	0.1015038	-0.7732005	-1.015629	-0.5556965	0.1697228	-1.205091	-0.5092648	-0.964213	-1.011311	-0.6615777	0.9896268	1.290971	1.127521	0.3268941	-0.6295746	0.4210346	0.7819366	0.1603948	0.5380137	-0.85588	-1.284442	-1.122249	0.5068374	2.053554	0.4996386	3.500721	4.938738	1.927812	-0.1224527	0.1312943	-0.3322218	-0.04196619	-0.3881538	-0.5243231	0.4493304	-0.5914168	-0.05716456	-1.324526	-2.34265	-1.699411	1.481922	1.099526	0.7629957	1.981827	-0.2319103	1.699552	-0.2007598	-0.4546939	0.008397564	-0.6844453	-0.9640253	-0.4120043	0.3785578	-0.5636408	0.06233742	-1.459205	-2.44643	-1.580524	1.485071	1.135409	1.522548	-0.7939276	-1.203812	-0.5721316
765.625	-0.1048565	-0.05962146	-0.2173411	-0.3045026	-0.8942614	-0.9844119	0.558838	-0.2923833	0.5255008	-0.8083391	-1.998124	-1.133892	1.475148	0.8007258	0.9863129	1.681013	0.891374	0.718345	2.12682	1.797658	2.044725	0.7376562	-0.6986469	0.2236872	1.513495	0.6690629	1.699746	-0.4758839	-1.349879	-0.3076744	0.5282311	1.195097	-0.2742999	2.168281	1.355778	0.2557489	0.9263832	1.051351	0.6427228	0.5614178	0.2600743	0.2633724	0.6631199	0.1645346	0.4535161	-0.5837736	-1.729153	-1.071204	0.4143994	0.5739411	0.3017628	0.8727197	0.09058988	-0.2465772	0.7603368	0.956323	0.4738112	0.2050661	-0.2058131	-0.6654	0.1912271	-0.3947079	0.1297437	-0.7411614	-1.072479	-0.5604138	0.1516322	-1.057639	-0.4331032	-0.964438	-0.9854414	-0.528402	0.9585846	1.24494	1.153958	0.2679642	-0.711568	0.4233452	0.7756311	0.181063	0.5326546	-0.8230925	-1.273267	-1.117199	0.634945	2.175656	0.6403297	3.614111	4.849136	2.019899	-0.03738317	0.2453374	-0.221224	0.02109331	-0.4379902	-0.4635519	0.5111049	-0.5533164	-0.01497783	-1.295558	-2.345423	-1.674653	1.644789	1.151326	0.6887478	2.203828	-0.1515742	1.717089	0.02996142	-0.0955213	0.214319	-0.5001628	-0.7628366	-0.2067455	0.455789	-0.4562225	0.1477797	-1.372834	-2.403705	-1.531724	1.523397	1.059223	1.397389	-0.6789005	-1.108323	-0.7123106
767.578125	-0.004201173	0.05221533	-0.09469221	-0.3229592	-0.9968256	-0.94941	0.6172079	-0.2609878	0.575606	-0.7984595	-2.069628	-1.159401	1.476856	0.7998277	0.9807025	1.823339	0.9306786	0.8107342	1.937201	1.645422	1.811486	0.7486463	-0.5705128	0.1293649	1.396367	0.5943355	1.525429	-0.4252553	-1.221732	-0.3156364	0.5287226	1.129273	-0.3780074	2.152825	1.301839	0.1519815	0.9904116	1.086071	0.6899787	0.5293679	0.1741811	0.2116941	0.7722532	0.257347	0.5287859	-0.5522781	-1.749956	-1.068413	0.6328495	0.7950398	0.4997693	0.9379773	0.1085966	-0.05517767	0.8151335	0.9362466	0.508436	0.1743002	-0.3026218	-0.7139824	0.2536734	-0.3435451	0.1793353	-0.7182197	-1.109744	-0.5739787	0.128872	-0.9215414	-0.3745084	-0.9453003	-0.9481217	-0.4573609	0.9599554	1.196116	1.164591	0.214782	-0.8103294	0.3305753	0.7500339	0.1778781	0.5113876	-0.8321618	-1.248399	-1.143747	0.8439875	2.368712	0.8887251	3.787193	4.736567	2.114779	0.02757095	0.3333049	-0.09371566	-0.01906491	-0.5079262	-0.4120343	0.5544271	-0.5235242	0.02670112	-1.26261	-2.300508	-1.637618	1.753103	1.145554	0.5793548	2.43282	-0.06614549	1.709629	0.1543799	0.05566472	0.2883383	-0.3986422	-0.5957158	-0.09596224	0.4516827	-0.4638408	0.1359013	-1.319187	-2.346777	-1.523705	1.716749	1.339381	1.505651	-0.3770584	-0.8611225	-0.6577486
769.53125	0.09586984	0.1501754	0.02491151	-0.3401005	-1.074235	-0.9330217	0.664272	-0.2325792	0.6060705	-0.7795013	-2.101197	-1.168438	1.439648	0.808045	0.9811322	1.884629	0.9254088	0.8893247	1.717848	1.50853	1.55591	0.7763257	-0.3774605	0.05479244	1.21164	0.4762747	1.286499	-0.3917674	-1.06423	-0.3389598	0.4789681	1.029299	-0.4979014	2.084217	1.24748	0.05086358	1.048735	1.119592	0.7417569	0.4928146	0.09625096	0.1826201	0.8708375	0.3384573	0.5923104	-0.5286464	-1.752551	-1.05437	0.7714396	0.9479291	0.6091223	1.008343	0.1822996	0.1425392	0.8591668	0.9472157	0.5499033	0.1999045	-0.3628293	-0.7304877	0.3267727	-0.2749771	0.2461593	-0.7074263	-1.117604	-0.584519	0.1647637	-0.8039207	-0.3001877	-0.9273347	-0.9337077	-0.4065491	0.9908596	1.158886	1.166516	0.1811879	-0.894678	0.1904191	0.724297	0.1655615	0.4818409	-0.8457318	-1.19005	-1.179834	1.058782	2.511381	1.117608	3.950153	4.577638	2.091114	0.08010682	0.3958134	0.04200137	-0.1474474	-0.5658912	-0.3693625	0.5676234	-0.5119123	0.04423568	-1.23077	-2.216311	-1.602946	1.857902	1.210761	0.6391191	2.611988	-0.005612804	1.740075	0.1574624	-0.01166376	0.2374524	-0.412753	-0.5076843	-0.1013539	0.4444675	-0.4594833	0.1158335	-1.25454	-2.244552	-1.482462	1.516731	1.100322	1.278488	-0.3037594	-0.7709997	-0.7956353
771.484375	0.1932541	0.2371687	0.1175952	-0.3403075	-1.122483	-0.9336312	0.6917996	-0.2114511	0.6148108	-0.7642061	-2.099426	-1.158123	1.292165	0.7987304	0.9436008	1.785383	0.8848101	0.9280855	1.519845	1.414297	1.304906	0.8420003	-0.1295606	0.02843635	1.003225	0.3515612	1.041947	-0.3694942	-0.892635	-0.3600062	0.3942807	0.9421128	-0.6256315	2.015664	1.252401	-0.04604432	1.053069	1.117052	0.7535757	0.4411507	0.03855174	0.1669244	0.9285019	0.3859201	0.635353	-0.5355517	-1.756271	-1.039556	0.8111755	0.9805664	0.574056	1.059909	0.285055	0.2378984	0.8980253	1.002537	0.5897411	0.3016789	-0.348727	-0.7160742	0.3855182	-0.2091353	0.2997801	-0.6984273	-1.094122	-0.5812938	0.2816245	-0.7026819	-0.1804602	-0.9204863	-0.9536921	-0.3302605	1.025917	1.139766	1.167822	0.1763925	-0.9285598	0.08665246	0.7196652	0.1656557	0.4584574	-0.8229625	-1.099217	-1.200588	1.217909	2.51048	1.193112	4.032166	4.35422	1.892838	0.1078988	0.4273018	0.1473853	-0.2928779	-0.5698025	-0.331574	0.5663624	-0.5015368	0.03763059	-1.187377	-2.108343	-1.574114	1.951946	1.320494	0.870942	2.647822	0.02417058	1.787868	0.2501336	0.07894605	0.3264319	-0.3906575	-0.3994191	-0.01918934	0.4203506	-0.4720909	0.07061191	-1.195776	-2.129067	-1.43045	1.330556	0.9619592	1.23391	-0.2870854	-0.7006502	-0.7494736
773.4375	0.2681655	0.3107317	0.1647682	-0.3284344	-1.142814	-0.9250214	0.6881891	-0.2124823	0.6027585	-0.7714671	-2.086817	-1.140478	1.080794	0.8244932	0.8579112	1.609008	0.8570029	0.9674032	1.358623	1.349555	1.076681	0.933479	0.1258089	0.05002039	0.8233697	0.2614543	0.8437027	-0.3387824	-0.719412	-0.3585593	0.3359069	0.9088615	-0.7478658	2.001823	1.333668	-0.1227556	0.9953215	1.062171	0.7205061	0.3687773	0.00198275	0.1432855	0.9360167	0.3892796	0.6556827	-0.5804747	-1.775033	-1.036956	0.7796022	0.9461505	0.4439105	1.105533	0.4237162	0.2446133	0.9190143	1.081706	0.6037701	0.4605445	-0.2404865	-0.6757273	0.4004407	-0.1737599	0.3053941	-0.6768216	-1.040988	-0.5590574	0.4464801	-0.6120009	-0.01961457	-0.912687	-0.996053	-0.2265294	1.032633	1.132797	1.165017	0.1980799	-0.8872902	0.07464922	0.7450372	0.193513	0.4546447	-0.7509218	-0.9992099	-1.193797	1.266744	2.336785	1.087888	3.944746	4.07888	1.572806	0.1436689	0.4992782	0.2512543	-0.3541943	-0.4910845	-0.2571767	0.560324	-0.492708	0.00750786	-1.128312	-2.005937	-1.558458	2.040752	1.477921	1.166532	2.550834	0.07330687	1.843028	0.2629245	0.07408853	0.3447839	-0.399648	-0.337393	0.02237138	0.4187414	-0.4405558	0.05919785	-1.12615	-2.010119	-1.347666	1.188991	0.8694959	1.255504	-0.3047324	-0.6773593	-0.6268925
775.390625	0.3187689	0.3771228	0.1836835	-0.3041214	-1.137379	-0.8740843	0.6553279	-0.2413348	0.576583	-0.8018422	-2.08104	-1.128853	0.8331273	0.8777773	0.6979843	1.45122	0.8668829	1.024982	1.223991	1.287451	0.8884335	1.011384	0.3227717	0.09105739	0.7043279	0.2238276	0.7150824	-0.2893996	-0.5647583	-0.3298592	0.3788079	0.9546568	-0.8386176	2.067088	1.458817	-0.150197	0.8947686	0.9532145	0.6615291	0.271643	-0.02848633	0.0867155	0.9144775	0.3614697	0.6602978	-0.646404	-1.805958	-1.047925	0.7259889	0.9482299	0.3355825	1.175572	0.6120613	0.2594346	0.9023452	1.144389	0.5711651	0.6229534	-0.05842108	-0.6190101	0.3704663	-0.1772193	0.2599399	-0.6328354	-0.9725313	-0.5253966	0.5518171	-0.5392095	0.1064714	-0.8923423	-0.9787633	-0.1179391	1.015371	1.149808	1.15576	0.2669111	-0.7621038	0.153051	0.7937797	0.2555286	0.4808827	-0.6440355	-0.9120281	-1.154724	1.216345	2.079618	0.9288408	3.70001	3.807	1.276466	0.1850923	0.6023886	0.3449044	-0.3038676	-0.3630847	-0.154789	0.5600318	-0.4770181	-0.02362692	-1.052876	-1.927676	-1.546742	2.12244	1.665929	1.382289	2.4057	0.1871365	1.906197	0.2984048	0.146857	0.4141269	-0.3578358	-0.2515856	0.1299265	0.4019161	-0.4227008	0.04672305	-1.068727	-1.921584	-1.278527	0.977779	0.5711091	1.060097	-0.369465	-0.750845	-0.6733329
777.34375	0.3132076	0.3964141	0.1873162	-0.312411	-1.126824	-0.8000786	0.602533	-0.2945073	0.5405872	-0.8440802	-2.084228	-1.130936	0.6377436	0.9783219	0.5145546	1.430391	0.9247199	1.125685	1.104445	1.211478	0.7642807	1.030559	0.4016611	0.1128353	0.6446338	0.2228167	0.649897	-0.2386747	-0.4610713	-0.2896222	0.5141811	1.018534	-0.8851712	2.154581	1.530598	-0.137121	0.8055202	0.825901	0.6153452	0.1610287	-0.07399875	-0.00139403	0.9003738	0.3319431	0.6630102	-0.7021957	-1.83197	-1.058224	0.6858685	1.062729	0.3473795	1.291643	0.8369733	0.3724914	0.8527377	1.163266	0.5011039	0.7505412	0.1324172	-0.5565249	0.3182472	-0.2041186	0.1926809	-0.5704604	-0.9015976	-0.4910712	0.5353522	-0.4875365	0.1340554	-0.8407378	-0.8555647	-0.04059607	1.003372	1.20854	1.148671	0.3963376	-0.5685424	0.2745409	0.8477517	0.3459422	0.5423458	-0.5302256	-0.8400403	-1.07992	1.129862	1.884085	0.9002589	3.414611	3.606895	1.140348	0.2537223	0.731963	0.4465671	-0.1681897	-0.2485845	-0.04274997	0.5741293	-0.4343739	-0.02223157	-0.9625097	-1.869226	-1.517013	2.199874	1.855966	1.444416	2.31238	0.3485665	1.986076	0.3879907	0.3295097	0.571306	-0.2595515	-0.1276135	0.3160817	0.3154517	-0.5066353	-0.03576479	-1.046831	-1.886174	-1.277699	1.133223	0.8051793	1.16934	-0.1474148	-0.6654783	-0.5383337
779.296875	0.2930616	0.3808867	0.2118643	-0.3385876	-1.113644	-0.7293396	0.5554847	-0.3471719	0.5065597	-0.8689933	-2.078133	-1.134347	0.5237036	1.097699	0.3795075	1.534232	0.9995977	1.255516	1.014989	1.142	0.7265149	0.9790399	0.356921	0.1079949	0.6186835	0.2206334	0.631096	-0.2272425	-0.4435343	-0.2623595	0.6674277	1.025069	-0.8994532	2.184453	1.480674	-0.1154543	0.7548298	0.7207824	0.5977036	0.05485885	-0.1419241	-0.09207152	0.9033939	0.3153354	0.6632248	-0.7261561	-1.830158	-1.050392	0.6514329	1.270716	0.475203	1.447932	1.064987	0.5924128	0.7859677	1.136603	0.4209374	0.829429	0.2816251	-0.4947826	0.2745823	-0.2243374	0.1424321	-0.5003023	-0.8326319	-0.4620687	0.400943	-0.4707839	0.04513313	-0.7750278	-0.6251321	-0.005644477	1.043649	1.338612	1.179941	0.5968244	-0.3419994	0.4035912	0.902175	0.4653215	0.6418843	-0.4066366	-0.7606879	-0.9575167	1.083384	1.842783	1.088339	3.232369	3.495426	1.179601	0.3549231	0.8616878	0.5579946	0.0001212801	-0.1829907	0.05545471	0.5886206	-0.3802407	0.008394453	-0.8664027	-1.812575	-1.46791	2.239106	1.959219	1.360049	2.280863	0.4795473	2.0641	0.4312252	0.4287416	0.6771491	-0.1881001	-0.03443246	0.4452144	0.3513464	-0.3853624	0.0426393	-0.9382494	-1.802048	-1.171256	0.8155187	0.2771848	0.6321119	-0.1176696	-0.7784113	-0.8966558
781.25	0.2787094	0.3330141	0.2561407	-0.3830858	-1.107473	-0.7068444	0.5148484	-0.3942357	0.4739567	-0.8752331	-2.047301	-1.129861	0.5040599	1.220971	0.3640683	1.691845	1.063206	1.398871	0.9809069	1.101537	0.7813269	0.8725461	0.2212061	0.09759981	0.6115732	0.1960059	0.6546916	-0.2850935	-0.5247522	-0.2575701	0.7565059	0.935693	-0.8929579	2.10287	1.299183	-0.1226259	0.7377555	0.6683245	0.6014815	-0.02153439	-0.2083233	-0.1423737	0.9194715	0.3187566	0.6637055	-0.7136706	-1.791488	-1.014108	0.6040752	1.48015	0.6292866	1.608529	1.258851	0.848051	0.7275496	1.093779	0.3633346	0.8810534	0.374085	-0.433793	0.254845	-0.2220488	0.1265198	-0.441217	-0.7691663	-0.4412681	0.2233281	-0.5013022	-0.1064797	-0.7198643	-0.3481166	0.007610685	1.15028	1.536247	1.282206	0.8394141	-0.1336997	0.5349833	0.9686972	0.6193685	0.7791665	-0.2469139	-0.6485443	-0.7768615	1.133521	1.958607	1.408295	3.262955	3.452142	1.30623	0.4781613	0.9814274	0.6757116	0.1647806	-0.1459287	0.145553	0.6072964	-0.3077269	0.06659974	-0.7560011	-1.731218	-1.398068	2.259422	1.998051	1.28071	2.267402	0.5187243	2.140813	0.5517143	0.6301593	0.8579288	-0.07162569	0.0705303	0.5920701	0.3188777	-0.3895423	0.02059309	-0.8514304	-1.751624	-1.137714	1.148635	0.9151084	0.992417	0.3539111	-0.540674	-0.5896316
783.203125	0.3069445	0.3015478	0.3101744	-0.4034662	-1.091989	-0.7247623	0.4947176	-0.4170393	0.4514138	-0.8514377	-1.979526	-1.099343	0.5461665	1.327061	0.4683681	1.79843	1.106138	1.537737	1.02302	1.103007	0.9138291	0.7464694	0.04763452	0.114641	0.6380315	0.1632584	0.7329777	-0.4035935	-0.6815727	-0.2636748	0.7674559	0.7994291	-0.8547204	1.924961	1.050103	-0.1505521	0.7336113	0.6744021	0.6134145	-0.04811431	-0.2350863	-0.1282737	0.9125623	0.3200728	0.6476943	-0.6797951	-1.714685	-0.9585692	0.4985202	1.573826	0.6823519	1.713502	1.395992	1.04726	0.698867	1.076659	0.3475719	0.9364542	0.438382	-0.3674137	0.2545209	-0.2042322	0.1325526	-0.4038638	-0.7180031	-0.4285277	0.08939509	-0.5844001	-0.2378754	-0.7072281	-0.1188185	0.007667507	1.284778	1.753906	1.449778	1.061675	0.0193306	0.6878763	1.063494	0.8096596	0.9452217	-0.02865667	-0.4991253	-0.5440448	1.262829	2.13992	1.673504	3.476322	3.441657	1.398293	0.5926556	1.08603	0.7830614	0.3193359	-0.08482017	0.2506363	0.6308222	-0.225729	0.129996	-0.6254874	-1.620214	-1.323862	2.276124	1.994283	1.302869	2.191408	0.4567264	2.177197	0.5876503	0.6734797	0.8882385	0.01112296	0.1121084	0.6111287	0.3627728	-0.2925675	0.07443397	-0.7080343	-1.666554	-1.047569	0.7816785	0.5177062	0.6139801	0.3951826	-0.6171607	-0.7776532
785.15625	0.3665824	0.3111187	0.3469979	-0.3776196	-1.05231	-0.7495779	0.4799409	-0.4235683	0.4331922	-0.8138198	-1.879985	-1.04383	0.6048493	1.405131	0.6360911	1.7962	1.126552	1.659498	1.130325	1.127273	1.095018	0.6200162	-0.1395153	0.1636208	0.7280116	0.1568109	0.877089	-0.5401198	-0.8703439	-0.2629465	0.7620375	0.715364	-0.7444854	1.715414	0.8174915	-0.1454736	0.7129346	0.7101378	0.6148759	-0.02073981	-0.1922948	-0.06539313	0.8716261	0.3072992	0.6124858	-0.6392424	-1.612623	-0.901549	0.3458728	1.517251	0.5893814	1.746925	1.5133	1.164781	0.6859954	1.103573	0.3556139	1.00552	0.534119	-0.2861931	0.2584779	-0.193093	0.1345573	-0.3909941	-0.6895592	-0.423724	0.05398529	-0.6939273	-0.2848589	-0.745132	-0.01498381	-0.00869008	1.386958	1.922594	1.630128	1.204689	0.1056035	0.8645511	1.192237	1.025513	1.121057	0.2419964	-0.3347346	-0.2869818	1.407554	2.293379	1.75315	3.751452	3.454287	1.40886	0.6753629	1.211767	0.878548	0.4884557	0.05360791	0.411548	0.6430383	-0.1691863	0.1646714	-0.4907719	-1.504564	-1.270408	2.311842	2.038015	1.446993	2.040484	0.3923924	2.185159	0.6244752	0.730693	0.8915836	0.1257573	0.1588109	0.6316029	0.3542331	-0.2998863	0.04980978	-0.5981941	-1.612692	-1.016296	0.7961866	0.8104447	0.7866209	0.6181238	-0.5085719	-0.5146053
787.109375	0.414123	0.3566931	0.351581	-0.308942	-0.9810925	-0.7371565	0.4559878	-0.4225635	0.4120417	-0.774497	-1.76233	-0.9721593	0.6638672	1.463108	0.7757208	1.737834	1.135272	1.752279	1.258046	1.142327	1.28759	0.493232	-0.3385057	0.2148293	0.889757	0.1960307	1.072052	-0.6515271	-1.054327	-0.2537897	0.8142946	0.7480071	-0.5337581	1.536308	0.6480841	-0.05108582	0.6948418	0.7576947	0.6190653	0.05363772	-0.08881711	0.009456803	0.8190191	0.2896809	0.5692126	-0.5916408	-1.499219	-0.853142	0.1935461	1.367373	0.4199986	1.725638	1.64693	1.235432	0.6797521	1.160117	0.3669394	1.074926	0.6709136	-0.2030478	0.2512929	-0.2084412	0.1132916	-0.3966814	-0.682875	-0.4254654	0.107185	-0.7746366	-0.2456591	-0.8130945	-0.04428603	-0.04425027	1.42013	1.996793	1.757079	1.251109	0.1435685	1.033828	1.329093	1.232547	1.276211	0.5152966	-0.186959	-0.04533922	1.493402	2.381619	1.679269	3.946797	3.504263	1.391436	0.6968681	1.3259	0.91778	0.6698828	0.2442432	0.5954874	0.6391114	-0.1377776	0.1700974	-0.3689493	-1.413099	-1.234725	2.283398	2.057928	1.536595	1.809054	0.3998834	2.147574	0.6365127	0.7915627	0.8726753	0.2479928	0.2233492	0.6896129	0.3634533	-0.2691984	0.0572413	-0.4916264	-1.553968	-0.963918	0.7995357	1.064827	0.896687	0.8002692	-0.4058681	-0.28385
789.0625	0.4236469	0.4189073	0.3444922	-0.2129076	-0.875541	-0.6622298	0.4209193	-0.4162889	0.3826907	-0.7320827	-1.639957	-0.8976904	0.6994611	1.48009	0.8120785	1.700122	1.11608	1.783454	1.342703	1.117335	1.457278	0.3512227	-0.5593512	0.2277053	1.084465	0.2602768	1.272057	-0.7293528	-1.224048	-0.2562998	0.9343491	0.865664	-0.2563244	1.406882	0.5313174	0.1340292	0.688543	0.794077	0.6248475	0.1511933	0.03891585	0.06135356	0.783146	0.2822409	0.5277371	-0.5292052	-1.383343	-0.8110849	0.09559181	1.221896	0.2999213	1.684341	1.794142	1.301975	0.6570303	1.207379	0.3585468	1.114445	0.8313744	-0.1276762	0.2305567	-0.2484963	0.0719244	-0.4058716	-0.6847351	-0.4324483	0.2052547	-0.7590492	-0.1583937	-0.8621722	-0.1453008	-0.07436418	1.404863	1.998164	1.798759	1.255318	0.1767735	1.161433	1.42834	1.387082	1.375594	0.7345377	-0.07127719	0.1511897	1.499244	2.42978	1.597078	4.001176	3.580223	1.420716	0.6507835	1.375512	0.8699913	0.8299803	0.4104306	0.7331378	0.6061748	-0.1367151	0.1511174	-0.2849403	-1.363868	-1.205269	2.230873	2.135474	1.57323	1.589876	0.5428303	2.181684	0.7119511	1.013262	0.9845926	0.3980715	0.3503862	0.8953056	0.399861	-0.1600578	0.1237836	-0.388561	-1.481481	-0.8644821	0.5792854	0.8633463	0.6153204	0.8263887	-0.4279919	-0.3933435
791.015625	0.4036482	0.4702413	0.3453912	-0.1051875	-0.7490863	-0.5495555	0.3777228	-0.410272	0.3449084	-0.6876208	-1.530063	-0.8352742	0.703346	1.426847	0.7327018	1.729906	1.046243	1.727129	1.347806	1.059517	1.576183	0.1978548	-0.7773519	0.1978914	1.236626	0.2963886	1.41798	-0.8055051	-1.391636	-0.2963596	1.050535	0.9588373	-0.007602551	1.304369	0.4230177	0.3436322	0.699176	0.8190702	0.6292993	0.250577	0.1556397	0.09090748	0.7842101	0.3004664	0.4986117	-0.4479908	-1.273997	-0.7641772	0.09332064	1.163917	0.3256428	1.661021	1.925452	1.381828	0.6258622	1.21755	0.3367329	1.113332	0.9557815	-0.07571959	0.2032246	-0.2934256	0.02893659	-0.4051883	-0.6719254	-0.4408547	0.2861715	-0.6324893	-0.08211725	-0.8523833	-0.215668	-0.05066044	1.390155	1.982162	1.775176	1.283752	0.2219778	1.229537	1.452445	1.458856	1.398134	0.8687379	0.0150812	0.2958545	1.454429	2.480501	1.634806	3.944946	3.639902	1.528131	0.5862382	1.367294	0.7693451	0.9449797	0.4874912	0.7885423	0.5366128	-0.1627716	0.1144297	-0.2478711	-1.35125	-1.167288	2.174721	2.249699	1.584078	1.429085	0.7588044	2.346353	0.47131	0.7489912	0.7595366	0.3208075	0.3276579	0.868224	0.3182607	-0.2096767	0.06563824	-0.3768513	-1.465999	-0.8452031	0.6693048	1.061549	0.6441242	0.9959579	-0.3649258	-0.3773412
792.96875	0.3914663	0.5048715	0.3664131	0.00932408	-0.6130215	-0.4372455	0.3461223	-0.3961544	0.311894	-0.6303585	-1.435767	-0.7829995	0.6660942	1.283391	0.58784	1.802434	0.9302912	1.601711	1.271396	0.9828003	1.625285	0.04846941	-0.9514757	0.157628	1.275976	0.2521717	1.469117	-0.923802	-1.56809	-0.3807513	1.059567	0.9208212	0.1059837	1.193408	0.2890765	0.4887629	0.7112938	0.8409015	0.6212564	0.3411146	0.2581268	0.129864	0.8026497	0.3368001	0.4731056	-0.3541867	-1.166986	-0.7041504	0.1096477	1.147079	0.4329048	1.636519	1.9957	1.427407	0.6053197	1.19749	0.3243784	1.089307	0.997569	-0.04459924	0.176972	-0.3203874	0.001745513	-0.3926864	-0.6283119	-0.4443844	0.3133396	-0.4555758	-0.05024124	-0.7703369	-0.2011583	0.04181824	1.388352	1.977369	1.722278	1.347525	0.2676666	1.25315	1.386605	1.438736	1.336382	0.923183	0.08619301	0.3976345	1.410553	2.544884	1.778224	3.867617	3.634307	1.671923	0.5299715	1.289245	0.6522153	0.9843301	0.4574421	0.7618918	0.4399718	-0.2027602	0.06669611	-0.2430578	-1.351248	-1.112968	2.181993	2.39465	1.673216	1.339162	0.9328605	2.617679	0.4992274	0.9161376	0.8947946	0.3663033	0.3941471	1.069781	0.2911581	-0.1634704	0.08110293	-0.3564631	-1.442678	-0.7652061	0.489968	0.7299209	0.3462864	0.9079602	-0.5410536	-0.684023
794.921875	0.4043558	0.5259736	0.3844486	0.1288023	-0.4708659	-0.3572752	0.3244087	-0.384786	0.2839754	-0.5686598	-1.356824	-0.7419442	0.6224619	1.087598	0.464294	1.868183	0.8053705	1.467661	1.150705	0.9003411	1.599072	-0.08039273	-1.047656	0.1496211	1.189202	0.1223651	1.424529	-1.093711	-1.735345	-0.4828993	0.909168	0.7369975	0.03852813	1.062462	0.14408	0.5324696	0.7129965	0.8710719	0.6004042	0.4252225	0.368919	0.2102742	0.8069609	0.3743295	0.4407682	-0.2597942	-1.053773	-0.6332878	0.06054624	1.081554	0.4868863	1.577753	1.996921	1.391558	0.6132528	1.182345	0.3423184	1.072084	0.9617154	-0.01641485	0.1591308	-0.3179798	-0.001213626	-0.378166	-0.5601824	-0.4353214	0.2635115	-0.3448718	-0.07587509	-0.653613	-0.1043771	0.1739715	1.363013	1.959334	1.65584	1.391	0.2776743	1.258566	1.246962	1.342628	1.200727	0.9282017	0.1520208	0.468408	1.377279	2.585064	1.894388	3.822233	3.559701	1.786993	0.4993358	1.17538	0.569461	0.95672	0.3673225	0.7161894	0.3231551	-0.2694828	-0.004234649	-0.2578572	-1.350376	-1.059433	2.161048	2.355918	1.722432	1.225026	0.9489042	2.792918	0.3707835	0.77271	0.8037824	0.2988332	0.3167763	1.044906	0.2256826	-0.2100458	0.03627308	-0.3898475	-1.480661	-0.7370771	0.4867021	0.6398283	0.3408328	0.7813966	-0.7624227	-0.7953546
796.875	0.4373076	0.5559019	0.3745543	0.263467	-0.311398	-0.298592	0.3150909	-0.3725833	0.2645679	-0.4994174	-1.273637	-0.7001311	0.5436838	0.8505628	0.3833678	1.833792	0.711464	1.35615	1.027196	0.7987221	1.510505	-0.1957186	-1.079427	0.1837729	1.020266	-0.05632604	1.314374	-1.283024	-1.858668	-0.5634849	0.6411039	0.4931732	-0.1525578	0.9281114	0.03978452	0.5209689	0.6969245	0.9037431	0.5641891	0.5144709	0.5237086	0.3372338	0.768966	0.3908136	0.3876526	-0.1722454	-0.9188804	-0.563735	-0.1470184	0.8509709	0.3308788	1.451545	1.982969	1.256484	0.6480034	1.205349	0.3903034	1.085113	0.9003593	0.02929698	0.1586419	-0.2888836	0.0205474	-0.3736651	-0.4951955	-0.4099683	0.1669633	-0.3673812	-0.1336554	-0.5391846	0.004854896	0.2819444	1.254189	1.870759	1.553264	1.3392	0.2352211	1.257967	1.061178	1.19114	1.009083	0.9055094	0.2082812	0.5069445	1.321118	2.560457	1.843012	3.818233	3.4854	1.852583	0.4897898	1.071225	0.5482402	0.898313	0.2873146	0.721243	0.2058556	-0.3477683	-0.08796898	-0.279858	-1.344533	-1.011699	2.132383	2.223138	1.737972	1.087881	0.8468369	2.807761	0.2844605	0.6216567	0.6988055	0.2539837	0.1902232	0.9505111	0.1530371	-0.3138613	-0.03478644	-0.4636959	-1.578955	-0.7501264	0.6777349	0.8668681	0.6392701	0.6404382	-0.9679287	-0.6181692
798.828125	0.4461838	0.5982282	0.3249894	0.3990832	-0.1245546	-0.2318816	0.3040298	-0.3626655	0.2422213	-0.4275355	-1.165779	-0.6537511	0.5162289	0.7054641	0.3725453	1.767537	0.7094708	1.317162	0.9347368	0.6664774	1.392291	-0.3181381	-1.093393	0.2253927	0.8339807	-0.235588	1.17491	-1.443204	-1.914187	-0.5998074	0.3437463	0.2838242	-0.3617365	0.7962641	0.01072522	0.5334426	0.6864769	0.9353828	0.5275086	0.6188011	0.7301028	0.4871091	0.6999328	0.385739	0.3172281	-0.0832803	-0.7501844	-0.502902	-0.4429473	0.493809	0.00903433	1.287133	2.015772	1.081407	0.6964751	1.267807	0.4517112	1.12084	0.8681951	0.09049594	0.1772085	-0.2473022	0.0578919	-0.3825356	-0.4567447	-0.3693445	0.08324172	-0.4913639	-0.1790477	-0.4664443	0.03728788	0.3215573	1.035632	1.677294	1.379652	1.170339	0.1686486	1.241652	0.849367	0.9994594	0.7812548	0.8559177	0.2485277	0.5070492	1.182162	2.455118	1.595311	3.809878	3.510736	1.910219	0.4670768	0.9719223	0.5403854	0.8453384	0.2521054	0.7740644	0.08951593	-0.4475671	-0.1825431	-0.3244824	-1.35162	-0.9817727	1.965017	1.869897	1.520813	0.8558545	0.6705739	2.553387	0.3627409	0.6804626	0.7465489	0.2979636	0.09253569	0.9271209	0.1213942	-0.3788252	-0.06016721	-0.5439838	-1.703329	-0.7533199	0.7298879	0.8886601	0.7694812	0.3661573	-1.20896	-0.455029
